benchmark,track,split,task_uid,dataset_config,domain,freq,freq_bucket,model,model_role,architecture_family,model_revision,contamination_status,native_metric,native_score,relative_to_naive,task_rank,regret_vs_best_deployable_pct,best_deployable_model,context_mode,actual_context_min,actual_context_median,actual_context_max,future_covariates_used,multivariate_mode,n_windows,n_origins,origin_aggregate,origin_reconciliation_gap,inference_seconds,peak_memory_mb,status,known_columns_used,known_columns_skipped,n_targets_x,notes,extra_metrics,summary,run_at_utc,horizon,num_windows,seasonality,median_length,n_series,n_targets_y,n_known_cov,n_past_cov,is_multivariate,has_known_cov,has_past_cov,horizon_to_median_length
fev-bench,C,confirmation,fevbench::epf_be::epf_be,epf_be,energy,H,hourly,chronos-2,primary,transformer_encoder,29ec3766d36d6f73f0696f85560a422f50e8498c,OVERLAP_RISK_UNKNOWN,SQL,0.5032959083344186,0.5158571660582787,2.0,0.41016246353887137,timesfm-3.0,native_default,51936,52164,52392,True,targets_only,20,20,0.5032959073781967,1.8999198356690907e-09,1.004077900055563,525.06884765625,OK,"[""Generation forecast"", ""System load forecast""]",[],1,"{""entry_point"": ""Chronos2Pipeline.predict_quantiles"", ""batch_size"": 256, ""default_context_length"": 2048}","{""MASE"": 0.647025321108592, ""WAPE"": 0.1155560121333741, ""WQL"": 0.09015685335309732}","{""model_name"": ""chronos-2"", ""dataset_path"": ""autogluon/fev_datasets"", ""dataset_config"": ""epf_be"", ""horizon"": 24, ""num_windows"": 20, ""initial_cutoff"": -480, ""window_step_size"": 24, ""min_context_length"": 1, ""seasonality"": 24, ""eval_metric"": ""SQL"", ""id_column"": ""id"", ""timestamp_column"": ""timestamp"", ""target"": ""target"", ""task_name"": ""epf_be"", ""test_error"": 0.5032959083344186, ""inference_time_s"": 1.004077900055563, ""num_forecasts"": 20, ""dataset_fingerprint"": ""2b9df413e5ec356e"", ""trained_on_this_dataset"": false, ""fev_version"": ""0.10.0"", ""SQL"": 0.5032959083344186, ""MASE"": 0.647025321108592, ""WAPE"": 0.1155560121333741, ""WQL"": 0.09015685335309732}",2026-09-07T03:14:27.077289+00:00,24,20,24,52416,1,1,2,0,False,True,False,0.000458
fev-bench,C,confirmation,fevbench::epf_be::epf_be,epf_be,energy,H,hourly,chronos-2-synth,diagnostic,transformer_encoder,3607918a9fd027d5c465d8213e46b98e2c041cea,SYNTH_ONLY_DIAGNOSTIC,SQL,0.5431588102193357,0.5567149661251708,4.0,8.363019596390915,timesfm-3.0,native_default,51936,52164,52392,True,targets_only,20,20,0.5431588143110275,7.533140947407536e-09,1.031417899968801,523.19287109375,OK,"[""Generation forecast"", ""System load forecast""]",[],1,"{""entry_point"": ""Chronos2Pipeline.predict_quantiles"", ""batch_size"": 256, ""default_context_length"": 2048}","{""MASE"": 0.6963791687193611, ""WAPE"": 0.124304857260459, ""WQL"": 0.09723467186034356}","{""model_name"": ""chronos-2-synth"", ""dataset_path"": ""autogluon/fev_datasets"", ""dataset_config"": ""epf_be"", ""horizon"": 24, ""num_windows"": 20, ""initial_cutoff"": -480, ""window_step_size"": 24, ""min_context_length"": 1, ""seasonality"": 24, ""eval_metric"": ""SQL"", ""id_column"": ""id"", ""timestamp_column"": ""timestamp"", ""target"": ""target"", ""task_name"": ""epf_be"", ""test_error"": 0.5431588102193357, ""inference_time_s"": 1.031417899968801, ""num_forecasts"": 20, ""dataset_fingerprint"": ""2b9df413e5ec356e"", ""trained_on_this_dataset"": false, ""fev_version"": ""0.10.0"", ""SQL"": 0.5431588102193357, ""MASE"": 0.6963791687193611, ""WAPE"": 0.124304857260459, ""WQL"": 0.09723467186034356}",2026-09-07T03:28:11.339092+00:00,24,20,24,52416,1,1,2,0,False,True,False,0.000458
fev-bench,C,confirmation,fevbench::epf_be::epf_be,epf_be,energy,H,hourly,linear-ar-specialist,baseline,baseline,,NOT_APPLICABLE,SQL,1.0868839198971374,1.1140103654089408,6.0,116.83901889256872,timesfm-3.0,native_default,51936,52164,52392,True,targets_only,20,20,1.0868839174509048,2.250684277387278e-09,0.2889565000368748,,OK,"[""Generation forecast"", ""System load forecast""]",[],1,"{""estimator"": ""linear_ar_specialist"", ""seasonality"": 24, ""ridge_alpha"": 1.0, ""fitted_on"": ""visible history of each series only""}","{""MASE"": 1.3584856587490135, ""WAPE"": 0.22826034182358906, ""WQL"": 0.1849448495948922}","{""model_name"": ""linear-ar-specialist"", ""dataset_path"": ""autogluon/fev_datasets"", ""dataset_config"": ""epf_be"", ""horizon"": 24, ""num_windows"": 20, ""initial_cutoff"": -480, ""window_step_size"": 24, ""min_context_length"": 1, ""seasonality"": 24, ""eval_metric"": ""SQL"", ""id_column"": ""id"", ""timestamp_column"": ""timestamp"", ""target"": ""target"", ""task_name"": ""epf_be"", ""test_error"": 1.0868839198971374, ""inference_time_s"": 0.2889565000368748, ""num_forecasts"": 20, ""dataset_fingerprint"": ""2b9df413e5ec356e"", ""trained_on_this_dataset"": true, ""fev_version"": ""0.10.0"", ""SQL"": 1.0868839198971374, ""MASE"": 1.3584856587490135, ""WAPE"": 0.22826034182358906, ""WQL"": 0.1849448495948922}",2026-09-07T03:29:57.956149+00:00,24,20,24,52416,1,1,2,0,False,True,False,0.000458
fev-bench,C,confirmation,fevbench::epf_be::epf_be,epf_be,energy,H,hourly,seasonal-naive,baseline,baseline,,NOT_APPLICABLE,SQL,0.9756497368838704,1.0,5.0,94.64721839726288,timesfm-3.0,native_default,51936,52164,52392,True,targets_only,20,20,0.9756497412919998,4.518147497403188e-09,0.005624399957014248,,OK,"[""Generation forecast"", ""System load forecast""]",[],1,"{""estimator"": ""seasonal_naive"", ""seasonality"": 24}","{""MASE"": 1.0270532222597004, ""WAPE"": 0.18400444965776305, ""WQL"": 0.17301191589831252}","{""model_name"": ""seasonal-naive"", ""dataset_path"": ""autogluon/fev_datasets"", ""dataset_config"": ""epf_be"", ""horizon"": 24, ""num_windows"": 20, ""initial_cutoff"": -480, ""window_step_size"": 24, ""min_context_length"": 1, ""seasonality"": 24, ""eval_metric"": ""SQL"", ""id_column"": ""id"", ""timestamp_column"": ""timestamp"", ""target"": ""target"", ""task_name"": ""epf_be"", ""test_error"": 0.9756497368838704, ""inference_time_s"": 0.005624399957014248, ""num_forecasts"": 20, ""dataset_fingerprint"": ""2b9df413e5ec356e"", ""trained_on_this_dataset"": false, ""fev_version"": ""0.10.0"", ""SQL"": 0.9756497368838704, ""MASE"": 1.0270532222597004, ""WAPE"": 0.18400444965776305, ""WQL"": 0.17301191589831252}",2026-09-07T03:29:02.336491+00:00,24,20,24,52416,1,1,2,0,False,True,False,0.000458
fev-bench,C,confirmation,fevbench::epf_be::epf_be,epf_be,energy,H,hourly,timesfm-3.0,primary,transformer_patch_variate,43046b85ec22d584a13f8098c2ed39c889e129c2,CLEAN_BY_OFFICIAL_EXCLUSION,SQL,0.5012400099613188,0.5137499565799405,1.0,0.0,timesfm-3.0,native_default,51936,52164,52392,True,targets_only,20,20,0.5012400023639202,1.5157207022859776e-08,16.57894470001338,1561.6318359375,OK,"[""Generation forecast"", ""System load forecast""]",[],1,"{""entry_point"": ""TimesFM3Evaluator.predict_batch"", ""per_core_batch_size"": 32, ""univariate_flag"": false}","{""MASE"": 0.6359132521998416, ""WAPE"": 0.11395049265081172, ""WQL"": 0.08980375334877437}","{""model_name"": ""timesfm-3.0"", ""dataset_path"": ""autogluon/fev_datasets"", ""dataset_config"": ""epf_be"", ""horizon"": 24, ""num_windows"": 20, ""initial_cutoff"": -480, ""window_step_size"": 24, ""min_context_length"": 1, ""seasonality"": 24, ""eval_metric"": ""SQL"", ""id_column"": ""id"", ""timestamp_column"": ""timestamp"", ""target"": ""target"", ""task_name"": ""epf_be"", ""test_error"": 0.5012400099613188, ""inference_time_s"": 16.57894470001338, ""num_forecasts"": 20, ""dataset_fingerprint"": ""2b9df413e5ec356e"", ""trained_on_this_dataset"": false, ""fev_version"": ""0.10.0"", ""SQL"": 0.5012400099613188, ""MASE"": 0.6359132521998416, ""WAPE"": 0.11395049265081172, ""WQL"": 0.08980375334877437}",2026-09-07T03:25:53.266823+00:00,24,20,24,52416,1,1,2,0,False,True,False,0.000458
fev-bench,C,confirmation,fevbench::epf_be::epf_be,epf_be,energy,H,hourly,tirex-2,primary,recurrent_xlstm,05e5b26db52bfb256f1ae1bdf785589850482de3,OVERLAP_RISK_UNKNOWN,SQL,0.5322590754014583,0.5455431957594143,3.0,6.188465570123447,timesfm-3.0,native_default,51936,52164,52392,True,targets_only,20,20,0.5322590783238411,5.490526916818677e-09,7.500895700039109,336.7109375,OK,"[""Generation forecast"", ""System load forecast""]",[],1,"{""entry_point"": ""tirex2.ForecastModel.forecast"", ""batch_size"": 256, ""native_pytorch_kernels"": true, ""point_forecast"": ""median quantile (model emits no separate mean)""}","{""MASE"": 0.6670260128810929, ""WAPE"": 0.12041829750054889, ""WQL"": 0.09582620646740889}","{""model_name"": ""tirex-2"", ""dataset_path"": ""autogluon/fev_datasets"", ""dataset_config"": ""epf_be"", ""horizon"": 24, ""num_windows"": 20, ""initial_cutoff"": -480, ""window_step_size"": 24, ""min_context_length"": 1, ""seasonality"": 24, ""eval_metric"": ""SQL"", ""id_column"": ""id"", ""timestamp_column"": ""timestamp"", ""target"": ""target"", ""task_name"": ""epf_be"", ""test_error"": 0.5322590754014583, ""inference_time_s"": 7.500895700039109, ""num_forecasts"": 20, ""dataset_fingerprint"": ""2b9df413e5ec356e"", ""trained_on_this_dataset"": false, ""fev_version"": ""0.10.0"", ""SQL"": 0.5322590754014583, ""MASE"": 0.6670260128810929, ""WAPE"": 0.12041829750054889, ""WQL"": 0.09582620646740889}",2026-09-07T03:18:17.633962+00:00,24,20,24,52416,1,1,2,0,False,True,False,0.000458
fev-bench,C,confirmation,fevbench::favorita_stores_1D::favorita_stores_1D,favorita_stores_1D,retail,D,daily_or_coarser,chronos-2,primary,transformer_encoder,29ec3766d36d6f73f0696f85560a422f50e8498c,OVERLAP_RISK_UNKNOWN,SQL,0.9443998932604851,0.5720412988083352,3.0,3.9625718420171863,timesfm-3.0,native_default,1408,1534,1660,True,targets_only,10,15790,0.9443998937384904,5.061471368413108e-10,79.58290849998593,1868.6904296875,OK,"[""onpromotion""]","[""holiday""]",1,"{""entry_point"": ""Chronos2Pipeline.predict_quantiles"", ""batch_size"": 256, ""default_context_length"": 2048}","{""MASE"": 1.1694211883381675, ""WAPE"": 0.14874281449266036, ""WQL"": 0.12014221305737993}","{""model_name"": ""chronos-2"", ""dataset_path"": ""autogluon/fev_datasets"", ""dataset_config"": ""favorita_stores_1D"", ""horizon"": 28, ""num_windows"": 10, ""initial_cutoff"": -280, ""window_step_size"": 28, ""min_context_length"": 1, ""seasonality"": 7, ""eval_metric"": ""SQL"", ""id_column"": ""id"", ""timestamp_column"": ""timestamp"", ""target"": ""sales"", ""task_name"": ""favorita_stores_1D"", ""test_error"": 0.9443998932604851, ""inference_time_s"": 79.58290849998593, ""num_forecasts"": 15790, ""dataset_fingerprint"": ""2f332ce1cd71d139"", ""trained_on_this_dataset"": false, ""fev_version"": ""0.10.0"", ""SQL"": 0.9443998932604851, ""MASE"": 1.1694211883381675, ""WAPE"": 0.14874281449266036, ""WQL"": 0.12014221305737993}",2026-09-07T03:14:18.999508+00:00,28,10,7,1688,1579,1,2,1,False,True,True,0.016588
fev-bench,C,confirmation,fevbench::favorita_stores_1D::favorita_stores_1D,favorita_stores_1D,retail,D,daily_or_coarser,chronos-2-synth,diagnostic,transformer_encoder,3607918a9fd027d5c465d8213e46b98e2c041cea,SYNTH_ONLY_DIAGNOSTIC,SQL,0.9365210002428542,0.5672689007732008,2.0,3.0952380068204346,timesfm-3.0,native_default,1408,1534,1660,True,targets_only,10,15790,0.9365210001432102,1.0639811680304343e-10,81.99392170002102,1866.373046875,OK,"[""onpromotion""]","[""holiday""]",1,"{""entry_point"": ""Chronos2Pipeline.predict_quantiles"", ""batch_size"": 256, ""default_context_length"": 2048}","{""MASE"": 1.161291879488236, ""WAPE"": 0.14549615690194537, ""WQL"": 0.11751615338439432}","{""model_name"": ""chronos-2-synth"", ""dataset_path"": ""autogluon/fev_datasets"", ""dataset_config"": ""favorita_stores_1D"", ""horizon"": 28, ""num_windows"": 10, ""initial_cutoff"": -280, ""window_step_size"": 28, ""min_context_length"": 1, ""seasonality"": 7, ""eval_metric"": ""SQL"", ""id_column"": ""id"", ""timestamp_column"": ""timestamp"", ""target"": ""sales"", ""task_name"": ""favorita_stores_1D"", ""test_error"": 0.9365210002428542, ""inference_time_s"": 81.99392170002102, ""num_forecasts"": 15790, ""dataset_fingerprint"": ""2f332ce1cd71d139"", ""trained_on_this_dataset"": false, ""fev_version"": ""0.10.0"", ""SQL"": 0.9365210002428542, ""MASE"": 1.161291879488236, ""WAPE"": 0.14549615690194537, ""WQL"": 0.11751615338439432}",2026-09-07T03:28:03.012160+00:00,28,10,7,1688,1579,1,2,1,False,True,True,0.016588
fev-bench,C,confirmation,fevbench::favorita_stores_1D::favorita_stores_1D,favorita_stores_1D,retail,D,daily_or_coarser,linear-ar-specialist,baseline,baseline,,NOT_APPLICABLE,SQL,1.2930097235034583,0.7832010220279774,5.0,42.33866101791051,timesfm-3.0,native_default,1408,1534,1660,True,targets_only,10,15790,1.293009723197289,2.3678809722773864e-10,5.62936340001761,,OK,"[""onpromotion""]","[""holiday""]",1,"{""estimator"": ""linear_ar_specialist"", ""seasonality"": 7, ""ridge_alpha"": 1.0, ""fitted_on"": ""visible history of each series only""}","{""MASE"": 1.5074320495445748, ""WAPE"": 0.2318982069301533, ""WQL"": 0.19715959380992565}","{""model_name"": ""linear-ar-specialist"", ""dataset_path"": ""autogluon/fev_datasets"", ""dataset_config"": ""favorita_stores_1D"", ""horizon"": 28, ""num_windows"": 10, ""initial_cutoff"": -280, ""window_step_size"": 28, ""min_context_length"": 1, ""seasonality"": 7, ""eval_metric"": ""SQL"", ""id_column"": ""id"", ""timestamp_column"": ""timestamp"", ""target"": ""sales"", ""task_name"": ""favorita_stores_1D"", ""test_error"": 1.2930097235034583, ""inference_time_s"": 5.62936340001761, ""num_forecasts"": 15790, ""dataset_fingerprint"": ""2f332ce1cd71d139"", ""trained_on_this_dataset"": true, ""fev_version"": ""0.10.0"", ""SQL"": 1.2930097235034583, ""MASE"": 1.5074320495445748, ""WAPE"": 0.2318982069301533, ""WQL"": 0.19715959380992565}",2026-09-07T03:29:50.789476+00:00,28,10,7,1688,1579,1,2,1,False,True,True,0.016588
fev-bench,C,confirmation,fevbench::favorita_stores_1D::favorita_stores_1D,favorita_stores_1D,retail,D,daily_or_coarser,seasonal-naive,baseline,baseline,,NOT_APPLICABLE,SQL,1.650929566148178,1.0,6.0,81.73962624480068,timesfm-3.0,native_default,1408,1534,1660,True,targets_only,10,15790,1.6509295656607073,2.952704588030427e-10,0.9865571999980602,,OK,"[""onpromotion""]","[""holiday""]",1,"{""estimator"": ""seasonal_naive"", ""seasonality"": 7}","{""MASE"": 1.7590444109038466, ""WAPE"": 0.2519854288947492, ""WQL"": 0.23214103001882141}","{""model_name"": ""seasonal-naive"", ""dataset_path"": ""autogluon/fev_datasets"", ""dataset_config"": ""favorita_stores_1D"", ""horizon"": 28, ""num_windows"": 10, ""initial_cutoff"": -280, ""window_step_size"": 28, ""min_context_length"": 1, ""seasonality"": 7, ""eval_metric"": ""SQL"", ""id_column"": ""id"", ""timestamp_column"": ""timestamp"", ""target"": ""sales"", ""task_name"": ""favorita_stores_1D"", ""test_error"": 1.650929566148178, ""inference_time_s"": 0.9865571999980602, ""num_forecasts"": 15790, ""dataset_fingerprint"": ""2f332ce1cd71d139"", ""trained_on_this_dataset"": false, ""fev_version"": ""0.10.0"", ""SQL"": 1.650929566148178, ""MASE"": 1.7590444109038466, ""WAPE"": 0.2519854288947492, ""WQL"": 0.23214103001882141}",2026-09-07T03:28:55.282274+00:00,28,10,7,1688,1579,1,2,1,False,True,True,0.016588
fev-bench,C,confirmation,fevbench::favorita_stores_1D::favorita_stores_1D,favorita_stores_1D,retail,D,daily_or_coarser,timesfm-3.0,primary,transformer_patch_variate,43046b85ec22d584a13f8098c2ed39c889e129c2,CLEAN_BY_OFFICIAL_EXCLUSION,SQL,0.90840374235413,0.5502377333235045,1.0,0.0,timesfm-3.0,native_default,1408,1534,1660,True,targets_only,10,15790,0.9084037419944344,3.9596447027070747e-10,387.4550412999524,1482.41162109375,OK,"[""onpromotion""]","[""holiday""]",1,"{""entry_point"": ""TimesFM3Evaluator.predict_batch"", ""per_core_batch_size"": 32, ""univariate_flag"": false}","{""MASE"": 1.1293532413340484, ""WAPE"": 0.141207407699189, ""WQL"": 0.11445696036444872}","{""model_name"": ""timesfm-3.0"", ""dataset_path"": ""autogluon/fev_datasets"", ""dataset_config"": ""favorita_stores_1D"", ""horizon"": 28, ""num_windows"": 10, ""initial_cutoff"": -280, ""window_step_size"": 28, ""min_context_length"": 1, ""seasonality"": 7, ""eval_metric"": ""SQL"", ""id_column"": ""id"", ""timestamp_column"": ""timestamp"", ""target"": ""sales"", ""task_name"": ""favorita_stores_1D"", ""test_error"": 0.90840374235413, ""inference_time_s"": 387.4550412999524, ""num_forecasts"": 15790, ""dataset_fingerprint"": ""2f332ce1cd71d139"", ""trained_on_this_dataset"": false, ""fev_version"": ""0.10.0"", ""SQL"": 0.90840374235413, ""MASE"": 1.1293532413340484, ""WAPE"": 0.141207407699189, ""WQL"": 0.11445696036444872}",2026-09-07T03:25:29.752102+00:00,28,10,7,1688,1579,1,2,1,False,True,True,0.016588
fev-bench,C,confirmation,fevbench::favorita_stores_1D::favorita_stores_1D,favorita_stores_1D,retail,D,daily_or_coarser,tirex-2,primary,recurrent_xlstm,05e5b26db52bfb256f1ae1bdf785589850482de3,OVERLAP_RISK_UNKNOWN,SQL,0.9621064924736812,0.5827665287492513,4.0,5.911771122868824,timesfm-3.0,native_default,1408,1534,1660,True,targets_only,10,15790,0.9621064926175892,1.4957595417564355e-10,170.69881610004813,2102.09521484375,OK,"[""onpromotion""]","[""holiday""]",1,"{""entry_point"": ""tirex2.ForecastModel.forecast"", ""batch_size"": 256, ""native_pytorch_kernels"": true, ""point_forecast"": ""median quantile (model emits no separate mean)""}","{""MASE"": 1.1887295597161227, ""WAPE"": 0.15746842675405362, ""WQL"": 0.12793307140667237}","{""model_name"": ""tirex-2"", ""dataset_path"": ""autogluon/fev_datasets"", ""dataset_config"": ""favorita_stores_1D"", ""horizon"": 28, ""num_windows"": 10, ""initial_cutoff"": -280, ""window_step_size"": 28, ""min_context_length"": 1, ""seasonality"": 7, ""eval_metric"": ""SQL"", ""id_column"": ""id"", ""timestamp_column"": ""timestamp"", ""target"": ""sales"", ""task_name"": ""favorita_stores_1D"", ""test_error"": 0.9621064924736812, ""inference_time_s"": 170.69881610004813, ""num_forecasts"": 15790, ""dataset_fingerprint"": ""2f332ce1cd71d139"", ""trained_on_this_dataset"": false, ""fev_version"": ""0.10.0"", ""SQL"": 0.9621064924736812, ""MASE"": 1.1887295597161227, ""WAPE"": 0.15746842675405362, ""WQL"": 0.12793307140667237}",2026-09-07T03:18:02.712302+00:00,28,10,7,1688,1579,1,2,1,False,True,True,0.016588
fev-bench,C,discovery,fevbench::entsoe_1H::entsoe_1H,entsoe_1H,energy,H,hourly,chronos-2,primary,transformer_encoder,29ec3766d36d6f73f0696f85560a422f50e8498c,OVERLAP_RISK_UNKNOWN,SQL,0.41698210997806695,0.388261782844751,2.0,23.475571233392284,timesfm-3.0,native_default,40462,42058,43654,True,targets_only,20,120,0.41698210941006747,1.3621675059696557e-09,6.7996704999532085,950.32421875,OK,"[""radiation_diffuse_horizontal"", ""radiation_direct_horizontal"", ""temperature""]",[],1,"{""entry_point"": ""Chronos2Pipeline.predict_quantiles"", ""batch_size"": 256, ""default_context_length"": 2048}","{""MASE"": 0.5202832389274319, ""WAPE"": 0.030458453987685485, ""WQL"": 0.024571131822055878}","{""model_name"": ""chronos-2"", ""dataset_path"": ""autogluon/fev_datasets"", ""dataset_config"": ""entsoe_1H"", ""horizon"": 168, ""num_windows"": 20, ""initial_cutoff"": -3360, ""window_step_size"": 168, ""min_context_length"": 1, ""seasonality"": 24, ""eval_metric"": ""SQL"", ""id_column"": ""id"", ""timestamp_column"": ""timestamp"", ""target"": ""target"", ""task_name"": ""entsoe_1H"", ""test_error"": 0.41698210997806695, ""inference_time_s"": 6.7996704999532085, ""num_forecasts"": 120, ""dataset_fingerprint"": ""c1b23331fc6093bc"", ""trained_on_this_dataset"": false, ""fev_version"": ""0.10.0"", ""SQL"": 0.41698210997806695, ""MASE"": 0.5202832389274319, ""WAPE"": 0.030458453987685485, ""WQL"": 0.024571131822055878}",2026-09-07T02:25:32.743961+00:00,168,20,24,43822,6,1,3,0,False,True,False,0.003834
fev-bench,C,discovery,fevbench::entsoe_1H::entsoe_1H,entsoe_1H,energy,H,hourly,chronos-2-synth,diagnostic,transformer_encoder,3607918a9fd027d5c465d8213e46b98e2c041cea,SYNTH_ONLY_DIAGNOSTIC,SQL,0.4340844316714687,0.4041861540649309,3.0,28.53986269812945,timesfm-3.0,native_default,40462,42058,43654,True,targets_only,20,120,0.4340844304611286,2.788259650908584e-09,16.105040199909126,948.4482421875,OK,"[""radiation_diffuse_horizontal"", ""radiation_direct_horizontal"", ""temperature""]",[],1,"{""entry_point"": ""Chronos2Pipeline.predict_quantiles"", ""batch_size"": 256, ""default_context_length"": 2048}","{""MASE"": 0.5313953294474577, ""WAPE"": 0.03169656546562717, ""WQL"": 0.02643925122868502}","{""model_name"": ""chronos-2-synth"", ""dataset_path"": ""autogluon/fev_datasets"", ""dataset_config"": ""entsoe_1H"", ""horizon"": 168, ""num_windows"": 20, ""initial_cutoff"": -3360, ""window_step_size"": 168, ""min_context_length"": 1, ""seasonality"": 24, ""eval_metric"": ""SQL"", ""id_column"": ""id"", ""timestamp_column"": ""timestamp"", ""target"": ""target"", ""task_name"": ""entsoe_1H"", ""test_error"": 0.4340844316714687, ""inference_time_s"": 16.105040199909126, ""num_forecasts"": 120, ""dataset_fingerprint"": ""c1b23331fc6093bc"", ""trained_on_this_dataset"": false, ""fev_version"": ""0.10.0"", ""SQL"": 0.4340844316714687, ""MASE"": 0.5313953294474577, ""WAPE"": 0.03169656546562717, ""WQL"": 0.02643925122868502}",2026-09-07T02:41:27.492522+00:00,168,20,24,43822,6,1,3,0,False,True,False,0.003834
fev-bench,C,discovery,fevbench::entsoe_1H::entsoe_1H,entsoe_1H,energy,H,hourly,linear-ar-specialist,baseline,baseline,,NOT_APPLICABLE,SQL,0.9794026680574028,0.9119447019990253,5.0,190.01796722707667,timesfm-3.0,native_default,40462,42058,43654,True,targets_only,20,120,0.9794026672840118,7.896558209588927e-10,9.595634700002847,,OK,"[""radiation_diffuse_horizontal"", ""radiation_direct_horizontal"", ""temperature""]",[],1,"{""estimator"": ""linear_ar_specialist"", ""seasonality"": 24, ""ridge_alpha"": 1.0, ""fitted_on"": ""visible history of each series only""}","{""MASE"": 1.2499313001674683, ""WAPE"": 0.0904737250981851, ""WQL"": 0.07035099757268977}","{""model_name"": ""linear-ar-specialist"", ""dataset_path"": ""autogluon/fev_datasets"", ""dataset_config"": ""entsoe_1H"", ""horizon"": 168, ""num_windows"": 20, ""initial_cutoff"": -3360, ""window_step_size"": 168, ""min_context_length"": 1, ""seasonality"": 24, ""eval_metric"": ""SQL"", ""id_column"": ""id"", ""timestamp_column"": ""timestamp"", ""target"": ""target"", ""task_name"": ""entsoe_1H"", ""test_error"": 0.9794026680574028, ""inference_time_s"": 9.595634700002847, ""num_forecasts"": 120, ""dataset_fingerprint"": ""c1b23331fc6093bc"", ""trained_on_this_dataset"": true, ""fev_version"": ""0.10.0"", ""SQL"": 0.9794026680574028, ""MASE"": 1.2499313001674683, ""WAPE"": 0.0904737250981851, ""WQL"": 0.07035099757268977}",2026-09-07T02:42:39.423678+00:00,168,20,24,43822,6,1,3,0,False,True,False,0.003834
fev-bench,C,discovery,fevbench::entsoe_1H::entsoe_1H,entsoe_1H,energy,H,hourly,seasonal-naive,baseline,baseline,,NOT_APPLICABLE,SQL,1.073971553220833,1.0,6.0,218.02143988702798,timesfm-3.0,native_default,40462,42058,43654,True,targets_only,20,120,1.0739715531468392,6.889726253372449e-11,0.019270199991296977,,OK,"[""radiation_diffuse_horizontal"", ""radiation_direct_horizontal"", ""temperature""]",[],1,"{""estimator"": ""seasonal_naive"", ""seasonality"": 24}","{""MASE"": 1.1014887288765456, ""WAPE"": 0.07924501159594827, ""WQL"": 0.08091814364366799}","{""model_name"": ""seasonal-naive"", ""dataset_path"": ""autogluon/fev_datasets"", ""dataset_config"": ""entsoe_1H"", ""horizon"": 168, ""num_windows"": 20, ""initial_cutoff"": -3360, ""window_step_size"": 168, ""min_context_length"": 1, ""seasonality"": 24, ""eval_metric"": ""SQL"", ""id_column"": ""id"", ""timestamp_column"": ""timestamp"", ""target"": ""target"", ""task_name"": ""entsoe_1H"", ""test_error"": 1.073971553220833, ""inference_time_s"": 0.019270199991296977, ""num_forecasts"": 120, ""dataset_fingerprint"": ""c1b23331fc6093bc"", ""trained_on_this_dataset"": false, ""fev_version"": ""0.10.0"", ""SQL"": 1.073971553220833, ""MASE"": 1.1014887288765456, ""WAPE"": 0.07924501159594827, ""WQL"": 0.08091814364366799}",2026-09-07T02:41:51.880806+00:00,168,20,24,43822,6,1,3,0,False,True,False,0.003834
fev-bench,C,discovery,fevbench::entsoe_1H::entsoe_1H,entsoe_1H,energy,H,hourly,timesfm-3.0,primary,transformer_patch_variate,43046b85ec22d584a13f8098c2ed39c889e129c2,CLEAN_BY_OFFICIAL_EXCLUSION,SQL,0.33770413516847925,0.31444420865311284,1.0,0.0,timesfm-3.0,native_default,40462,42058,43654,True,targets_only,20,120,0.3377041350429256,3.717858621752959e-10,55.99722480005585,3594.71923828125,OK,"[""radiation_diffuse_horizontal"", ""radiation_direct_horizontal"", ""temperature""]",[],1,"{""entry_point"": ""TimesFM3Evaluator.predict_batch"", ""per_core_batch_size"": 32, ""univariate_flag"": false}","{""MASE"": 0.42305500490162434, ""WAPE"": 0.02258564314713808, ""WQL"": 0.017858600142697686}","{""model_name"": ""timesfm-3.0"", ""dataset_path"": ""autogluon/fev_datasets"", ""dataset_config"": ""entsoe_1H"", ""horizon"": 168, ""num_windows"": 20, ""initial_cutoff"": -3360, ""window_step_size"": 168, ""min_context_length"": 1, ""seasonality"": 24, ""eval_metric"": ""SQL"", ""id_column"": ""id"", ""timestamp_column"": ""timestamp"", ""target"": ""target"", ""task_name"": ""entsoe_1H"", ""test_error"": 0.33770413516847925, ""inference_time_s"": 55.99722480005585, ""num_forecasts"": 120, ""dataset_fingerprint"": ""c1b23331fc6093bc"", ""trained_on_this_dataset"": false, ""fev_version"": ""0.10.0"", ""SQL"": 0.33770413516847925, ""MASE"": 0.42305500490162434, ""WAPE"": 0.02258564314713808, ""WQL"": 0.017858600142697686}",2026-09-07T02:39:09.430348+00:00,168,20,24,43822,6,1,3,0,False,True,False,0.003834
fev-bench,C,discovery,fevbench::entsoe_1H::entsoe_1H,entsoe_1H,energy,H,hourly,tirex-2,primary,recurrent_xlstm,05e5b26db52bfb256f1ae1bdf785589850482de3,OVERLAP_RISK_UNKNOWN,SQL,0.4819655082723554,0.44876934293738446,4.0,42.718272618102446,timesfm-3.0,native_default,40462,42058,43654,True,targets_only,20,120,0.4819655080636342,4.330625395430092e-10,13.306854699971154,420.9765625,OK,"[""radiation_diffuse_horizontal"", ""radiation_direct_horizontal"", ""temperature""]",[],1,"{""entry_point"": ""tirex2.ForecastModel.forecast"", ""batch_size"": 256, ""native_pytorch_kernels"": true, ""point_forecast"": ""median quantile (model emits no separate mean)""}","{""MASE"": 0.6001335662048903, ""WAPE"": 0.037369487523362735, ""WQL"": 0.030093794870898045}","{""model_name"": ""tirex-2"", ""dataset_path"": ""autogluon/fev_datasets"", ""dataset_config"": ""entsoe_1H"", ""horizon"": 168, ""num_windows"": 20, ""initial_cutoff"": -3360, ""window_step_size"": 168, ""min_context_length"": 1, ""seasonality"": 24, ""eval_metric"": ""SQL"", ""id_column"": ""id"", ""timestamp_column"": ""timestamp"", ""target"": ""target"", ""task_name"": ""entsoe_1H"", ""test_error"": 0.4819655082723554, ""inference_time_s"": 13.306854699971154, ""num_forecasts"": 120, ""dataset_fingerprint"": ""c1b23331fc6093bc"", ""trained_on_this_dataset"": false, ""fev_version"": ""0.10.0"", ""SQL"": 0.4819655082723554, ""MASE"": 0.6001335662048903, ""WAPE"": 0.037369487523362735, ""WQL"": 0.030093794870898045}",2026-09-07T02:26:43.287887+00:00,168,20,24,43822,6,1,3,0,False,True,False,0.003834
fev-bench,C,discovery,fevbench::hermes::hermes,hermes,retail,W,daily_or_coarser,chronos-2,primary,transformer_encoder,29ec3766d36d6f73f0696f85560a422f50e8498c,OVERLAP_RISK_UNKNOWN,SQL,0.6038103031084556,0.2813460951924447,3.0,0.8496009126471523,timesfm-3.0,native_default,209,209,209,True,targets_only,1,10000,0.6038103032648563,2.590228576549018e-10,11.277080699976068,717.62255859375,OK,"[""external""]",[],1,"{""entry_point"": ""Chronos2Pipeline.predict_quantiles"", ""batch_size"": 256, ""default_context_length"": 2048}","{""MASE"": 0.7708248905762844, ""WAPE"": 0.002852269809830876, ""WQL"": 0.0022313343504654164}","{""model_name"": ""chronos-2"", ""dataset_path"": ""autogluon/fev_datasets"", ""dataset_config"": ""hermes"", ""horizon"": 52, ""num_windows"": 1, ""initial_cutoff"": -52, ""window_step_size"": 52, ""min_context_length"": 1, ""seasonality"": 1, ""eval_metric"": ""SQL"", ""id_column"": ""id"", ""timestamp_column"": ""timestamp"", ""target"": ""target"", ""task_name"": ""hermes"", ""test_error"": 0.6038103031084556, ""inference_time_s"": 11.277080699976068, ""num_forecasts"": 10000, ""dataset_fingerprint"": ""003815c209114c79"", ""trained_on_this_dataset"": false, ""fev_version"": ""0.10.0"", ""SQL"": 0.6038103031084556, ""MASE"": 0.7708248905762844, ""WAPE"": 0.002852269809830876, ""WQL"": 0.0022313343504654164}",2026-09-07T02:25:59.192796+00:00,52,1,1,261,10000,1,1,0,False,True,False,0.199234
fev-bench,C,discovery,fevbench::hermes::hermes,hermes,retail,W,daily_or_coarser,chronos-2-synth,diagnostic,transformer_encoder,3607918a9fd027d5c465d8213e46b98e2c041cea,SYNTH_ONLY_DIAGNOSTIC,SQL,0.6027792586634239,0.2808656788645248,2.0,0.6773938133821056,timesfm-3.0,native_default,209,209,209,True,targets_only,1,10000,0.6027792588040233,2.332519226132731e-10,11.458759900007863,717.12158203125,OK,"[""external""]",[],1,"{""entry_point"": ""Chronos2Pipeline.predict_quantiles"", ""batch_size"": 256, ""default_context_length"": 2048}","{""MASE"": 0.7685757764920222, ""WAPE"": 0.0028386590718955528, ""WQL"": 0.0022236997816360896}","{""model_name"": ""chronos-2-synth"", ""dataset_path"": ""autogluon/fev_datasets"", ""dataset_config"": ""hermes"", ""horizon"": 52, ""num_windows"": 1, ""initial_cutoff"": -52, ""window_step_size"": 52, ""min_context_length"": 1, ""seasonality"": 1, ""eval_metric"": ""SQL"", ""id_column"": ""id"", ""timestamp_column"": ""timestamp"", ""target"": ""target"", ""task_name"": ""hermes"", ""test_error"": 0.6027792586634239, ""inference_time_s"": 11.458759900007863, ""num_forecasts"": 10000, ""dataset_fingerprint"": ""003815c209114c79"", ""trained_on_this_dataset"": false, ""fev_version"": ""0.10.0"", ""SQL"": 0.6027792586634239, ""MASE"": 0.7685757764920222, ""WAPE"": 0.0028386590718955528, ""WQL"": 0.0022236997816360896}",2026-09-07T02:41:51.797188+00:00,52,1,1,261,10000,1,1,0,False,True,False,0.199234
fev-bench,C,discovery,fevbench::hermes::hermes,hermes,retail,W,daily_or_coarser,linear-ar-specialist,baseline,baseline,,NOT_APPLICABLE,SQL,0.9746030125485566,0.4541173784742093,5.0,62.78013865909664,timesfm-3.0,native_default,209,209,209,True,targets_only,1,10000,0.974603012508154,4.1455526691831815e-11,2.168542700004764,,OK,"[""external""]",[],1,"{""estimator"": ""linear_ar_specialist"", ""seasonality"": 1, ""ridge_alpha"": 1.0, ""fitted_on"": ""visible history of each series only""}","{""MASE"": 1.2408790564488592, ""WAPE"": 0.005076885467434737, ""WQL"": 0.003963173329893229}","{""model_name"": ""linear-ar-specialist"", ""dataset_path"": ""autogluon/fev_datasets"", ""dataset_config"": ""hermes"", ""horizon"": 52, ""num_windows"": 1, ""initial_cutoff"": -52, ""window_step_size"": 52, ""min_context_length"": 1, ""seasonality"": 1, ""eval_metric"": ""SQL"", ""id_column"": ""id"", ""timestamp_column"": ""timestamp"", ""target"": ""target"", ""task_name"": ""hermes"", ""test_error"": 0.9746030125485566, ""inference_time_s"": 2.168542700004764, ""num_forecasts"": 10000, ""dataset_fingerprint"": ""003815c209114c79"", ""trained_on_this_dataset"": true, ""fev_version"": ""0.10.0"", ""SQL"": 0.9746030125485566, ""MASE"": 1.2408790564488592, ""WAPE"": 0.005076885467434737, ""WQL"": 0.003963173329893229}",2026-09-07T02:42:53.626583+00:00,52,1,1,261,10000,1,1,0,False,True,False,0.199234
fev-bench,C,discovery,fevbench::hermes::hermes,hermes,retail,W,daily_or_coarser,seasonal-naive,baseline,baseline,,NOT_APPLICABLE,SQL,2.1461477995471765,1.0,6.0,258.4538852180074,timesfm-3.0,native_default,209,209,209,True,targets_only,1,10000,2.1461477987885473,3.5348411682174953e-10,0.6272524000087287,,OK,"[""external""]",[],1,"{""estimator"": ""seasonal_naive"", ""seasonality"": 1}","{""MASE"": 1.994519344218574, ""WAPE"": 0.00870687132138103, ""WQL"": 0.008708311121876585}","{""model_name"": ""seasonal-naive"", ""dataset_path"": ""autogluon/fev_datasets"", ""dataset_config"": ""hermes"", ""horizon"": 52, ""num_windows"": 1, ""initial_cutoff"": -52, ""window_step_size"": 52, ""min_context_length"": 1, ""seasonality"": 1, ""eval_metric"": ""SQL"", ""id_column"": ""id"", ""timestamp_column"": ""timestamp"", ""target"": ""target"", ""task_name"": ""hermes"", ""test_error"": 2.1461477995471765, ""inference_time_s"": 0.6272524000087287, ""num_forecasts"": 10000, ""dataset_fingerprint"": ""003815c209114c79"", ""trained_on_this_dataset"": false, ""fev_version"": ""0.10.0"", ""SQL"": 2.1461477995471765, ""MASE"": 1.994519344218574, ""WAPE"": 0.00870687132138103, ""WQL"": 0.008708311121876585}",2026-09-07T02:42:09.044382+00:00,52,1,1,261,10000,1,1,0,False,True,False,0.199234
fev-bench,C,discovery,fevbench::hermes::hermes,hermes,retail,W,daily_or_coarser,timesfm-3.0,primary,transformer_patch_variate,43046b85ec22d584a13f8098c2ed39c889e129c2,CLEAN_BY_OFFICIAL_EXCLUSION,SQL,0.598723542427756,0.2789759132870918,1.0,0.0,timesfm-3.0,native_default,209,209,209,True,targets_only,1,10000,0.5987235423341394,1.5636042904217083e-10,56.69547189999139,1305.572265625,OK,"[""external""]",[],1,"{""entry_point"": ""TimesFM3Evaluator.predict_batch"", ""per_core_batch_size"": 32, ""univariate_flag"": false}","{""MASE"": 0.761090976290406, ""WAPE"": 0.0028045627214286365, ""WQL"": 0.002208344502243497}","{""model_name"": ""timesfm-3.0"", ""dataset_path"": ""autogluon/fev_datasets"", ""dataset_config"": ""hermes"", ""horizon"": 52, ""num_windows"": 1, ""initial_cutoff"": -52, ""window_step_size"": 52, ""min_context_length"": 1, ""seasonality"": 1, ""eval_metric"": ""SQL"", ""id_column"": ""id"", ""timestamp_column"": ""timestamp"", ""target"": ""target"", ""task_name"": ""hermes"", ""test_error"": 0.598723542427756, ""inference_time_s"": 56.69547189999139, ""num_forecasts"": 10000, ""dataset_fingerprint"": ""003815c209114c79"", ""trained_on_this_dataset"": false, ""fev_version"": ""0.10.0"", ""SQL"": 0.598723542427756, ""MASE"": 0.761090976290406, ""WAPE"": 0.0028045627214286365, ""WQL"": 0.002208344502243497}",2026-09-07T02:40:22.359771+00:00,52,1,1,261,10000,1,1,0,False,True,False,0.199234
fev-bench,C,discovery,fevbench::hermes::hermes,hermes,retail,W,daily_or_coarser,tirex-2,primary,recurrent_xlstm,05e5b26db52bfb256f1ae1bdf785589850482de3,OVERLAP_RISK_UNKNOWN,SQL,0.6641657307941151,0.3094687751394614,4.0,10.93028480239785,timesfm-3.0,native_default,209,209,209,True,targets_only,1,10000,0.6641657310679555,4.1230732347024523e-10,123.0465009000036,2097.30810546875,OK,"[""external""]",[],1,"{""entry_point"": ""tirex2.ForecastModel.forecast"", ""batch_size"": 256, ""native_pytorch_kernels"": true, ""point_forecast"": ""median quantile (model emits no separate mean)""}","{""MASE"": 0.8452032816802774, ""WAPE"": 0.003196179930671472, ""WQL"": 0.002508599818437975}","{""model_name"": ""tirex-2"", ""dataset_path"": ""autogluon/fev_datasets"", ""dataset_config"": ""hermes"", ""horizon"": 52, ""num_windows"": 1, ""initial_cutoff"": -52, ""window_step_size"": 52, ""min_context_length"": 1, ""seasonality"": 1, ""eval_metric"": ""SQL"", ""id_column"": ""id"", ""timestamp_column"": ""timestamp"", ""target"": ""target"", ""task_name"": ""hermes"", ""test_error"": 0.6641657307941151, ""inference_time_s"": 123.0465009000036, ""num_forecasts"": 10000, ""dataset_fingerprint"": ""003815c209114c79"", ""trained_on_this_dataset"": false, ""fev_version"": ""0.10.0"", ""SQL"": 0.6641657307941151, ""MASE"": 0.8452032816802774, ""WAPE"": 0.003196179930671472, ""WQL"": 0.002508599818437975}",2026-09-07T02:37:45.975409+00:00,52,1,1,261,10000,1,1,0,False,True,False,0.199234
fev-bench,C,discovery,fevbench::uci_air_quality_1H::uci_air_quality_1H,uci_air_quality_1H,nature,H,hourly,chronos-2,primary,transformer_encoder,29ec3766d36d6f73f0696f85560a422f50e8498c,OVERLAP_RISK_UNKNOWN,SQL,0.7983040433036152,0.6062966057784384,2.0,8.326808121913473,timesfm-3.0,native_default,5997,7593,9189,True,targets_only,20,20,0.7990387409925461,0.0009203231464174736,2.348318600008497,605.8916015625,OK,"[""AH"", ""RH"", ""T""]",[],4,"{""entry_point"": ""Chronos2Pipeline.predict_quantiles"", ""batch_size"": 256, ""default_context_length"": 2048}","{""MASE"": 1.0205968628886002, ""WAPE"": 0.33641870786933736, ""WQL"": 0.26266991837036857}","{""model_name"": ""chronos-2"", ""dataset_path"": ""autogluon/fev_datasets"", ""dataset_config"": ""uci_air_quality_1H"", ""horizon"": 168, ""num_windows"": 20, ""initial_cutoff"": -3360, ""window_step_size"": 168, ""min_context_length"": 1, ""seasonality"": 24, ""eval_metric"": ""SQL"", ""id_column"": ""id"", ""timestamp_column"": ""timestamp"", ""task_name"": ""uci_air_quality_1H"", ""test_error"": 0.7983040433036152, ""inference_time_s"": 2.348318600008497, ""num_forecasts"": 80, ""dataset_fingerprint"": ""770ea30aa1f2a0fd"", ""trained_on_this_dataset"": false, ""fev_version"": ""0.10.0"", ""SQL"": 0.7983040433036152, ""MASE"": 1.0205968628886002, ""WAPE"": 0.33641870786933736, ""WQL"": 0.26266991837036857}",2026-09-07T02:26:14.889184+00:00,168,20,24,9357,1,4,3,0,True,True,False,0.017954
fev-bench,C,discovery,fevbench::uci_air_quality_1H::uci_air_quality_1H,uci_air_quality_1H,nature,H,hourly,chronos-2-synth,diagnostic,transformer_encoder,3607918a9fd027d5c465d8213e46b98e2c041cea,SYNTH_ONLY_DIAGNOSTIC,SQL,0.8755224716188256,0.6649425206823817,4.0,18.805053769976883,timesfm-3.0,native_default,5997,7593,9189,True,targets_only,20,20,0.8751927196979523,0.0003766344457881821,3.441857399942819,605.453125,OK,"[""AH"", ""RH"", ""T""]",[],4,"{""entry_point"": ""Chronos2Pipeline.predict_quantiles"", ""batch_size"": 256, ""default_context_length"": 2048}","{""MASE"": 1.066594671093032, ""WAPE"": 0.3434918313746408, ""WQL"": 0.2841796570988561}","{""model_name"": ""chronos-2-synth"", ""dataset_path"": ""autogluon/fev_datasets"", ""dataset_config"": ""uci_air_quality_1H"", ""horizon"": 168, ""num_windows"": 20, ""initial_cutoff"": -3360, ""window_step_size"": 168, ""min_context_length"": 1, ""seasonality"": 24, ""eval_metric"": ""SQL"", ""id_column"": ""id"", ""timestamp_column"": ""timestamp"", ""task_name"": ""uci_air_quality_1H"", ""test_error"": 0.8755224716188256, ""inference_time_s"": 3.441857399942819, ""num_forecasts"": 80, ""dataset_fingerprint"": ""770ea30aa1f2a0fd"", ""trained_on_this_dataset"": false, ""fev_version"": ""0.10.0"", ""SQL"": 0.8755224716188256, ""MASE"": 1.066594671093032, ""WAPE"": 0.3434918313746408, ""WQL"": 0.2841796570988561}",2026-09-07T02:41:42.690468+00:00,168,20,24,9357,1,4,3,0,True,True,False,0.017954
fev-bench,C,discovery,fevbench::uci_air_quality_1H::uci_air_quality_1H,uci_air_quality_1H,nature,H,hourly,linear-ar-specialist,baseline,baseline,,NOT_APPLICABLE,SQL,1.2048644436531455,0.9150714301621031,5.0,63.495500862558714,timesfm-3.0,native_default,5997,7593,9189,True,targets_only,20,20,1.20936062335968,0.0037316892619904973,1.3295298999582883,,OK,"[""AH"", ""RH"", ""T""]",[],4,"{""estimator"": ""linear_ar_specialist"", ""seasonality"": 24, ""ridge_alpha"": 1.0, ""fitted_on"": ""visible history of each series only""}","{""MASE"": 1.5247264072267277, ""WAPE"": 0.5061904642237237, ""WQL"": 0.39197332872554913}","{""model_name"": ""linear-ar-specialist"", ""dataset_path"": ""autogluon/fev_datasets"", ""dataset_config"": ""uci_air_quality_1H"", ""horizon"": 168, ""num_windows"": 20, ""initial_cutoff"": -3360, ""window_step_size"": 168, ""min_context_length"": 1, ""seasonality"": 24, ""eval_metric"": ""SQL"", ""id_column"": ""id"", ""timestamp_column"": ""timestamp"", ""task_name"": ""uci_air_quality_1H"", ""test_error"": 1.2048644436531455, ""inference_time_s"": 1.3295298999582883, ""num_forecasts"": 80, ""dataset_fingerprint"": ""770ea30aa1f2a0fd"", ""trained_on_this_dataset"": true, ""fev_version"": ""0.10.0"", ""SQL"": 1.2048644436531455, ""MASE"": 1.5247264072267277, ""WAPE"": 0.5061904642237237, ""WQL"": 0.39197332872554913}",2026-09-07T02:42:51.466015+00:00,168,20,24,9357,1,4,3,0,True,True,False,0.017954
fev-bench,C,discovery,fevbench::uci_air_quality_1H::uci_air_quality_1H,uci_air_quality_1H,nature,H,hourly,seasonal-naive,baseline,baseline,,NOT_APPLICABLE,SQL,1.3166889533855364,1.0,6.0,78.66965951892499,timesfm-3.0,native_default,5997,7593,9189,True,targets_only,20,20,1.3140500098466874,0.0020042269907889687,0.008589400007622316,,OK,"[""AH"", ""RH"", ""T""]",[],4,"{""estimator"": ""seasonal_naive"", ""seasonality"": 24}","{""MASE"": 1.4552842725891904, ""WAPE"": 0.46035849692003694, ""WQL"": 0.4381894823326452}","{""model_name"": ""seasonal-naive"", ""dataset_path"": ""autogluon/fev_datasets"", ""dataset_config"": ""uci_air_quality_1H"", ""horizon"": 168, ""num_windows"": 20, ""initial_cutoff"": -3360, ""window_step_size"": 168, ""min_context_length"": 1, ""seasonality"": 24, ""eval_metric"": ""SQL"", ""id_column"": ""id"", ""timestamp_column"": ""timestamp"", ""task_name"": ""uci_air_quality_1H"", ""test_error"": 1.3166889533855364, ""inference_time_s"": 0.008589400007622316, ""num_forecasts"": 80, ""dataset_fingerprint"": ""770ea30aa1f2a0fd"", ""trained_on_this_dataset"": false, ""fev_version"": ""0.10.0"", ""SQL"": 1.3166889533855364, ""MASE"": 1.4552842725891904, ""WAPE"": 0.46035849692003694, ""WQL"": 0.4381894823326452}",2026-09-07T02:42:16.689138+00:00,168,20,24,9357,1,4,3,0,True,True,False,0.017954
fev-bench,C,discovery,fevbench::uci_air_quality_1H::uci_air_quality_1H,uci_air_quality_1H,nature,H,hourly,timesfm-3.0,primary,transformer_patch_variate,43046b85ec22d584a13f8098c2ed39c889e129c2,CLEAN_BY_OFFICIAL_EXCLUSION,SQL,0.7369404278996068,0.5596921171129664,1.0,0.0,timesfm-3.0,native_default,5997,7593,9189,True,targets_only,20,20,0.7382240146398544,0.0017417781568939883,12.357276999944588,1570.92431640625,OK,"[""AH"", ""RH"", ""T""]",[],4,"{""entry_point"": ""TimesFM3Evaluator.predict_batch"", ""per_core_batch_size"": 32, ""univariate_flag"": false}","{""MASE"": 0.9474999450053565, ""WAPE"": 0.29608180331404654, ""WQL"": 0.23063875691586383}","{""model_name"": ""timesfm-3.0"", ""dataset_path"": ""autogluon/fev_datasets"", ""dataset_config"": ""uci_air_quality_1H"", ""horizon"": 168, ""num_windows"": 20, ""initial_cutoff"": -3360, ""window_step_size"": 168, ""min_context_length"": 1, ""seasonality"": 24, ""eval_metric"": ""SQL"", ""id_column"": ""id"", ""timestamp_column"": ""timestamp"", ""task_name"": ""uci_air_quality_1H"", ""test_error"": 0.7369404278996068, ""inference_time_s"": 12.357276999944588, ""num_forecasts"": 80, ""dataset_fingerprint"": ""770ea30aa1f2a0fd"", ""trained_on_this_dataset"": false, ""fev_version"": ""0.10.0"", ""SQL"": 0.7369404278996068, ""MASE"": 0.9474999450053565, ""WAPE"": 0.29608180331404654, ""WQL"": 0.23063875691586383}",2026-09-07T02:40:53.674670+00:00,168,20,24,9357,1,4,3,0,True,True,False,0.017954
fev-bench,C,discovery,fevbench::uci_air_quality_1H::uci_air_quality_1H,uci_air_quality_1H,nature,H,hourly,tirex-2,primary,recurrent_xlstm,05e5b26db52bfb256f1ae1bdf785589850482de3,OVERLAP_RISK_UNKNOWN,SQL,0.8318238584067208,0.6317542622863918,3.0,12.87531894233925,timesfm-3.0,native_default,5997,7593,9189,True,targets_only,20,20,0.832653495669365,0.000997371323579573,8.053935499978252,351.64306640625,OK,"[""AH"", ""RH"", ""T""]",[],4,"{""entry_point"": ""tirex2.ForecastModel.forecast"", ""batch_size"": 256, ""native_pytorch_kernels"": true, ""point_forecast"": ""median quantile (model emits no separate mean)""}","{""MASE"": 1.0679262269855117, ""WAPE"": 0.3479384326632744, ""WQL"": 0.27142281457480355}","{""model_name"": ""tirex-2"", ""dataset_path"": ""autogluon/fev_datasets"", ""dataset_config"": ""uci_air_quality_1H"", ""horizon"": 168, ""num_windows"": 20, ""initial_cutoff"": -3360, ""window_step_size"": 168, ""min_context_length"": 1, ""seasonality"": 24, ""eval_metric"": ""SQL"", ""id_column"": ""id"", ""timestamp_column"": ""timestamp"", ""task_name"": ""uci_air_quality_1H"", ""test_error"": 0.8318238584067208, ""inference_time_s"": 8.053935499978252, ""num_forecasts"": 80, ""dataset_fingerprint"": ""770ea30aa1f2a0fd"", ""trained_on_this_dataset"": false, ""fev_version"": ""0.10.0"", ""SQL"": 0.8318238584067208, ""MASE"": 1.0679262269855117, ""WAPE"": 0.3479384326632744, ""WQL"": 0.27142281457480355}",2026-09-07T02:38:03.914639+00:00,168,20,24,9357,1,4,3,0,True,True,False,0.017954
fev-bench,M,confirmation,fevbench::fred_md_2025::fred_md_2025/cee,fred_md_2025,econ,M,daily_or_coarser,chronos-2,primary,transformer_encoder,29ec3766d36d6f73f0696f85560a422f50e8498c,OVERLAP_RISK_UNKNOWN,SQL,3.78436411027118,0.6392967373921264,3.0,15.018766471435631,tirex-2,native_default,558,672,786,False,native,20,20,3.7843641102313996,1.0511720857612851e-11,0.7035964000388049,471.14892578125,OK,[],[],3,"{""entry_point"": ""Chronos2Pipeline.predict_quantiles"", ""batch_size"": 256, ""default_context_length"": 2048}","{""MASE"": 4.708378710826357, ""WAPE"": 0.06960758227191778, ""WQL"": 0.05992615007021597}","{""model_name"": ""chronos-2"", ""dataset_path"": ""autogluon/fev_datasets"", ""dataset_config"": ""fred_md_2025"", ""horizon"": 12, ""num_windows"": 20, ""initial_cutoff"": -240, ""window_step_size"": 12, ""min_context_length"": 1, ""seasonality"": 1, ""eval_metric"": ""SQL"", ""id_column"": ""id"", ""timestamp_column"": ""timestamp"", ""task_name"": ""fred_md_2025/cee"", ""test_error"": 3.78436411027118, ""inference_time_s"": 0.7035964000388049, ""num_forecasts"": 60, ""dataset_fingerprint"": ""74fe4767146a4d96"", ""trained_on_this_dataset"": false, ""fev_version"": ""0.10.0"", ""SQL"": 3.78436411027118, ""MASE"": 4.708378710826357, ""WAPE"": 0.06960758227191778, ""WQL"": 0.05992615007021597}",2026-09-07T03:09:56.558005+00:00,12,20,1,798,1,3,0,4,True,False,True,0.015038
fev-bench,M,confirmation,fevbench::fred_md_2025::fred_md_2025/cee,fred_md_2025,econ,M,daily_or_coarser,chronos-2-synth,diagnostic,transformer_encoder,3607918a9fd027d5c465d8213e46b98e2c041cea,SYNTH_ONLY_DIAGNOSTIC,SQL,4.226125431525698,0.7139239569605447,4.0,28.44528695543983,tirex-2,native_default,558,672,786,False,native,20,20,4.226125437021255,1.3003771391740962e-09,1.2261323999555316,469.03857421875,OK,[],[],3,"{""entry_point"": ""Chronos2Pipeline.predict_quantiles"", ""batch_size"": 256, ""default_context_length"": 2048}","{""MASE"": 5.4702817327609825, ""WAPE"": 0.07835871356979632, ""WQL"": 0.06205647760241606}","{""model_name"": ""chronos-2-synth"", ""dataset_path"": ""autogluon/fev_datasets"", ""dataset_config"": ""fred_md_2025"", ""horizon"": 12, ""num_windows"": 20, ""initial_cutoff"": -240, ""window_step_size"": 12, ""min_context_length"": 1, ""seasonality"": 1, ""eval_metric"": ""SQL"", ""id_column"": ""id"", ""timestamp_column"": ""timestamp"", ""task_name"": ""fred_md_2025/cee"", ""test_error"": 4.226125431525698, ""inference_time_s"": 1.2261323999555316, ""num_forecasts"": 60, ""dataset_fingerprint"": ""74fe4767146a4d96"", ""trained_on_this_dataset"": false, ""fev_version"": ""0.10.0"", ""SQL"": 4.226125431525698, ""MASE"": 5.4702817327609825, ""WAPE"": 0.07835871356979632, ""WQL"": 0.06205647760241606}",2026-09-07T03:11:20.782589+00:00,12,20,1,798,1,3,0,4,True,False,True,0.015038
fev-bench,M,confirmation,fevbench::fred_md_2025::fred_md_2025/cee,fred_md_2025,econ,M,daily_or_coarser,linear-ar-specialist,baseline,baseline,,NOT_APPLICABLE,SQL,4.607267845763735,0.7783107587597707,5.0,40.02940757866985,tirex-2,native_default,558,672,786,False,native,20,20,4.607267808914185,7.998134971004745e-09,0.014848899940261617,,OK,[],[],3,"{""estimator"": ""linear_ar_specialist"", ""seasonality"": 1, ""ridge_alpha"": 1.0, ""fitted_on"": ""visible history of each series only""}","{""MASE"": 5.342500868436181, ""WAPE"": 0.16196958491050492, ""WQL"": 0.14362659540785022}","{""model_name"": ""linear-ar-specialist"", ""dataset_path"": ""autogluon/fev_datasets"", ""dataset_config"": ""fred_md_2025"", ""horizon"": 12, ""num_windows"": 20, ""initial_cutoff"": -240, ""window_step_size"": 12, ""min_context_length"": 1, ""seasonality"": 1, ""eval_metric"": ""SQL"", ""id_column"": ""id"", ""timestamp_column"": ""timestamp"", ""task_name"": ""fred_md_2025/cee"", ""test_error"": 4.607267845763735, ""inference_time_s"": 0.014848899940261617, ""num_forecasts"": 60, ""dataset_fingerprint"": ""74fe4767146a4d96"", ""trained_on_this_dataset"": true, ""fev_version"": ""0.10.0"", ""SQL"": 4.607267845763735, ""MASE"": 5.342500868436181, ""WAPE"": 0.16196958491050492, ""WQL"": 0.14362659540785022}",2026-09-07T03:12:04.170433+00:00,12,20,1,798,1,3,0,4,True,False,True,0.015038
fev-bench,M,confirmation,fevbench::fred_md_2025::fred_md_2025/cee,fred_md_2025,econ,M,daily_or_coarser,seasonal-naive,baseline,baseline,,NOT_APPLICABLE,SQL,5.919573632908998,1.0,6.0,79.91452129199024,tirex-2,native_default,558,672,786,False,native,20,20,5.919573640823364,1.3369824487713791e-09,0.006137300020782277,,OK,[],[],3,"{""estimator"": ""seasonal_naive"", ""seasonality"": 1}","{""MASE"": 6.714885210879696, ""WAPE"": 0.09128652330798151, ""WQL"": 0.1174362952786632}","{""model_name"": ""seasonal-naive"", ""dataset_path"": ""autogluon/fev_datasets"", ""dataset_config"": ""fred_md_2025"", ""horizon"": 12, ""num_windows"": 20, ""initial_cutoff"": -240, ""window_step_size"": 12, ""min_context_length"": 1, ""seasonality"": 1, ""eval_metric"": ""SQL"", ""id_column"": ""id"", ""timestamp_column"": ""timestamp"", ""task_name"": ""fred_md_2025/cee"", ""test_error"": 5.919573632908998, ""inference_time_s"": 0.006137300020782277, ""num_forecasts"": 60, ""dataset_fingerprint"": ""74fe4767146a4d96"", ""trained_on_this_dataset"": false, ""fev_version"": ""0.10.0"", ""SQL"": 5.919573632908998, ""MASE"": 6.714885210879696, ""WAPE"": 0.09128652330798151, ""WQL"": 0.1174362952786632}",2026-09-07T03:11:43.432822+00:00,12,20,1,798,1,3,0,4,True,False,True,0.015038
fev-bench,M,confirmation,fevbench::fred_md_2025::fred_md_2025/cee,fred_md_2025,econ,M,daily_or_coarser,timesfm-3.0,primary,transformer_patch_variate,43046b85ec22d584a13f8098c2ed39c889e129c2,CLEAN_BY_OFFICIAL_EXCLUSION,SQL,3.332281549634812,0.5629259396503632,2.0,1.2785509550388827,tirex-2,native_default,558,672,786,False,native,20,20,3.3322814971208574,1.5759158923402963e-08,2.357721099979244,1280.5625,OK,[],[],3,"{""entry_point"": ""TimesFM3Evaluator.predict_batch"", ""per_core_batch_size"": 32, ""univariate_flag"": false}","{""MASE"": 4.028213778016506, ""WAPE"": 0.07400649531042712, ""WQL"": 0.061792379726697676}","{""model_name"": ""timesfm-3.0"", ""dataset_path"": ""autogluon/fev_datasets"", ""dataset_config"": ""fred_md_2025"", ""horizon"": 12, ""num_windows"": 20, ""initial_cutoff"": -240, ""window_step_size"": 12, ""min_context_length"": 1, ""seasonality"": 1, ""eval_metric"": ""SQL"", ""id_column"": ""id"", ""timestamp_column"": ""timestamp"", ""task_name"": ""fred_md_2025/cee"", ""test_error"": 3.332281549634812, ""inference_time_s"": 2.357721099979244, ""num_forecasts"": 60, ""dataset_fingerprint"": ""74fe4767146a4d96"", ""trained_on_this_dataset"": false, ""fev_version"": ""0.10.0"", ""SQL"": 3.332281549634812, ""MASE"": 4.028213778016506, ""WAPE"": 0.07400649531042712, ""WQL"": 0.061792379726697676}",2026-09-07T03:10:52.855061+00:00,12,20,1,798,1,3,0,4,True,False,True,0.015038
fev-bench,M,confirmation,fevbench::fred_md_2025::fred_md_2025/cee,fred_md_2025,econ,M,daily_or_coarser,tirex-2,primary,recurrent_xlstm,05e5b26db52bfb256f1ae1bdf785589850482de3,OVERLAP_RISK_UNKNOWN,SQL,3.2902144809655987,0.5558195040727487,1.0,0.0,tirex-2,native_default,558,672,786,False,native,20,20,3.290214502811432,6.63963801413123e-09,4.031001700059278,334.53857421875,OK,[],[],3,"{""entry_point"": ""tirex2.ForecastModel.forecast"", ""batch_size"": 256, ""native_pytorch_kernels"": true, ""point_forecast"": ""median quantile (model emits no separate mean)""}","{""MASE"": 3.8700273069369757, ""WAPE"": 0.08304311419718287, ""WQL"": 0.07173998862037385}","{""model_name"": ""tirex-2"", ""dataset_path"": ""autogluon/fev_datasets"", ""dataset_config"": ""fred_md_2025"", ""horizon"": 12, ""num_windows"": 20, ""initial_cutoff"": -240, ""window_step_size"": 12, ""min_context_length"": 1, ""seasonality"": 1, ""eval_metric"": ""SQL"", ""id_column"": ""id"", ""timestamp_column"": ""timestamp"", ""task_name"": ""fred_md_2025/cee"", ""test_error"": 3.2902144809655987, ""inference_time_s"": 4.031001700059278, ""num_forecasts"": 60, ""dataset_fingerprint"": ""74fe4767146a4d96"", ""trained_on_this_dataset"": false, ""fev_version"": ""0.10.0"", ""SQL"": 3.2902144809655987, ""MASE"": 3.8700273069369757, ""WAPE"": 0.08304311419718287, ""WQL"": 0.07173998862037385}",2026-09-07T03:10:24.827680+00:00,12,20,1,798,1,3,0,4,True,False,True,0.015038
fev-bench,M,confirmation,fevbench::jena_weather_1D::jena_weather_1D,jena_weather_1D,nature,D,daily_or_coarser,chronos-2,primary,transformer_encoder,29ec3766d36d6f73f0696f85560a422f50e8498c,OVERLAP_RISK_UNKNOWN,SQL,1.111254055394094,0.5168142308097269,2.0,0.32094262102194915,tirex-2,native_default,58,198,338,False,native,11,11,1.1112540526823564,2.440249813309929e-09,0.27634460004628636,485.7919921875,OK,[],[],21,"{""entry_point"": ""Chronos2Pipeline.predict_quantiles"", ""batch_size"": 256, ""default_context_length"": 2048}","{""MASE"": 1.403557290963433, ""WAPE"": 0.2763651369557402, ""WQL"": 0.2257062554072127}","{""model_name"": ""chronos-2"", ""dataset_path"": ""autogluon/fev_datasets"", ""dataset_config"": ""jena_weather_1D"", ""horizon"": 28, ""num_windows"": 11, ""initial_cutoff"": -308, ""window_step_size"": 28, ""min_context_length"": 1, ""seasonality"": 1, ""eval_metric"": ""SQL"", ""id_column"": ""id"", ""timestamp_column"": ""timestamp"", ""task_name"": ""jena_weather_1D"", ""test_error"": 1.111254055394094, ""inference_time_s"": 0.27634460004628636, ""num_forecasts"": 231, ""dataset_fingerprint"": ""a8ad906bff503daf"", ""trained_on_this_dataset"": false, ""fev_version"": ""0.10.0"", ""SQL"": 1.111254055394094, ""MASE"": 1.403557290963433, ""WAPE"": 0.2763651369557402, ""WQL"": 0.2257062554072127}",2026-09-07T03:10:06.030624+00:00,28,11,1,366,1,21,0,0,True,False,False,0.076503
fev-bench,M,confirmation,fevbench::jena_weather_1D::jena_weather_1D,jena_weather_1D,nature,D,daily_or_coarser,chronos-2-synth,diagnostic,transformer_encoder,3607918a9fd027d5c465d8213e46b98e2c041cea,SYNTH_ONLY_DIAGNOSTIC,SQL,1.1279770070058541,0.5245916236859537,3.0,1.8306444402900512,tirex-2,native_default,58,198,338,False,native,11,11,1.1279770027507434,3.772338160973562e-09,1.0264372999663465,483.416015625,OK,[],[],21,"{""entry_point"": ""Chronos2Pipeline.predict_quantiles"", ""batch_size"": 256, ""default_context_length"": 2048}","{""MASE"": 1.425366453466449, ""WAPE"": 0.2767854282417204, ""WQL"": 0.2272625394139163}","{""model_name"": ""chronos-2-synth"", ""dataset_path"": ""autogluon/fev_datasets"", ""dataset_config"": ""jena_weather_1D"", ""horizon"": 28, ""num_windows"": 11, ""initial_cutoff"": -308, ""window_step_size"": 28, ""min_context_length"": 1, ""seasonality"": 1, ""eval_metric"": ""SQL"", ""id_column"": ""id"", ""timestamp_column"": ""timestamp"", ""task_name"": ""jena_weather_1D"", ""test_error"": 1.1279770070058541, ""inference_time_s"": 1.0264372999663465, ""num_forecasts"": 231, ""dataset_fingerprint"": ""a8ad906bff503daf"", ""trained_on_this_dataset"": false, ""fev_version"": ""0.10.0"", ""SQL"": 1.1279770070058541, ""MASE"": 1.425366453466449, ""WAPE"": 0.2767854282417204, ""WQL"": 0.2272625394139163}",2026-09-07T03:11:30.902677+00:00,28,11,1,366,1,21,0,0,True,False,False,0.076503
fev-bench,M,confirmation,fevbench::jena_weather_1D::jena_weather_1D,jena_weather_1D,nature,D,daily_or_coarser,linear-ar-specialist,baseline,baseline,,NOT_APPLICABLE,SQL,1.4280402780051393,0.6641429421652818,5.0,28.919526632868315,tirex-2,native_default,58,198,338,False,native,11,11,1.4280402931300076,1.0591345692194355e-08,0.037111799960257486,,OK,[],[],21,"{""estimator"": ""linear_ar_specialist"", ""seasonality"": 1, ""ridge_alpha"": 1.0, ""fitted_on"": ""visible history of each series only""}","{""MASE"": 1.6856216705096423, ""WAPE"": 0.38975103951332923, ""WQL"": 0.33274485808399773}","{""model_name"": ""linear-ar-specialist"", ""dataset_path"": ""autogluon/fev_datasets"", ""dataset_config"": ""jena_weather_1D"", ""horizon"": 28, ""num_windows"": 11, ""initial_cutoff"": -308, ""window_step_size"": 28, ""min_context_length"": 1, ""seasonality"": 1, ""eval_metric"": ""SQL"", ""id_column"": ""id"", ""timestamp_column"": ""timestamp"", ""task_name"": ""jena_weather_1D"", ""test_error"": 1.4280402780051393, ""inference_time_s"": 0.037111799960257486, ""num_forecasts"": 231, ""dataset_fingerprint"": ""a8ad906bff503daf"", ""trained_on_this_dataset"": true, ""fev_version"": ""0.10.0"", ""SQL"": 1.4280402780051393, ""MASE"": 1.6856216705096423, ""WAPE"": 0.38975103951332923, ""WQL"": 0.33274485808399773}",2026-09-07T03:12:12.592151+00:00,28,11,1,366,1,21,0,0,True,False,False,0.076503
fev-bench,M,confirmation,fevbench::jena_weather_1D::jena_weather_1D,jena_weather_1D,nature,D,daily_or_coarser,seasonal-naive,baseline,baseline,,NOT_APPLICABLE,SQL,2.15020018634746,1.0,6.0,94.11412581236884,tirex-2,native_default,58,198,338,False,native,11,11,2.1502001827413384,1.6771097158444671e-09,0.013504199974704534,,OK,[],[],21,"{""estimator"": ""seasonal_naive"", ""seasonality"": 1}","{""MASE"": 1.6994317292109662, ""WAPE"": 0.38438974237876683, ""WQL"": 0.6992484489409767}","{""model_name"": ""seasonal-naive"", ""dataset_path"": ""autogluon/fev_datasets"", ""dataset_config"": ""jena_weather_1D"", ""horizon"": 28, ""num_windows"": 11, ""initial_cutoff"": -308, ""window_step_size"": 28, ""min_context_length"": 1, ""seasonality"": 1, ""eval_metric"": ""SQL"", ""id_column"": ""id"", ""timestamp_column"": ""timestamp"", ""task_name"": ""jena_weather_1D"", ""test_error"": 2.15020018634746, ""inference_time_s"": 0.013504199974704534, ""num_forecasts"": 231, ""dataset_fingerprint"": ""a8ad906bff503daf"", ""trained_on_this_dataset"": false, ""fev_version"": ""0.10.0"", ""SQL"": 2.15020018634746, ""MASE"": 1.6994317292109662, ""WAPE"": 0.38438974237876683, ""WQL"": 0.6992484489409767}",2026-09-07T03:11:51.790499+00:00,28,11,1,366,1,21,0,0,True,False,False,0.076503
fev-bench,M,confirmation,fevbench::jena_weather_1D::jena_weather_1D,jena_weather_1D,nature,D,daily_or_coarser,timesfm-3.0,primary,transformer_patch_variate,43046b85ec22d584a13f8098c2ed39c889e129c2,CLEAN_BY_OFFICIAL_EXCLUSION,SQL,1.1433013676890167,0.5317185697165899,4.0,3.2140853387389576,tirex-2,native_default,58,198,338,False,native,11,11,1.1433013677597046,6.182788018592763e-11,1.2653362999553792,1303.66455078125,OK,[],[],21,"{""entry_point"": ""TimesFM3Evaluator.predict_batch"", ""per_core_batch_size"": 32, ""univariate_flag"": false}","{""MASE"": 1.4507813621162124, ""WAPE"": 0.27783969930939717, ""WQL"": 0.22420624849382145}","{""model_name"": ""timesfm-3.0"", ""dataset_path"": ""autogluon/fev_datasets"", ""dataset_config"": ""jena_weather_1D"", ""horizon"": 28, ""num_windows"": 11, ""initial_cutoff"": -308, ""window_step_size"": 28, ""min_context_length"": 1, ""seasonality"": 1, ""eval_metric"": ""SQL"", ""id_column"": ""id"", ""timestamp_column"": ""timestamp"", ""task_name"": ""jena_weather_1D"", ""test_error"": 1.1433013676890167, ""inference_time_s"": 1.2653362999553792, ""num_forecasts"": 231, ""dataset_fingerprint"": ""a8ad906bff503daf"", ""trained_on_this_dataset"": false, ""fev_version"": ""0.10.0"", ""SQL"": 1.1433013676890167, ""MASE"": 1.4507813621162124, ""WAPE"": 0.27783969930939717, ""WQL"": 0.22420624849382145}",2026-09-07T03:11:02.626807+00:00,28,11,1,366,1,21,0,0,True,False,False,0.076503
fev-bench,M,confirmation,fevbench::jena_weather_1D::jena_weather_1D,jena_weather_1D,nature,D,daily_or_coarser,tirex-2,primary,recurrent_xlstm,05e5b26db52bfb256f1ae1bdf785589850482de3,OVERLAP_RISK_UNKNOWN,SQL,1.1076989772634314,0.5151608600430255,1.0,0.0,tirex-2,native_default,58,198,338,False,native,11,11,1.1076989769935608,2.436316868342189e-10,2.298110200004885,396.25048828125,OK,[],[],21,"{""entry_point"": ""tirex2.ForecastModel.forecast"", ""batch_size"": 256, ""native_pytorch_kernels"": true, ""point_forecast"": ""median quantile (model emits no separate mean)""}","{""MASE"": 1.4090079716614206, ""WAPE"": 0.27565544447255835, ""WQL"": 0.2217425111711755}","{""model_name"": ""tirex-2"", ""dataset_path"": ""autogluon/fev_datasets"", ""dataset_config"": ""jena_weather_1D"", ""horizon"": 28, ""num_windows"": 11, ""initial_cutoff"": -308, ""window_step_size"": 28, ""min_context_length"": 1, ""seasonality"": 1, ""eval_metric"": ""SQL"", ""id_column"": ""id"", ""timestamp_column"": ""timestamp"", ""task_name"": ""jena_weather_1D"", ""test_error"": 1.1076989772634314, ""inference_time_s"": 2.298110200004885, ""num_forecasts"": 231, ""dataset_fingerprint"": ""a8ad906bff503daf"", ""trained_on_this_dataset"": false, ""fev_version"": ""0.10.0"", ""SQL"": 1.1076989772634314, ""MASE"": 1.4090079716614206, ""WAPE"": 0.27565544447255835, ""WQL"": 0.2217425111711755}",2026-09-07T03:10:36.102657+00:00,28,11,1,366,1,21,0,0,True,False,False,0.076503
fev-bench,M,discovery,fevbench::ETT_1D::ETT_1D,ETT_1D,energy,D,daily_or_coarser,chronos-2,primary,transformer_encoder,29ec3766d36d6f73f0696f85560a422f50e8498c,OVERLAP_RISK_UNKNOWN,SQL,1.132230810743788,0.8247330807579533,3.0,0.9584293278588965,tirex-2,native_default,164,430,696,False,native,20,40,1.1322308011353015,8.486331903136734e-09,1.3942458000965416,490.43310546875,OK,[],[],7,"{""entry_point"": ""Chronos2Pipeline.predict_quantiles"", ""batch_size"": 256, ""default_context_length"": 2048}","{""MASE"": 1.339315411668839, ""WAPE"": 0.32181187206187933, ""WQL"": 0.26115154473743185}","{""model_name"": ""chronos-2"", ""dataset_path"": ""autogluon/fev_datasets"", ""dataset_config"": ""ETT_1D"", ""horizon"": 28, ""num_windows"": 20, ""initial_cutoff"": -560, ""window_step_size"": 28, ""min_context_length"": 1, ""seasonality"": 7, ""eval_metric"": ""SQL"", ""id_column"": ""id"", ""timestamp_column"": ""timestamp"", ""task_name"": ""ETT_1D"", ""test_error"": 1.132230810743788, ""inference_time_s"": 1.3942458000965416, ""num_forecasts"": 280, ""dataset_fingerprint"": ""09165729d889736c"", ""trained_on_this_dataset"": false, ""fev_version"": ""0.10.0"", ""SQL"": 1.132230810743788, ""MASE"": 1.339315411668839, ""WAPE"": 0.32181187206187933, ""WQL"": 0.26115154473743185}",2026-09-07T02:24:44.723887+00:00,28,20,7,724,2,7,0,0,True,False,False,0.038674
fev-bench,M,discovery,fevbench::ETT_1D::ETT_1D,ETT_1D,energy,D,daily_or_coarser,chronos-2-synth,diagnostic,transformer_encoder,3607918a9fd027d5c465d8213e46b98e2c041cea,SYNTH_ONLY_DIAGNOSTIC,SQL,1.1502028795284602,0.8378241921424241,4.0,2.5609575571347047,tirex-2,native_default,164,430,696,False,native,20,40,1.1502028934657573,1.2117251088708593e-08,0.4000676001305692,488.81298828125,OK,[],[],7,"{""entry_point"": ""Chronos2Pipeline.predict_quantiles"", ""batch_size"": 256, ""default_context_length"": 2048}","{""MASE"": 1.3594287612049971, ""WAPE"": 0.328045475901426, ""WQL"": 0.2709780177194929}","{""model_name"": ""chronos-2-synth"", ""dataset_path"": ""autogluon/fev_datasets"", ""dataset_config"": ""ETT_1D"", ""horizon"": 28, ""num_windows"": 20, ""initial_cutoff"": -560, ""window_step_size"": 28, ""min_context_length"": 1, ""seasonality"": 7, ""eval_metric"": ""SQL"", ""id_column"": ""id"", ""timestamp_column"": ""timestamp"", ""task_name"": ""ETT_1D"", ""test_error"": 1.1502028795284602, ""inference_time_s"": 0.4000676001305692, ""num_forecasts"": 280, ""dataset_fingerprint"": ""09165729d889736c"", ""trained_on_this_dataset"": false, ""fev_version"": ""0.10.0"", ""SQL"": 1.1502028795284602, ""MASE"": 1.3594287612049971, ""WAPE"": 0.328045475901426, ""WQL"": 0.2709780177194929}",2026-09-07T02:38:05.229724+00:00,28,20,7,724,2,7,0,0,True,False,False,0.038674
fev-bench,M,discovery,fevbench::ETT_1D::ETT_1D,ETT_1D,energy,D,daily_or_coarser,linear-ar-specialist,baseline,baseline,,NOT_APPLICABLE,SQL,1.36028246036538,0.9908491568968757,5.0,21.293272835869715,tirex-2,native_default,164,430,696,False,native,20,40,1.3602824702858924,7.292979730760859e-09,0.06034269998781383,,OK,[],[],7,"{""estimator"": ""linear_ar_specialist"", ""seasonality"": 7, ""ridge_alpha"": 1.0, ""fitted_on"": ""visible history of each series only""}","{""MASE"": 1.5409453124507386, ""WAPE"": 0.37755740670171856, ""WQL"": 0.3433084501111245}","{""model_name"": ""linear-ar-specialist"", ""dataset_path"": ""autogluon/fev_datasets"", ""dataset_config"": ""ETT_1D"", ""horizon"": 28, ""num_windows"": 20, ""initial_cutoff"": -560, ""window_step_size"": 28, ""min_context_length"": 1, ""seasonality"": 7, ""eval_metric"": ""SQL"", ""id_column"": ""id"", ""timestamp_column"": ""timestamp"", ""task_name"": ""ETT_1D"", ""test_error"": 1.36028246036538, ""inference_time_s"": 0.06034269998781383, ""num_forecasts"": 280, ""dataset_fingerprint"": ""09165729d889736c"", ""trained_on_this_dataset"": true, ""fev_version"": ""0.10.0"", ""SQL"": 1.36028246036538, ""MASE"": 1.5409453124507386, ""WAPE"": 0.37755740670171856, ""WQL"": 0.3433084501111245}",2026-09-07T02:40:12.132149+00:00,28,20,7,724,2,7,0,0,True,False,False,0.038674
fev-bench,M,discovery,fevbench::ETT_1D::ETT_1D,ETT_1D,energy,D,daily_or_coarser,seasonal-naive,baseline,baseline,,NOT_APPLICABLE,SQL,1.372845150946577,1.0,6.0,22.413459194670853,tirex-2,native_default,164,430,696,False,native,20,40,1.3728451520204543,7.822274847519069e-10,0.018800599995302036,,OK,[],[],7,"{""estimator"": ""seasonal_naive"", ""seasonality"": 7}","{""MASE"": 1.491546976879216, ""WAPE"": 0.3566862672438745, ""WQL"": 0.36420357454985824}","{""model_name"": ""seasonal-naive"", ""dataset_path"": ""autogluon/fev_datasets"", ""dataset_config"": ""ETT_1D"", ""horizon"": 28, ""num_windows"": 20, ""initial_cutoff"": -560, ""window_step_size"": 28, ""min_context_length"": 1, ""seasonality"": 7, ""eval_metric"": ""SQL"", ""id_column"": ""id"", ""timestamp_column"": ""timestamp"", ""task_name"": ""ETT_1D"", ""test_error"": 1.372845150946577, ""inference_time_s"": 0.018800599995302036, ""num_forecasts"": 280, ""dataset_fingerprint"": ""09165729d889736c"", ""trained_on_this_dataset"": false, ""fev_version"": ""0.10.0"", ""SQL"": 1.372845150946577, ""MASE"": 1.491546976879216, ""WAPE"": 0.3566862672438745, ""WQL"": 0.36420357454985824}",2026-09-07T02:38:46.107450+00:00,28,20,7,724,2,7,0,0,True,False,False,0.038674
fev-bench,M,discovery,fevbench::ETT_1D::ETT_1D,ETT_1D,energy,D,daily_or_coarser,timesfm-3.0,primary,transformer_patch_variate,43046b85ec22d584a13f8098c2ed39c889e129c2,CLEAN_BY_OFFICIAL_EXCLUSION,SQL,1.126820693254826,0.8207922739705077,2.0,0.47602153698984434,tirex-2,native_default,164,430,696,False,native,20,40,1.1268206991255283,5.209970320765586e-09,5.013829300034558,1312.04248046875,OK,[],[],7,"{""entry_point"": ""TimesFM3Evaluator.predict_batch"", ""per_core_batch_size"": 32, ""univariate_flag"": false}","{""MASE"": 1.3570265988030126, ""WAPE"": 0.33107238279378565, ""WQL"": 0.26592812321059156}","{""model_name"": ""timesfm-3.0"", ""dataset_path"": ""autogluon/fev_datasets"", ""dataset_config"": ""ETT_1D"", ""horizon"": 28, ""num_windows"": 20, ""initial_cutoff"": -560, ""window_step_size"": 28, ""min_context_length"": 1, ""seasonality"": 7, ""eval_metric"": ""SQL"", ""id_column"": ""id"", ""timestamp_column"": ""timestamp"", ""task_name"": ""ETT_1D"", ""test_error"": 1.126820693254826, ""inference_time_s"": 5.013829300034558, ""num_forecasts"": 280, ""dataset_fingerprint"": ""09165729d889736c"", ""trained_on_this_dataset"": false, ""fev_version"": ""0.10.0"", ""SQL"": 1.126820693254826, ""MASE"": 1.3570265988030126, ""WAPE"": 0.33107238279378565, ""WQL"": 0.26592812321059156}",2026-09-07T02:36:41.692818+00:00,28,20,7,724,2,7,0,0,True,False,False,0.038674
fev-bench,M,discovery,fevbench::ETT_1D::ETT_1D,ETT_1D,energy,D,daily_or_coarser,tirex-2,primary,recurrent_xlstm,05e5b26db52bfb256f1ae1bdf785589850482de3,OVERLAP_RISK_UNKNOWN,SQL,1.1214821964661403,0.8169036367232517,1.0,0.0,tirex-2,native_default,164,430,696,False,native,20,40,1.1214822068810464,9.286733290561967e-09,4.119901999976719,372.70166015625,OK,[],[],7,"{""entry_point"": ""tirex2.ForecastModel.forecast"", ""batch_size"": 256, ""native_pytorch_kernels"": true, ""point_forecast"": ""median quantile (model emits no separate mean)""}","{""MASE"": 1.3627165317067642, ""WAPE"": 0.3420315572518992, ""WQL"": 0.2729050831617592}","{""model_name"": ""tirex-2"", ""dataset_path"": ""autogluon/fev_datasets"", ""dataset_config"": ""ETT_1D"", ""horizon"": 28, ""num_windows"": 20, ""initial_cutoff"": -560, ""window_step_size"": 28, ""min_context_length"": 1, ""seasonality"": 7, ""eval_metric"": ""SQL"", ""id_column"": ""id"", ""timestamp_column"": ""timestamp"", ""task_name"": ""ETT_1D"", ""test_error"": 1.1214821964661403, ""inference_time_s"": 4.119901999976719, ""num_forecasts"": 280, ""dataset_fingerprint"": ""09165729d889736c"", ""trained_on_this_dataset"": false, ""fev_version"": ""0.10.0"", ""SQL"": 1.1214821964661403, ""MASE"": 1.3627165317067642, ""WAPE"": 0.3420315572518992, ""WQL"": 0.2729050831617592}",2026-09-07T02:33:00.790396+00:00,28,20,7,724,2,7,0,0,True,False,False,0.038674
fev-bench,M,discovery,fevbench::bizitobs_l2c_1H::bizitobs_l2c_1H,bizitobs_l2c_1H,cloud,H,hourly,chronos-2,primary,transformer_encoder,29ec3766d36d6f73f0696f85560a422f50e8498c,OVERLAP_RISK_UNKNOWN,SQL,0.3010456313828168,0.3419590214312924,2.0,6.77221692721028,timesfm-3.0,native_default,2184,2412,2640,False,native,20,20,0.3010456306859851,2.3147045856462757e-09,0.9942273999622557,510.3125,OK,[],[],7,"{""entry_point"": ""Chronos2Pipeline.predict_quantiles"", ""batch_size"": 256, ""default_context_length"": 2048}","{""MASE"": 0.3841207865887446, ""WAPE"": 0.33086509681847626, ""WQL"": 0.25749688808407767}","{""model_name"": ""chronos-2"", ""dataset_path"": ""autogluon/fev_datasets"", ""dataset_config"": ""bizitobs_l2c_1H"", ""horizon"": 24, ""num_windows"": 20, ""initial_cutoff"": -480, ""window_step_size"": 24, ""min_context_length"": 1, ""seasonality"": 24, ""eval_metric"": ""SQL"", ""id_column"": ""id"", ""timestamp_column"": ""timestamp"", ""task_name"": ""bizitobs_l2c_1H"", ""test_error"": 0.3010456313828168, ""inference_time_s"": 0.9942273999622557, ""num_forecasts"": 140, ""dataset_fingerprint"": ""b0e17ddbdd539d9e"", ""trained_on_this_dataset"": false, ""fev_version"": ""0.10.0"", ""SQL"": 0.3010456313828168, ""MASE"": 0.3841207865887446, ""WAPE"": 0.33086509681847626, ""WQL"": 0.25749688808407767}",2026-09-07T02:24:15.717259+00:00,24,20,24,2664,1,7,0,0,True,False,False,0.009009
fev-bench,M,discovery,fevbench::bizitobs_l2c_1H::bizitobs_l2c_1H,bizitobs_l2c_1H,cloud,H,hourly,chronos-2-synth,diagnostic,transformer_encoder,3607918a9fd027d5c465d8213e46b98e2c041cea,SYNTH_ONLY_DIAGNOSTIC,SQL,0.30914591829577,0.3511601720121617,3.0,9.645155449751632,timesfm-3.0,native_default,2184,2412,2640,False,native,20,20,0.3091459170915186,3.8954140877324904e-09,1.3992266999848653,508.4365234375,OK,[],[],7,"{""entry_point"": ""Chronos2Pipeline.predict_quantiles"", ""batch_size"": 256, ""default_context_length"": 2048}","{""MASE"": 0.3914496180766258, ""WAPE"": 0.3203116130803465, ""WQL"": 0.25164551615973246}","{""model_name"": ""chronos-2-synth"", ""dataset_path"": ""autogluon/fev_datasets"", ""dataset_config"": ""bizitobs_l2c_1H"", ""horizon"": 24, ""num_windows"": 20, ""initial_cutoff"": -480, ""window_step_size"": 24, ""min_context_length"": 1, ""seasonality"": 24, ""eval_metric"": ""SQL"", ""id_column"": ""id"", ""timestamp_column"": ""timestamp"", ""task_name"": ""bizitobs_l2c_1H"", ""test_error"": 0.30914591829577, ""inference_time_s"": 1.3992266999848653, ""num_forecasts"": 140, ""dataset_fingerprint"": ""b0e17ddbdd539d9e"", ""trained_on_this_dataset"": false, ""fev_version"": ""0.10.0"", ""SQL"": 0.30914591829577, ""MASE"": 0.3914496180766258, ""WAPE"": 0.3203116130803465, ""WQL"": 0.25164551615973246}",2026-09-07T02:37:36.948461+00:00,24,20,24,2664,1,7,0,0,True,False,False,0.009009
fev-bench,M,discovery,fevbench::bizitobs_l2c_1H::bizitobs_l2c_1H,bizitobs_l2c_1H,cloud,H,hourly,linear-ar-specialist,baseline,baseline,,NOT_APPLICABLE,SQL,0.5425749453960447,0.616313203179598,5.0,92.43570983904473,timesfm-3.0,native_default,2184,2412,2640,False,native,20,20,0.5425749480724334,4.932754083058148e-09,0.06925300011062063,,OK,[],[],7,"{""estimator"": ""linear_ar_specialist"", ""seasonality"": 24, ""ridge_alpha"": 1.0, ""fitted_on"": ""visible history of each series only""}","{""MASE"": 0.6575507263223177, ""WAPE"": 1.2821868545400075, ""WQL"": 1.141427214294594}","{""model_name"": ""linear-ar-specialist"", ""dataset_path"": ""autogluon/fev_datasets"", ""dataset_config"": ""bizitobs_l2c_1H"", ""horizon"": 24, ""num_windows"": 20, ""initial_cutoff"": -480, ""window_step_size"": 24, ""min_context_length"": 1, ""seasonality"": 24, ""eval_metric"": ""SQL"", ""id_column"": ""id"", ""timestamp_column"": ""timestamp"", ""task_name"": ""bizitobs_l2c_1H"", ""test_error"": 0.5425749453960447, ""inference_time_s"": 0.06925300011062063, ""num_forecasts"": 140, ""dataset_fingerprint"": ""b0e17ddbdd539d9e"", ""trained_on_this_dataset"": true, ""fev_version"": ""0.10.0"", ""SQL"": 0.5425749453960447, ""MASE"": 0.6575507263223177, ""WAPE"": 1.2821868545400075, ""WQL"": 1.141427214294594}",2026-09-07T02:39:05.718874+00:00,24,20,24,2664,1,7,0,0,True,False,False,0.009009
fev-bench,M,discovery,fevbench::bizitobs_l2c_1H::bizitobs_l2c_1H,bizitobs_l2c_1H,cloud,H,hourly,seasonal-naive,baseline,baseline,,NOT_APPLICABLE,SQL,0.8803558687317858,1.0,6.0,212.23687703955875,timesfm-3.0,native_default,2184,2412,2640,False,native,20,20,0.8803558647632599,4.507865618047744e-09,0.011995899985777214,,OK,[],[],7,"{""estimator"": ""seasonal_naive"", ""seasonality"": 24}","{""MASE"": 1.0658712668050072, ""WAPE"": 2.2812914149165655, ""WQL"": 2.0794696654062754}","{""model_name"": ""seasonal-naive"", ""dataset_path"": ""autogluon/fev_datasets"", ""dataset_config"": ""bizitobs_l2c_1H"", ""horizon"": 24, ""num_windows"": 20, ""initial_cutoff"": -480, ""window_step_size"": 24, ""min_context_length"": 1, ""seasonality"": 24, ""eval_metric"": ""SQL"", ""id_column"": ""id"", ""timestamp_column"": ""timestamp"", ""task_name"": ""bizitobs_l2c_1H"", ""test_error"": 0.8803558687317858, ""inference_time_s"": 0.011995899985777214, ""num_forecasts"": 140, ""dataset_fingerprint"": ""b0e17ddbdd539d9e"", ""trained_on_this_dataset"": false, ""fev_version"": ""0.10.0"", ""SQL"": 0.8803558687317858, ""MASE"": 1.0658712668050072, ""WAPE"": 2.2812914149165655, ""WQL"": 2.0794696654062754}",2026-09-07T02:38:28.012081+00:00,24,20,24,2664,1,7,0,0,True,False,False,0.009009
fev-bench,M,discovery,fevbench::bizitobs_l2c_1H::bizitobs_l2c_1H,bizitobs_l2c_1H,cloud,H,hourly,timesfm-3.0,primary,transformer_patch_variate,43046b85ec22d584a13f8098c2ed39c889e129c2,CLEAN_BY_OFFICIAL_EXCLUSION,SQL,0.28195127913101997,0.3202696649676346,1.0,0.0,timesfm-3.0,native_default,2184,2412,2640,False,native,20,20,0.28195127930957825,6.332948012288119e-10,4.963317499990808,1344.1806640625,OK,[],[],7,"{""entry_point"": ""TimesFM3Evaluator.predict_batch"", ""per_core_batch_size"": 32, ""univariate_flag"": false}","{""MASE"": 0.3551114851406701, ""WAPE"": 0.29357703572774063, ""WQL"": 0.23343436936205722}","{""model_name"": ""timesfm-3.0"", ""dataset_path"": ""autogluon/fev_datasets"", ""dataset_config"": ""bizitobs_l2c_1H"", ""horizon"": 24, ""num_windows"": 20, ""initial_cutoff"": -480, ""window_step_size"": 24, ""min_context_length"": 1, ""seasonality"": 24, ""eval_metric"": ""SQL"", ""id_column"": ""id"", ""timestamp_column"": ""timestamp"", ""task_name"": ""bizitobs_l2c_1H"", ""test_error"": 0.28195127913101997, ""inference_time_s"": 4.963317499990808, ""num_forecasts"": 140, ""dataset_fingerprint"": ""b0e17ddbdd539d9e"", ""trained_on_this_dataset"": false, ""fev_version"": ""0.10.0"", ""SQL"": 0.28195127913101997, ""MASE"": 0.3551114851406701, ""WAPE"": 0.29357703572774063, ""WQL"": 0.23343436936205722}",2026-09-07T02:33:28.858379+00:00,24,20,24,2664,1,7,0,0,True,False,False,0.009009
fev-bench,M,discovery,fevbench::bizitobs_l2c_1H::bizitobs_l2c_1H,bizitobs_l2c_1H,cloud,H,hourly,tirex-2,primary,recurrent_xlstm,05e5b26db52bfb256f1ae1bdf785589850482de3,OVERLAP_RISK_UNKNOWN,SQL,0.3436457016009002,0.39034862355827293,4.0,21.881235176525454,timesfm-3.0,native_default,2184,2412,2640,False,native,20,20,0.3436457058414817,1.2339981199550395e-08,4.336270400061039,351.427734375,OK,[],[],7,"{""entry_point"": ""tirex2.ForecastModel.forecast"", ""batch_size"": 256, ""native_pytorch_kernels"": true, ""point_forecast"": ""median quantile (model emits no separate mean)""}","{""MASE"": 0.4380273642591411, ""WAPE"": 0.3420714383336666, ""WQL"": 0.28104125794695023}","{""model_name"": ""tirex-2"", ""dataset_path"": ""autogluon/fev_datasets"", ""dataset_config"": ""bizitobs_l2c_1H"", ""horizon"": 24, ""num_windows"": 20, ""initial_cutoff"": -480, ""window_step_size"": 24, ""min_context_length"": 1, ""seasonality"": 24, ""eval_metric"": ""SQL"", ""id_column"": ""id"", ""timestamp_column"": ""timestamp"", ""task_name"": ""bizitobs_l2c_1H"", ""test_error"": 0.3436457016009002, ""inference_time_s"": 4.336270400061039, ""num_forecasts"": 140, ""dataset_fingerprint"": ""b0e17ddbdd539d9e"", ""trained_on_this_dataset"": false, ""fev_version"": ""0.10.0"", ""SQL"": 0.3436457016009002, ""MASE"": 0.4380273642591411, ""WAPE"": 0.3420714383336666, ""WQL"": 0.28104125794695023}",2026-09-07T02:25:08.298474+00:00,24,20,24,2664,1,7,0,0,True,False,False,0.009009
fev-bench,M,discovery,fevbench::boomlet_1062::boomlet_1062,boomlet_1062,cloud,5T,sub_hourly,chronos-2,primary,transformer_encoder,29ec3766d36d6f73f0696f85560a422f50e8498c,OVERLAP_RISK_UNKNOWN,SQL,0.5523284766194605,0.5599135910787153,2.0,1.2916102385837571,timesfm-3.0,native_default,10624,13360,16096,False,native,20,20,0.5523284763097763,5.606883952361798e-10,5.848482199886348,894.59619140625,OK,[],[],21,"{""entry_point"": ""Chronos2Pipeline.predict_quantiles"", ""batch_size"": 256, ""default_context_length"": 2048}","{""MASE"": 0.6776941035915025, ""WAPE"": 0.5680818429466077, ""WQL"": 0.45757157007960353}","{""model_name"": ""chronos-2"", ""dataset_path"": ""autogluon/fev_datasets"", ""dataset_config"": ""boomlet_1062"", ""horizon"": 288, ""num_windows"": 20, ""initial_cutoff"": -5760, ""window_step_size"": 288, ""min_context_length"": 1, ""seasonality"": 288, ""eval_metric"": ""SQL"", ""id_column"": ""id"", ""timestamp_column"": ""timestamp"", ""task_name"": ""boomlet_1062"", ""test_error"": 0.5523284766194605, ""inference_time_s"": 5.848482199886348, ""num_forecasts"": 420, ""dataset_fingerprint"": ""eec81c201b8778e1"", ""trained_on_this_dataset"": false, ""fev_version"": ""0.10.0"", ""SQL"": 0.5523284766194605, ""MASE"": 0.6776941035915025, ""WAPE"": 0.5680818429466077, ""WQL"": 0.45757157007960353}",2026-09-07T02:24:35.138839+00:00,288,20,288,16384,1,21,0,0,True,False,False,0.017578
fev-bench,M,discovery,fevbench::boomlet_1062::boomlet_1062,boomlet_1062,cloud,5T,sub_hourly,chronos-2-synth,diagnostic,transformer_encoder,3607918a9fd027d5c465d8213e46b98e2c041cea,SYNTH_ONLY_DIAGNOSTIC,SQL,0.5579845869748996,0.5656473766695556,4.0,2.328885247643774,timesfm-3.0,native_default,10624,13360,16096,False,native,20,20,0.5579845875501632,1.0309668545515523e-09,5.6536229000776075,892.85009765625,OK,[],[],21,"{""entry_point"": ""Chronos2Pipeline.predict_quantiles"", ""batch_size"": 256, ""default_context_length"": 2048}","{""MASE"": 0.6832158611748789, ""WAPE"": 0.5738417571808266, ""WQL"": 0.4625699623176538}","{""model_name"": ""chronos-2-synth"", ""dataset_path"": ""autogluon/fev_datasets"", ""dataset_config"": ""boomlet_1062"", ""horizon"": 288, ""num_windows"": 20, ""initial_cutoff"": -5760, ""window_step_size"": 288, ""min_context_length"": 1, ""seasonality"": 288, ""eval_metric"": ""SQL"", ""id_column"": ""id"", ""timestamp_column"": ""timestamp"", ""task_name"": ""boomlet_1062"", ""test_error"": 0.5579845869748996, ""inference_time_s"": 5.6536229000776075, ""num_forecasts"": 420, ""dataset_fingerprint"": ""eec81c201b8778e1"", ""trained_on_this_dataset"": false, ""fev_version"": ""0.10.0"", ""SQL"": 0.5579845869748996, ""MASE"": 0.6832158611748789, ""WAPE"": 0.5738417571808266, ""WQL"": 0.4625699623176538}",2026-09-07T02:37:55.183641+00:00,288,20,288,16384,1,21,0,0,True,False,False,0.017578
fev-bench,M,discovery,fevbench::boomlet_1062::boomlet_1062,boomlet_1062,cloud,5T,sub_hourly,linear-ar-specialist,baseline,baseline,,NOT_APPLICABLE,SQL,0.6961872390588765,0.7057479626443316,5.0,27.673892360998817,timesfm-3.0,native_default,10624,13360,16096,False,native,20,20,0.696187236905098,3.0936770570525455e-09,47.860452800028725,,OK,[],[],21,"{""estimator"": ""linear_ar_specialist"", ""seasonality"": 288, ""ridge_alpha"": 1.0, ""fitted_on"": ""visible history of each series only""}","{""MASE"": 0.806835512417627, ""WAPE"": 0.6683751093215593, ""WQL"": 0.5242450448496377}","{""model_name"": ""linear-ar-specialist"", ""dataset_path"": ""autogluon/fev_datasets"", ""dataset_config"": ""boomlet_1062"", ""horizon"": 288, ""num_windows"": 20, ""initial_cutoff"": -5760, ""window_step_size"": 288, ""min_context_length"": 1, ""seasonality"": 288, ""eval_metric"": ""SQL"", ""id_column"": ""id"", ""timestamp_column"": ""timestamp"", ""task_name"": ""boomlet_1062"", ""test_error"": 0.6961872390588765, ""inference_time_s"": 47.860452800028725, ""num_forecasts"": 420, ""dataset_fingerprint"": ""eec81c201b8778e1"", ""trained_on_this_dataset"": true, ""fev_version"": ""0.10.0"", ""SQL"": 0.6961872390588765, ""MASE"": 0.806835512417627, ""WAPE"": 0.6683751093215593, ""WQL"": 0.5242450448496377}",2026-09-07T02:40:04.368360+00:00,288,20,288,16384,1,21,0,0,True,False,False,0.017578
fev-bench,M,discovery,fevbench::boomlet_1062::boomlet_1062,boomlet_1062,cloud,5T,sub_hourly,seasonal-naive,baseline,baseline,,NOT_APPLICABLE,SQL,0.9864530624365779,1.0,6.0,80.90578948697765,timesfm-3.0,native_default,10624,13360,16096,False,native,20,20,0.9864530593156815,3.1637556301631804e-09,0.036874900077236816,,OK,[],[],21,"{""estimator"": ""seasonal_naive"", ""seasonality"": 288}","{""MASE"": 0.9949683404996525, ""WAPE"": 0.8355847054373309, ""WQL"": 0.7424716914739391}","{""model_name"": ""seasonal-naive"", ""dataset_path"": ""autogluon/fev_datasets"", ""dataset_config"": ""boomlet_1062"", ""horizon"": 288, ""num_windows"": 20, ""initial_cutoff"": -5760, ""window_step_size"": 288, ""min_context_length"": 1, ""seasonality"": 288, ""eval_metric"": ""SQL"", ""id_column"": ""id"", ""timestamp_column"": ""timestamp"", ""task_name"": ""boomlet_1062"", ""test_error"": 0.9864530624365779, ""inference_time_s"": 0.036874900077236816, ""num_forecasts"": 420, ""dataset_fingerprint"": ""eec81c201b8778e1"", ""trained_on_this_dataset"": false, ""fev_version"": ""0.10.0"", ""SQL"": 0.9864530624365779, ""MASE"": 0.9949683404996525, ""WAPE"": 0.8355847054373309, ""WQL"": 0.7424716914739391}",2026-09-07T02:38:38.502700+00:00,288,20,288,16384,1,21,0,0,True,False,False,0.017578
fev-bench,M,discovery,fevbench::boomlet_1062::boomlet_1062,boomlet_1062,cloud,5T,sub_hourly,timesfm-3.0,primary,transformer_patch_variate,43046b85ec22d584a13f8098c2ed39c889e129c2,CLEAN_BY_OFFICIAL_EXCLUSION,SQL,0.5452855131027119,0.5527739067035132,1.0,0.0,timesfm-3.0,native_default,10624,13360,16096,False,native,20,20,0.5452855199575424,1.2571084901950569e-08,55.95836879996932,3338.0263671875,OK,[],[],21,"{""entry_point"": ""TimesFM3Evaluator.predict_batch"", ""per_core_batch_size"": 32, ""univariate_flag"": false}","{""MASE"": 0.6743439240106495, ""WAPE"": 0.5670110309432944, ""WQL"": 0.4533172299763522}","{""model_name"": ""timesfm-3.0"", ""dataset_path"": ""autogluon/fev_datasets"", ""dataset_config"": ""boomlet_1062"", ""horizon"": 288, ""num_windows"": 20, ""initial_cutoff"": -5760, ""window_step_size"": 288, ""min_context_length"": 1, ""seasonality"": 288, ""eval_metric"": ""SQL"", ""id_column"": ""id"", ""timestamp_column"": ""timestamp"", ""task_name"": ""boomlet_1062"", ""test_error"": 0.5452855131027119, ""inference_time_s"": 55.95836879996932, ""num_forecasts"": 420, ""dataset_fingerprint"": ""eec81c201b8778e1"", ""trained_on_this_dataset"": false, ""fev_version"": ""0.10.0"", ""SQL"": 0.5452855131027119, ""MASE"": 0.6743439240106495, ""WAPE"": 0.5670110309432944, ""WQL"": 0.4533172299763522}",2026-09-07T02:34:34.975389+00:00,288,20,288,16384,1,21,0,0,True,False,False,0.017578
fev-bench,M,discovery,fevbench::boomlet_1062::boomlet_1062,boomlet_1062,cloud,5T,sub_hourly,tirex-2,primary,recurrent_xlstm,05e5b26db52bfb256f1ae1bdf785589850482de3,OVERLAP_RISK_UNKNOWN,SQL,0.5552812816891072,0.5629069469535029,3.0,1.8331256463276777,timesfm-3.0,native_default,10624,13360,16096,False,native,20,20,0.5552812784910202,5.759400006610356e-09,5.5442554000765085,401.25341796875,OK,[],[],21,"{""entry_point"": ""tirex2.ForecastModel.forecast"", ""batch_size"": 256, ""native_pytorch_kernels"": true, ""point_forecast"": ""median quantile (model emits no separate mean)""}","{""MASE"": 0.6826070423195751, ""WAPE"": 0.5780871339165415, ""WQL"": 0.4647231688482692}","{""model_name"": ""tirex-2"", ""dataset_path"": ""autogluon/fev_datasets"", ""dataset_config"": ""boomlet_1062"", ""horizon"": 288, ""num_windows"": 20, ""initial_cutoff"": -5760, ""window_step_size"": 288, ""min_context_length"": 1, ""seasonality"": 288, ""eval_metric"": ""SQL"", ""id_column"": ""id"", ""timestamp_column"": ""timestamp"", ""task_name"": ""boomlet_1062"", ""test_error"": 0.5552812816891072, ""inference_time_s"": 5.5442554000765085, ""num_forecasts"": 420, ""dataset_fingerprint"": ""eec81c201b8778e1"", ""trained_on_this_dataset"": false, ""fev_version"": ""0.10.0"", ""SQL"": 0.5552812816891072, ""MASE"": 0.6826070423195751, ""WAPE"": 0.5780871339165415, ""WQL"": 0.4647231688482692}",2026-09-07T02:32:48.946010+00:00,288,20,288,16384,1,21,0,0,True,False,False,0.017578
fev-bench,M,discovery,fevbench::uci_air_quality_1H::uci_air_quality_1H,uci_air_quality_1H,nature,H,hourly,chronos-2,primary,transformer_encoder,29ec3766d36d6f73f0696f85560a422f50e8498c,OVERLAP_RISK_UNKNOWN,SQL,0.8908024697070142,0.676547386090343,3.0,5.963501387808499,timesfm-3.0,native_default,5997,7593,9189,False,native,20,20,0.8916153609752655,0.0009125381842718831,1.1748901999962982,545.45068359375,OK,[],[],4,"{""entry_point"": ""Chronos2Pipeline.predict_quantiles"", ""batch_size"": 256, ""default_context_length"": 2048}","{""MASE"": 1.1464157777753041, ""WAPE"": 0.3867067705432008, ""WQL"": 0.30033680188263745}","{""model_name"": ""chronos-2"", ""dataset_path"": ""autogluon/fev_datasets"", ""dataset_config"": ""uci_air_quality_1H"", ""horizon"": 168, ""num_windows"": 20, ""initial_cutoff"": -3360, ""window_step_size"": 168, ""min_context_length"": 1, ""seasonality"": 24, ""eval_metric"": ""SQL"", ""id_column"": ""id"", ""timestamp_column"": ""timestamp"", ""task_name"": ""uci_air_quality_1H"", ""test_error"": 0.8908024697070142, ""inference_time_s"": 1.1748901999962982, ""num_forecasts"": 80, ""dataset_fingerprint"": ""770ea30aa1f2a0fd"", ""trained_on_this_dataset"": false, ""fev_version"": ""0.10.0"", ""SQL"": 0.8908024697070142, ""MASE"": 1.1464157777753041, ""WAPE"": 0.3867067705432008, ""WQL"": 0.30033680188263745}",2026-09-07T02:24:54.364080+00:00,168,20,24,9357,1,4,3,0,True,True,False,0.017954
fev-bench,M,discovery,fevbench::uci_air_quality_1H::uci_air_quality_1H,uci_air_quality_1H,nature,H,hourly,chronos-2-synth,diagnostic,transformer_encoder,3607918a9fd027d5c465d8213e46b98e2c041cea,SYNTH_ONLY_DIAGNOSTIC,SQL,0.9595008862519714,0.7287225155074437,4.0,14.135374507217412,timesfm-3.0,native_default,5997,7593,9189,False,native,20,20,0.9579948455095291,0.001569608495438971,2.295108700025594,543.57470703125,OK,[],[],4,"{""entry_point"": ""Chronos2Pipeline.predict_quantiles"", ""batch_size"": 256, ""default_context_length"": 2048}","{""MASE"": 1.187918495693459, ""WAPE"": 0.3752958170440899, ""WQL"": 0.307145401338504}","{""model_name"": ""chronos-2-synth"", ""dataset_path"": ""autogluon/fev_datasets"", ""dataset_config"": ""uci_air_quality_1H"", ""horizon"": 168, ""num_windows"": 20, ""initial_cutoff"": -3360, ""window_step_size"": 168, ""min_context_length"": 1, ""seasonality"": 24, ""eval_metric"": ""SQL"", ""id_column"": ""id"", ""timestamp_column"": ""timestamp"", ""task_name"": ""uci_air_quality_1H"", ""test_error"": 0.9595008862519714, ""inference_time_s"": 2.295108700025594, ""num_forecasts"": 80, ""dataset_fingerprint"": ""770ea30aa1f2a0fd"", ""trained_on_this_dataset"": false, ""fev_version"": ""0.10.0"", ""SQL"": 0.9595008862519714, ""MASE"": 1.187918495693459, ""WAPE"": 0.3752958170440899, ""WQL"": 0.307145401338504}",2026-09-07T02:38:15.747981+00:00,168,20,24,9357,1,4,3,0,True,True,False,0.017954
fev-bench,M,discovery,fevbench::uci_air_quality_1H::uci_air_quality_1H,uci_air_quality_1H,nature,H,hourly,linear-ar-specialist,baseline,baseline,,NOT_APPLICABLE,SQL,1.2048644436531455,0.9150714301621031,5.0,43.32207137812778,timesfm-3.0,native_default,5997,7593,9189,False,native,20,20,1.20936062335968,0.0037316892619904973,1.332084599911468,,OK,[],[],4,"{""estimator"": ""linear_ar_specialist"", ""seasonality"": 24, ""ridge_alpha"": 1.0, ""fitted_on"": ""visible history of each series only""}","{""MASE"": 1.5247264072267277, ""WAPE"": 0.5061904642237237, ""WQL"": 0.39197332872554913}","{""model_name"": ""linear-ar-specialist"", ""dataset_path"": ""autogluon/fev_datasets"", ""dataset_config"": ""uci_air_quality_1H"", ""horizon"": 168, ""num_windows"": 20, ""initial_cutoff"": -3360, ""window_step_size"": 168, ""min_context_length"": 1, ""seasonality"": 24, ""eval_metric"": ""SQL"", ""id_column"": ""id"", ""timestamp_column"": ""timestamp"", ""task_name"": ""uci_air_quality_1H"", ""test_error"": 1.2048644436531455, ""inference_time_s"": 1.332084599911468, ""num_forecasts"": 80, ""dataset_fingerprint"": ""770ea30aa1f2a0fd"", ""trained_on_this_dataset"": true, ""fev_version"": ""0.10.0"", ""SQL"": 1.2048644436531455, ""MASE"": 1.5247264072267277, ""WAPE"": 0.5061904642237237, ""WQL"": 0.39197332872554913}",2026-09-07T02:40:21.130158+00:00,168,20,24,9357,1,4,3,0,True,True,False,0.017954
fev-bench,M,discovery,fevbench::uci_air_quality_1H::uci_air_quality_1H,uci_air_quality_1H,nature,H,hourly,seasonal-naive,baseline,baseline,,NOT_APPLICABLE,SQL,1.3166889533855364,1.0,6.0,56.62391661898849,timesfm-3.0,native_default,5997,7593,9189,False,native,20,20,1.3140500098466874,0.0020042269907889687,0.008201400021789595,,OK,[],[],4,"{""estimator"": ""seasonal_naive"", ""seasonality"": 24}","{""MASE"": 1.4552842725891904, ""WAPE"": 0.46035849692003694, ""WQL"": 0.4381894823326452}","{""model_name"": ""seasonal-naive"", ""dataset_path"": ""autogluon/fev_datasets"", ""dataset_config"": ""uci_air_quality_1H"", ""horizon"": 168, ""num_windows"": 20, ""initial_cutoff"": -3360, ""window_step_size"": 168, ""min_context_length"": 1, ""seasonality"": 24, ""eval_metric"": ""SQL"", ""id_column"": ""id"", ""timestamp_column"": ""timestamp"", ""task_name"": ""uci_air_quality_1H"", ""test_error"": 1.3166889533855364, ""inference_time_s"": 0.008201400021789595, ""num_forecasts"": 80, ""dataset_fingerprint"": ""770ea30aa1f2a0fd"", ""trained_on_this_dataset"": false, ""fev_version"": ""0.10.0"", ""SQL"": 1.3166889533855364, ""MASE"": 1.4552842725891904, ""WAPE"": 0.46035849692003694, ""WQL"": 0.4381894823326452}",2026-09-07T02:38:53.649548+00:00,168,20,24,9357,1,4,3,0,True,True,False,0.017954
fev-bench,M,discovery,fevbench::uci_air_quality_1H::uci_air_quality_1H,uci_air_quality_1H,nature,H,hourly,timesfm-3.0,primary,transformer_patch_variate,43046b85ec22d584a13f8098c2ed39c889e129c2,CLEAN_BY_OFFICIAL_EXCLUSION,SQL,0.8406691530952981,0.6384720939092924,1.0,0.0,timesfm-3.0,native_default,5997,7593,9189,False,native,20,20,0.842251506447792,0.001882254566695786,28.987004799972055,1441.09765625,OK,[],[],4,"{""entry_point"": ""TimesFM3Evaluator.predict_batch"", ""per_core_batch_size"": 32, ""univariate_flag"": false}","{""MASE"": 1.0849472765960804, ""WAPE"": 0.35469600943417295, ""WQL"": 0.2743305330456437}","{""model_name"": ""timesfm-3.0"", ""dataset_path"": ""autogluon/fev_datasets"", ""dataset_config"": ""uci_air_quality_1H"", ""horizon"": 168, ""num_windows"": 20, ""initial_cutoff"": -3360, ""window_step_size"": 168, ""min_context_length"": 1, ""seasonality"": 24, ""eval_metric"": ""SQL"", ""id_column"": ""id"", ""timestamp_column"": ""timestamp"", ""task_name"": ""uci_air_quality_1H"", ""test_error"": 0.8406691530952981, ""inference_time_s"": 28.987004799972055, ""num_forecasts"": 80, ""dataset_fingerprint"": ""770ea30aa1f2a0fd"", ""trained_on_this_dataset"": false, ""fev_version"": ""0.10.0"", ""SQL"": 0.8406691530952981, ""MASE"": 1.0849472765960804, ""WAPE"": 0.35469600943417295, ""WQL"": 0.2743305330456437}",2026-09-07T02:37:18.192591+00:00,168,20,24,9357,1,4,3,0,True,True,False,0.017954
fev-bench,M,discovery,fevbench::uci_air_quality_1H::uci_air_quality_1H,uci_air_quality_1H,nature,H,hourly,tirex-2,primary,recurrent_xlstm,05e5b26db52bfb256f1ae1bdf785589850482de3,OVERLAP_RISK_UNKNOWN,SQL,0.8520180509768375,0.6470913641267257,2.0,1.3499838598518028,timesfm-3.0,native_default,5997,7593,9189,False,native,20,20,0.852713480591774,0.0008162146496065508,4.931281199998921,337.9248046875,OK,[],[],4,"{""entry_point"": ""tirex2.ForecastModel.forecast"", ""batch_size"": 256, ""native_pytorch_kernels"": true, ""point_forecast"": ""median quantile (model emits no separate mean)""}","{""MASE"": 1.0920854493823284, ""WAPE"": 0.3628381367668142, ""WQL"": 0.2832348898125392}","{""model_name"": ""tirex-2"", ""dataset_path"": ""autogluon/fev_datasets"", ""dataset_config"": ""uci_air_quality_1H"", ""horizon"": 168, ""num_windows"": 20, ""initial_cutoff"": -3360, ""window_step_size"": 168, ""min_context_length"": 1, ""seasonality"": 24, ""eval_metric"": ""SQL"", ""id_column"": ""id"", ""timestamp_column"": ""timestamp"", ""task_name"": ""uci_air_quality_1H"", ""test_error"": 0.8520180509768375, ""inference_time_s"": 4.931281199998921, ""num_forecasts"": 80, ""dataset_fingerprint"": ""770ea30aa1f2a0fd"", ""trained_on_this_dataset"": false, ""fev_version"": ""0.10.0"", ""SQL"": 0.8520180509768375, ""MASE"": 1.0920854493823284, ""WAPE"": 0.3628381367668142, ""WQL"": 0.2832348898125392}",2026-09-07T02:33:13.752775+00:00,168,20,24,9357,1,4,3,0,True,True,False,0.017954
fev-bench,U,confirmation,fevbench::epf_be::epf_be,epf_be,energy,H,hourly,chronos-2,primary,transformer_encoder,29ec3766d36d6f73f0696f85560a422f50e8498c,OVERLAP_RISK_UNKNOWN,SQL,0.5422816364694315,0.555815899875529,2.0,5.837808394757669,timesfm-3.0,native_default,51936,52164,52392,False,none,20,20,0.5422816336154938,5.262833112642327e-09,0.5880326999176759,486.54052734375,OK,[],[],1,"{""entry_point"": ""Chronos2Pipeline.predict_quantiles"", ""batch_size"": 256, ""default_context_length"": 2048}","{""MASE"": 0.6917059064008793, ""WAPE"": 0.1277551662891713, ""WQL"": 0.10037095368351219}","{""model_name"": ""chronos-2"", ""dataset_path"": ""autogluon/fev_datasets"", ""dataset_config"": ""epf_be"", ""horizon"": 24, ""num_windows"": 20, ""initial_cutoff"": -480, ""window_step_size"": 24, ""min_context_length"": 1, ""seasonality"": 24, ""eval_metric"": ""SQL"", ""id_column"": ""id"", ""timestamp_column"": ""timestamp"", ""target"": ""target"", ""task_name"": ""epf_be"", ""test_error"": 0.5422816364694315, ""inference_time_s"": 0.5880326999176759, ""num_forecasts"": 20, ""dataset_fingerprint"": ""2b9df413e5ec356e"", ""trained_on_this_dataset"": false, ""fev_version"": ""0.10.0"", ""SQL"": 0.5422816364694315, ""MASE"": 0.6917059064008793, ""WAPE"": 0.1277551662891713, ""WQL"": 0.10037095368351219}",2026-09-07T02:56:42.193832+00:00,24,20,24,52416,1,1,2,0,False,True,False,0.000458
fev-bench,U,confirmation,fevbench::epf_be::epf_be,epf_be,energy,H,hourly,chronos-2-synth,diagnostic,transformer_encoder,3607918a9fd027d5c465d8213e46b98e2c041cea,SYNTH_ONLY_DIAGNOSTIC,SQL,0.6139146481151391,0.6292367280043781,4.0,19.818515930158807,timesfm-3.0,native_default,51936,52164,52392,False,none,20,20,0.6139146506786346,4.175654604160864e-09,0.5205841001006775,484.11083984375,OK,[],[],1,"{""entry_point"": ""Chronos2Pipeline.predict_quantiles"", ""batch_size"": 256, ""default_context_length"": 2048}","{""MASE"": 0.7622433789052355, ""WAPE"": 0.1391349725909375, ""WQL"": 0.11225053303307524}","{""model_name"": ""chronos-2-synth"", ""dataset_path"": ""autogluon/fev_datasets"", ""dataset_config"": ""epf_be"", ""horizon"": 24, ""num_windows"": 20, ""initial_cutoff"": -480, ""window_step_size"": 24, ""min_context_length"": 1, ""seasonality"": 24, ""eval_metric"": ""SQL"", ""id_column"": ""id"", ""timestamp_column"": ""timestamp"", ""target"": ""target"", ""task_name"": ""epf_be"", ""test_error"": 0.6139146481151391, ""inference_time_s"": 0.5205841001006775, ""num_forecasts"": 20, ""dataset_fingerprint"": ""2b9df413e5ec356e"", ""trained_on_this_dataset"": false, ""fev_version"": ""0.10.0"", ""SQL"": 0.6139146481151391, ""MASE"": 0.7622433789052355, ""WAPE"": 0.1391349725909375, ""WQL"": 0.11225053303307524}",2026-09-07T03:07:35.940888+00:00,24,20,24,52416,1,1,2,0,False,True,False,0.000458
fev-bench,U,confirmation,fevbench::epf_be::epf_be,epf_be,energy,H,hourly,linear-ar-specialist,baseline,baseline,,NOT_APPLICABLE,SQL,1.0868839198971374,1.1140103654089408,6.0,112.12854045796334,timesfm-3.0,native_default,51936,52164,52392,False,none,20,20,1.0868839174509048,2.250684277387278e-09,0.2929110999975819,,OK,[],[],1,"{""estimator"": ""linear_ar_specialist"", ""seasonality"": 24, ""ridge_alpha"": 1.0, ""fitted_on"": ""visible history of each series only""}","{""MASE"": 1.3584856587490135, ""WAPE"": 0.22826034182358906, ""WQL"": 0.1849448495948922}","{""model_name"": ""linear-ar-specialist"", ""dataset_path"": ""autogluon/fev_datasets"", ""dataset_config"": ""epf_be"", ""horizon"": 24, ""num_windows"": 20, ""initial_cutoff"": -480, ""window_step_size"": 24, ""min_context_length"": 1, ""seasonality"": 24, ""eval_metric"": ""SQL"", ""id_column"": ""id"", ""timestamp_column"": ""timestamp"", ""target"": ""target"", ""task_name"": ""epf_be"", ""test_error"": 1.0868839198971374, ""inference_time_s"": 0.2929110999975819, ""num_forecasts"": 20, ""dataset_fingerprint"": ""2b9df413e5ec356e"", ""trained_on_this_dataset"": true, ""fev_version"": ""0.10.0"", ""SQL"": 1.0868839198971374, ""MASE"": 1.3584856587490135, ""WAPE"": 0.22826034182358906, ""WQL"": 0.1849448495948922}",2026-09-07T03:09:30.645346+00:00,24,20,24,52416,1,1,2,0,False,True,False,0.000458
fev-bench,U,confirmation,fevbench::epf_be::epf_be,epf_be,energy,H,hourly,seasonal-naive,baseline,baseline,,NOT_APPLICABLE,SQL,0.9756497368838704,1.0,5.0,90.41882108528974,timesfm-3.0,native_default,51936,52164,52392,False,none,20,20,0.9756497412919998,4.518147497403188e-09,0.004346499976236373,,OK,[],[],1,"{""estimator"": ""seasonal_naive"", ""seasonality"": 24}","{""MASE"": 1.0270532222597004, ""WAPE"": 0.18400444965776305, ""WQL"": 0.17301191589831252}","{""model_name"": ""seasonal-naive"", ""dataset_path"": ""autogluon/fev_datasets"", ""dataset_config"": ""epf_be"", ""horizon"": 24, ""num_windows"": 20, ""initial_cutoff"": -480, ""window_step_size"": 24, ""min_context_length"": 1, ""seasonality"": 24, ""eval_metric"": ""SQL"", ""id_column"": ""id"", ""timestamp_column"": ""timestamp"", ""target"": ""target"", ""task_name"": ""epf_be"", ""test_error"": 0.9756497368838704, ""inference_time_s"": 0.004346499976236373, ""num_forecasts"": 20, ""dataset_fingerprint"": ""2b9df413e5ec356e"", ""trained_on_this_dataset"": false, ""fev_version"": ""0.10.0"", ""SQL"": 0.9756497368838704, ""MASE"": 1.0270532222597004, ""WAPE"": 0.18400444965776305, ""WQL"": 0.17301191589831252}",2026-09-07T03:08:31.377035+00:00,24,20,24,52416,1,1,2,0,False,True,False,0.000458
fev-bench,U,confirmation,fevbench::epf_be::epf_be,epf_be,energy,H,hourly,timesfm-3.0,primary,transformer_patch_variate,43046b85ec22d584a13f8098c2ed39c889e129c2,CLEAN_BY_OFFICIAL_EXCLUSION,SQL,0.5123704323570363,0.5251581720233915,1.0,0.0,timesfm-3.0,native_default,51936,52164,52392,False,none,20,20,0.5123704329133034,1.0856737788321197e-09,14.661192899977323,1366.490234375,OK,[],[],1,"{""entry_point"": ""TimesFM3Evaluator.predict_batch"", ""per_core_batch_size"": 32, ""univariate_flag"": true}","{""MASE"": 0.6491006430066981, ""WAPE"": 0.11777599484242215, ""WQL"": 0.0929397950559166}","{""model_name"": ""timesfm-3.0"", ""dataset_path"": ""autogluon/fev_datasets"", ""dataset_config"": ""epf_be"", ""horizon"": 24, ""num_windows"": 20, ""initial_cutoff"": -480, ""window_step_size"": 24, ""min_context_length"": 1, ""seasonality"": 24, ""eval_metric"": ""SQL"", ""id_column"": ""id"", ""timestamp_column"": ""timestamp"", ""target"": ""target"", ""task_name"": ""epf_be"", ""test_error"": 0.5123704323570363, ""inference_time_s"": 14.661192899977323, ""num_forecasts"": 20, ""dataset_fingerprint"": ""2b9df413e5ec356e"", ""trained_on_this_dataset"": false, ""fev_version"": ""0.10.0"", ""SQL"": 0.5123704323570363, ""MASE"": 0.6491006430066981, ""WAPE"": 0.11777599484242215, ""WQL"": 0.0929397950559166}",2026-09-07T03:05:47.926941+00:00,24,20,24,52416,1,1,2,0,False,True,False,0.000458
fev-bench,U,confirmation,fevbench::epf_be::epf_be,epf_be,energy,H,hourly,tirex-2,primary,recurrent_xlstm,05e5b26db52bfb256f1ae1bdf785589850482de3,OVERLAP_RISK_UNKNOWN,SQL,0.5796854492759955,0.5941532369264548,3.0,13.13795891954436,timesfm-3.0,native_default,51936,52164,52392,False,none,20,20,0.5796854466199874,4.581809123300731e-09,4.054397900006734,327.83984375,OK,[],[],1,"{""entry_point"": ""tirex2.ForecastModel.forecast"", ""batch_size"": 256, ""native_pytorch_kernels"": true, ""point_forecast"": ""median quantile (model emits no separate mean)""}","{""MASE"": 0.7300840155613928, ""WAPE"": 0.13485944968323776, ""WQL"": 0.1076869879516162}","{""model_name"": ""tirex-2"", ""dataset_path"": ""autogluon/fev_datasets"", ""dataset_config"": ""epf_be"", ""horizon"": 24, ""num_windows"": 20, ""initial_cutoff"": -480, ""window_step_size"": 24, ""min_context_length"": 1, ""seasonality"": 24, ""eval_metric"": ""SQL"", ""id_column"": ""id"", ""timestamp_column"": ""timestamp"", ""target"": ""target"", ""task_name"": ""epf_be"", ""test_error"": 0.5796854492759955, ""inference_time_s"": 4.054397900006734, ""num_forecasts"": 20, ""dataset_fingerprint"": ""2b9df413e5ec356e"", ""trained_on_this_dataset"": false, ""fev_version"": ""0.10.0"", ""SQL"": 0.5796854492759955, ""MASE"": 0.7300840155613928, ""WAPE"": 0.13485944968323776, ""WQL"": 0.1076869879516162}",2026-09-07T02:59:01.351546+00:00,24,20,24,52416,1,1,2,0,False,True,False,0.000458
fev-bench,U,confirmation,fevbench::ercot_1D::ercot_1D,ercot_1D,energy,D,daily_or_coarser,chronos-2,primary,transformer_encoder,29ec3766d36d6f73f0696f85560a422f50e8498c,OVERLAP_RISK_UNKNOWN,SQL,0.8801605219285451,0.6641712501112057,3.0,12.906723048215856,timesfm-3.0,native_default,5892,6158,6424,False,none,20,160,0.8801605195738376,2.6753160149751035e-09,1.5733721999858972,590.23681640625,OK,[],[],1,"{""entry_point"": ""Chronos2Pipeline.predict_quantiles"", ""batch_size"": 256, ""default_context_length"": 2048}","{""MASE"": 1.1365096759039832, ""WAPE"": 0.07629060529738975, ""WQL"": 0.05917745589487074}","{""model_name"": ""chronos-2"", ""dataset_path"": ""autogluon/fev_datasets"", ""dataset_config"": ""ercot_1D"", ""horizon"": 28, ""num_windows"": 20, ""initial_cutoff"": -560, ""window_step_size"": 28, ""min_context_length"": 1, ""seasonality"": 7, ""eval_metric"": ""SQL"", ""id_column"": ""id"", ""timestamp_column"": ""timestamp"", ""target"": ""target"", ""task_name"": ""ercot_1D"", ""test_error"": 0.8801605219285451, ""inference_time_s"": 1.5733721999858972, ""num_forecasts"": 160, ""dataset_fingerprint"": ""765631b415c5e31b"", ""trained_on_this_dataset"": false, ""fev_version"": ""0.10.0"", ""SQL"": 0.8801605219285451, ""MASE"": 1.1365096759039832, ""WAPE"": 0.07629060529738975, ""WQL"": 0.05917745589487074}",2026-09-07T02:56:32.787772+00:00,28,20,7,6452,8,1,0,0,False,False,False,0.00434
fev-bench,U,confirmation,fevbench::ercot_1D::ercot_1D,ercot_1D,energy,D,daily_or_coarser,chronos-2-synth,diagnostic,transformer_encoder,3607918a9fd027d5c465d8213e46b98e2c041cea,SYNTH_ONLY_DIAGNOSTIC,SQL,0.884411487892226,0.6673790392677698,4.0,13.452035664256677,timesfm-3.0,native_default,5892,6158,6424,False,none,20,160,0.8844114878214896,7.998134091704578e-11,1.7113025000726338,588.36083984375,OK,[],[],1,"{""entry_point"": ""Chronos2Pipeline.predict_quantiles"", ""batch_size"": 256, ""default_context_length"": 2048}","{""MASE"": 1.1284182143144552, ""WAPE"": 0.0777073663737636, ""WQL"": 0.060420091395066364}","{""model_name"": ""chronos-2-synth"", ""dataset_path"": ""autogluon/fev_datasets"", ""dataset_config"": ""ercot_1D"", ""horizon"": 28, ""num_windows"": 20, ""initial_cutoff"": -560, ""window_step_size"": 28, ""min_context_length"": 1, ""seasonality"": 7, ""eval_metric"": ""SQL"", ""id_column"": ""id"", ""timestamp_column"": ""timestamp"", ""target"": ""target"", ""task_name"": ""ercot_1D"", ""test_error"": 0.884411487892226, ""inference_time_s"": 1.7113025000726338, ""num_forecasts"": 160, ""dataset_fingerprint"": ""765631b415c5e31b"", ""trained_on_this_dataset"": false, ""fev_version"": ""0.10.0"", ""SQL"": 0.884411487892226, ""MASE"": 1.1284182143144552, ""WAPE"": 0.0777073663737636, ""WQL"": 0.060420091395066364}",2026-09-07T03:07:28.564988+00:00,28,20,7,6452,8,1,0,0,False,False,False,0.00434
fev-bench,U,confirmation,fevbench::ercot_1D::ercot_1D,ercot_1D,energy,D,daily_or_coarser,linear-ar-specialist,baseline,baseline,,NOT_APPLICABLE,SQL,1.1041397642778825,0.8331865259431261,5.0,41.63871187802036,timesfm-3.0,native_default,5892,6158,6424,False,none,20,160,1.1041397677734495,3.165873615008783e-09,0.2861809999740217,,OK,[],[],1,"{""estimator"": ""linear_ar_specialist"", ""seasonality"": 7, ""ridge_alpha"": 1.0, ""fitted_on"": ""visible history of each series only""}","{""MASE"": 1.385629316542603, ""WAPE"": 0.1066495375731525, ""WQL"": 0.08460985496110952}","{""model_name"": ""linear-ar-specialist"", ""dataset_path"": ""autogluon/fev_datasets"", ""dataset_config"": ""ercot_1D"", ""horizon"": 28, ""num_windows"": 20, ""initial_cutoff"": -560, ""window_step_size"": 28, ""min_context_length"": 1, ""seasonality"": 7, ""eval_metric"": ""SQL"", ""id_column"": ""id"", ""timestamp_column"": ""timestamp"", ""target"": ""target"", ""task_name"": ""ercot_1D"", ""test_error"": 1.1041397642778825, ""inference_time_s"": 0.2861809999740217, ""num_forecasts"": 160, ""dataset_fingerprint"": ""765631b415c5e31b"", ""trained_on_this_dataset"": true, ""fev_version"": ""0.10.0"", ""SQL"": 1.1041397642778825, ""MASE"": 1.385629316542603, ""WAPE"": 0.1066495375731525, ""WQL"": 0.08460985496110952}",2026-09-07T03:09:23.690225+00:00,28,20,7,6452,8,1,0,0,False,False,False,0.00434
fev-bench,U,confirmation,fevbench::ercot_1D::ercot_1D,ercot_1D,energy,D,daily_or_coarser,seasonal-naive,baseline,baseline,,NOT_APPLICABLE,SQL,1.3252011763248939,1.0,6.0,69.99640232742878,timesfm-3.0,native_default,5892,6158,6424,False,none,20,160,1.3252011824399232,4.614415894735679e-09,0.013300999999046326,,OK,[],[],1,"{""estimator"": ""seasonal_naive"", ""seasonality"": 7}","{""MASE"": 1.5987746677415704, ""WAPE"": 0.12457402030262472, ""WQL"": 0.10325244559477967}","{""model_name"": ""seasonal-naive"", ""dataset_path"": ""autogluon/fev_datasets"", ""dataset_config"": ""ercot_1D"", ""horizon"": 28, ""num_windows"": 20, ""initial_cutoff"": -560, ""window_step_size"": 28, ""min_context_length"": 1, ""seasonality"": 7, ""eval_metric"": ""SQL"", ""id_column"": ""id"", ""timestamp_column"": ""timestamp"", ""target"": ""target"", ""task_name"": ""ercot_1D"", ""test_error"": 1.3252011763248939, ""inference_time_s"": 0.013300999999046326, ""num_forecasts"": 160, ""dataset_fingerprint"": ""765631b415c5e31b"", ""trained_on_this_dataset"": false, ""fev_version"": ""0.10.0"", ""SQL"": 1.3252011763248939, ""MASE"": 1.5987746677415704, ""WAPE"": 0.12457402030262472, ""WQL"": 0.10325244559477967}",2026-09-07T03:08:24.725552+00:00,28,20,7,6452,8,1,0,0,False,False,False,0.00434
fev-bench,U,confirmation,fevbench::ercot_1D::ercot_1D,ercot_1D,energy,D,daily_or_coarser,timesfm-3.0,primary,transformer_patch_variate,43046b85ec22d584a13f8098c2ed39c889e129c2,CLEAN_BY_OFFICIAL_EXCLUSION,SQL,0.7795466010936125,0.5882477430751196,1.0,0.0,timesfm-3.0,native_default,5892,6158,6424,False,none,20,160,0.7795465991832315,2.4506308690866133e-09,14.874314799992135,1466.37548828125,OK,[],[],1,"{""entry_point"": ""TimesFM3Evaluator.predict_batch"", ""per_core_batch_size"": 32, ""univariate_flag"": true}","{""MASE"": 0.9858989752825366, ""WAPE"": 0.07324374817825327, ""WQL"": 0.05744560747276867}","{""model_name"": ""timesfm-3.0"", ""dataset_path"": ""autogluon/fev_datasets"", ""dataset_config"": ""ercot_1D"", ""horizon"": 28, ""num_windows"": 20, ""initial_cutoff"": -560, ""window_step_size"": 28, ""min_context_length"": 1, ""seasonality"": 7, ""eval_metric"": ""SQL"", ""id_column"": ""id"", ""timestamp_column"": ""timestamp"", ""target"": ""target"", ""task_name"": ""ercot_1D"", ""test_error"": 0.7795466010936125, ""inference_time_s"": 14.874314799992135, ""num_forecasts"": 160, ""dataset_fingerprint"": ""765631b415c5e31b"", ""trained_on_this_dataset"": false, ""fev_version"": ""0.10.0"", ""SQL"": 0.7795466010936125, ""MASE"": 0.9858989752825366, ""WAPE"": 0.07324374817825327, ""WQL"": 0.05744560747276867}",2026-09-07T03:05:26.536013+00:00,28,20,7,6452,8,1,0,0,False,False,False,0.00434
fev-bench,U,confirmation,fevbench::ercot_1D::ercot_1D,ercot_1D,energy,D,daily_or_coarser,tirex-2,primary,recurrent_xlstm,05e5b26db52bfb256f1ae1bdf785589850482de3,OVERLAP_RISK_UNKNOWN,SQL,0.8072494842366403,0.6091524054297477,2.0,3.5537173921564054,timesfm-3.0,native_default,5892,6158,6424,False,none,20,160,0.8072494807653129,4.3001915956568455e-09,3.645311300002504,354.736328125,OK,[],[],1,"{""entry_point"": ""tirex2.ForecastModel.forecast"", ""batch_size"": 256, ""native_pytorch_kernels"": true, ""point_forecast"": ""median quantile (model emits no separate mean)""}","{""MASE"": 1.0298523635436656, ""WAPE"": 0.07501802520304371, ""WQL"": 0.058221613400373386}","{""model_name"": ""tirex-2"", ""dataset_path"": ""autogluon/fev_datasets"", ""dataset_config"": ""ercot_1D"", ""horizon"": 28, ""num_windows"": 20, ""initial_cutoff"": -560, ""window_step_size"": 28, ""min_context_length"": 1, ""seasonality"": 7, ""eval_metric"": ""SQL"", ""id_column"": ""id"", ""timestamp_column"": ""timestamp"", ""target"": ""target"", ""task_name"": ""ercot_1D"", ""test_error"": 0.8072494842366403, ""inference_time_s"": 3.645311300002504, ""num_forecasts"": 160, ""dataset_fingerprint"": ""765631b415c5e31b"", ""trained_on_this_dataset"": false, ""fev_version"": ""0.10.0"", ""SQL"": 0.8072494842366403, ""MASE"": 1.0298523635436656, ""WAPE"": 0.07501802520304371, ""WQL"": 0.058221613400373386}",2026-09-07T02:58:50.485987+00:00,28,20,7,6452,8,1,0,0,False,False,False,0.00434
fev-bench,U,confirmation,fevbench::favorita_stores_1D::favorita_stores_1D,favorita_stores_1D,retail,D,daily_or_coarser,chronos-2,primary,transformer_encoder,29ec3766d36d6f73f0696f85560a422f50e8498c,OVERLAP_RISK_UNKNOWN,SQL,0.9456318549048417,0.5727875218269409,2.0,1.0111013251244276,timesfm-3.0,native_default,1408,1534,1660,False,none,10,15790,0.9456318551491641,2.583695228668541e-10,39.53511629998684,1868.6904296875,OK,[],[],1,"{""entry_point"": ""Chronos2Pipeline.predict_quantiles"", ""batch_size"": 256, ""default_context_length"": 2048}","{""MASE"": 1.1728760192052747, ""WAPE"": 0.1448654625595327, ""WQL"": 0.11702887743655}","{""model_name"": ""chronos-2"", ""dataset_path"": ""autogluon/fev_datasets"", ""dataset_config"": ""favorita_stores_1D"", ""horizon"": 28, ""num_windows"": 10, ""initial_cutoff"": -280, ""window_step_size"": 28, ""min_context_length"": 1, ""seasonality"": 7, ""eval_metric"": ""SQL"", ""id_column"": ""id"", ""timestamp_column"": ""timestamp"", ""target"": ""sales"", ""task_name"": ""favorita_stores_1D"", ""test_error"": 0.9456318549048417, ""inference_time_s"": 39.53511629998684, ""num_forecasts"": 15790, ""dataset_fingerprint"": ""2f332ce1cd71d139"", ""trained_on_this_dataset"": false, ""fev_version"": ""0.10.0"", ""SQL"": 0.9456318549048417, ""MASE"": 1.1728760192052747, ""WAPE"": 0.1448654625595327, ""WQL"": 0.11702887743655}",2026-09-07T02:55:55.982785+00:00,28,10,7,1688,1579,1,2,1,False,True,True,0.016588
fev-bench,U,confirmation,fevbench::favorita_stores_1D::favorita_stores_1D,favorita_stores_1D,retail,D,daily_or_coarser,chronos-2-synth,diagnostic,transformer_encoder,3607918a9fd027d5c465d8213e46b98e2c041cea,SYNTH_ONLY_DIAGNOSTIC,SQL,0.9612324103693639,0.5822370802965492,3.0,2.6775313217256436,timesfm-3.0,native_default,1408,1534,1660,False,none,10,15790,0.9612324103217146,4.9571080222596674e-11,39.590904199983925,1866.373046875,OK,[],[],1,"{""entry_point"": ""Chronos2Pipeline.predict_quantiles"", ""batch_size"": 256, ""default_context_length"": 2048}","{""MASE"": 1.1887928554728766, ""WAPE"": 0.14692768658532462, ""WQL"": 0.11917044449906004}","{""model_name"": ""chronos-2-synth"", ""dataset_path"": ""autogluon/fev_datasets"", ""dataset_config"": ""favorita_stores_1D"", ""horizon"": 28, ""num_windows"": 10, ""initial_cutoff"": -280, ""window_step_size"": 28, ""min_context_length"": 1, ""seasonality"": 7, ""eval_metric"": ""SQL"", ""id_column"": ""id"", ""timestamp_column"": ""timestamp"", ""target"": ""sales"", ""task_name"": ""favorita_stores_1D"", ""test_error"": 0.9612324103693639, ""inference_time_s"": 39.590904199983925, ""num_forecasts"": 15790, ""dataset_fingerprint"": ""2f332ce1cd71d139"", ""trained_on_this_dataset"": false, ""fev_version"": ""0.10.0"", ""SQL"": 0.9612324103693639, ""MASE"": 1.1887928554728766, ""WAPE"": 0.14692768658532462, ""WQL"": 0.11917044449906004}",2026-09-07T03:06:58.293008+00:00,28,10,7,1688,1579,1,2,1,False,True,True,0.016588
fev-bench,U,confirmation,fevbench::favorita_stores_1D::favorita_stores_1D,favorita_stores_1D,retail,D,daily_or_coarser,linear-ar-specialist,baseline,baseline,,NOT_APPLICABLE,SQL,1.2930097235034583,0.7832010220279774,5.0,38.11753011252141,timesfm-3.0,native_default,1408,1534,1660,False,none,10,15790,1.293009723197289,2.3678809722773864e-10,5.5600359000090975,,OK,[],[],1,"{""estimator"": ""linear_ar_specialist"", ""seasonality"": 7, ""ridge_alpha"": 1.0, ""fitted_on"": ""visible history of each series only""}","{""MASE"": 1.5074320495445748, ""WAPE"": 0.2318982069301533, ""WQL"": 0.19715959380992565}","{""model_name"": ""linear-ar-specialist"", ""dataset_path"": ""autogluon/fev_datasets"", ""dataset_config"": ""favorita_stores_1D"", ""horizon"": 28, ""num_windows"": 10, ""initial_cutoff"": -280, ""window_step_size"": 28, ""min_context_length"": 1, ""seasonality"": 7, ""eval_metric"": ""SQL"", ""id_column"": ""id"", ""timestamp_column"": ""timestamp"", ""target"": ""sales"", ""task_name"": ""favorita_stores_1D"", ""test_error"": 1.2930097235034583, ""inference_time_s"": 5.5600359000090975, ""num_forecasts"": 15790, ""dataset_fingerprint"": ""2f332ce1cd71d139"", ""trained_on_this_dataset"": true, ""fev_version"": ""0.10.0"", ""SQL"": 1.2930097235034583, ""MASE"": 1.5074320495445748, ""WAPE"": 0.2318982069301533, ""WQL"": 0.19715959380992565}",2026-09-07T03:09:00.452895+00:00,28,10,7,1688,1579,1,2,1,False,True,True,0.016588
fev-bench,U,confirmation,fevbench::favorita_stores_1D::favorita_stores_1D,favorita_stores_1D,retail,D,daily_or_coarser,seasonal-naive,baseline,baseline,,NOT_APPLICABLE,SQL,1.650929566148178,1.0,6.0,76.35003814842774,timesfm-3.0,native_default,1408,1534,1660,False,none,10,15790,1.6509295656607073,2.952704588030427e-10,0.9818221999739762,,OK,[],[],1,"{""estimator"": ""seasonal_naive"", ""seasonality"": 7}","{""MASE"": 1.7590444109038466, ""WAPE"": 0.2519854288947492, ""WQL"": 0.23214103001882141}","{""model_name"": ""seasonal-naive"", ""dataset_path"": ""autogluon/fev_datasets"", ""dataset_config"": ""favorita_stores_1D"", ""horizon"": 28, ""num_windows"": 10, ""initial_cutoff"": -280, ""window_step_size"": 28, ""min_context_length"": 1, ""seasonality"": 7, ""eval_metric"": ""SQL"", ""id_column"": ""id"", ""timestamp_column"": ""timestamp"", ""target"": ""sales"", ""task_name"": ""favorita_stores_1D"", ""test_error"": 1.650929566148178, ""inference_time_s"": 0.9818221999739762, ""num_forecasts"": 15790, ""dataset_fingerprint"": ""2f332ce1cd71d139"", ""trained_on_this_dataset"": false, ""fev_version"": ""0.10.0"", ""SQL"": 1.650929566148178, ""MASE"": 1.7590444109038466, ""WAPE"": 0.2519854288947492, ""WQL"": 0.23214103001882141}",2026-09-07T03:08:02.186292+00:00,28,10,7,1688,1579,1,2,1,False,True,True,0.016588
fev-bench,U,confirmation,fevbench::favorita_stores_1D::favorita_stores_1D,favorita_stores_1D,retail,D,daily_or_coarser,timesfm-3.0,primary,transformer_patch_variate,43046b85ec22d584a13f8098c2ed39c889e129c2,CLEAN_BY_OFFICIAL_EXCLUSION,SQL,0.9361662653901144,0.5670540310052752,1.0,0.0,timesfm-3.0,native_default,1408,1534,1660,False,none,10,15790,0.9361662651770161,2.276287072590659e-10,283.9939633999311,1368.64306640625,OK,[],[],1,"{""entry_point"": ""TimesFM3Evaluator.predict_batch"", ""per_core_batch_size"": 32, ""univariate_flag"": true}","{""MASE"": 1.1584870089595392, ""WAPE"": 0.14246854964078698, ""WQL"": 0.11591266226716272}","{""model_name"": ""timesfm-3.0"", ""dataset_path"": ""autogluon/fev_datasets"", ""dataset_config"": ""favorita_stores_1D"", ""horizon"": 28, ""num_windows"": 10, ""initial_cutoff"": -280, ""window_step_size"": 28, ""min_context_length"": 1, ""seasonality"": 7, ""eval_metric"": ""SQL"", ""id_column"": ""id"", ""timestamp_column"": ""timestamp"", ""target"": ""sales"", ""task_name"": ""favorita_stores_1D"", ""test_error"": 0.9361662653901144, ""inference_time_s"": 283.9939633999311, ""num_forecasts"": 15790, ""dataset_fingerprint"": ""2f332ce1cd71d139"", ""trained_on_this_dataset"": false, ""fev_version"": ""0.10.0"", ""SQL"": 0.9361662653901144, ""MASE"": 1.1584870089595392, ""WAPE"": 0.14246854964078698, ""WQL"": 0.11591266226716272}",2026-09-07T03:04:13.388656+00:00,28,10,7,1688,1579,1,2,1,False,True,True,0.016588
fev-bench,U,confirmation,fevbench::favorita_stores_1D::favorita_stores_1D,favorita_stores_1D,retail,D,daily_or_coarser,tirex-2,primary,recurrent_xlstm,05e5b26db52bfb256f1ae1bdf785589850482de3,OVERLAP_RISK_UNKNOWN,SQL,0.9916474702198647,0.6006600708796441,4.0,5.926426413862546,timesfm-3.0,native_default,1408,1534,1660,False,none,10,15790,0.9916474700014462,2.2025821883645412e-10,61.899170100019546,1195.06494140625,OK,[],[],1,"{""entry_point"": ""tirex2.ForecastModel.forecast"", ""batch_size"": 256, ""native_pytorch_kernels"": true, ""point_forecast"": ""median quantile (model emits no separate mean)""}","{""MASE"": 1.2194942892772107, ""WAPE"": 0.15927264533998148, ""WQL"": 0.1297201767525012}","{""model_name"": ""tirex-2"", ""dataset_path"": ""autogluon/fev_datasets"", ""dataset_config"": ""favorita_stores_1D"", ""horizon"": 28, ""num_windows"": 10, ""initial_cutoff"": -280, ""window_step_size"": 28, ""min_context_length"": 1, ""seasonality"": 7, ""eval_metric"": ""SQL"", ""id_column"": ""id"", ""timestamp_column"": ""timestamp"", ""target"": ""sales"", ""task_name"": ""favorita_stores_1D"", ""test_error"": 0.9916474702198647, ""inference_time_s"": 61.899170100019546, ""num_forecasts"": 15790, ""dataset_fingerprint"": ""2f332ce1cd71d139"", ""trained_on_this_dataset"": false, ""fev_version"": ""0.10.0"", ""SQL"": 0.9916474702198647, ""MASE"": 1.2194942892772107, ""WAPE"": 0.15927264533998148, ""WQL"": 0.1297201767525012}",2026-09-07T02:58:13.715105+00:00,28,10,7,1688,1579,1,2,1,False,True,True,0.016588
fev-bench,U,confirmation,fevbench::fred_md_2025::fred_md_2025/cee,fred_md_2025,econ,M,daily_or_coarser,chronos-2,primary,transformer_encoder,29ec3766d36d6f73f0696f85560a422f50e8498c,OVERLAP_RISK_UNKNOWN,SQL,3.8730304134149933,0.6542752322369049,3.0,17.047680695671463,tirex-2,native_default,558,672,786,False,none,20,20,3.8730304181575774,1.2245150688167603e-09,1.0612620000028983,472.02392578125,OK,[],[],3,"{""entry_point"": ""Chronos2Pipeline.predict_quantiles"", ""batch_size"": 256, ""default_context_length"": 2048}","{""MASE"": 4.833690407078501, ""WAPE"": 0.071717512972905, ""WQL"": 0.05971663790723959}","{""model_name"": ""chronos-2"", ""dataset_path"": ""autogluon/fev_datasets"", ""dataset_config"": ""fred_md_2025"", ""horizon"": 12, ""num_windows"": 20, ""initial_cutoff"": -240, ""window_step_size"": 12, ""min_context_length"": 1, ""seasonality"": 1, ""eval_metric"": ""SQL"", ""id_column"": ""id"", ""timestamp_column"": ""timestamp"", ""task_name"": ""fred_md_2025/cee"", ""test_error"": 3.8730304134149933, ""inference_time_s"": 1.0612620000028983, ""num_forecasts"": 60, ""dataset_fingerprint"": ""74fe4767146a4d96"", ""trained_on_this_dataset"": false, ""fev_version"": ""0.10.0"", ""SQL"": 3.8730304134149933, ""MASE"": 4.833690407078501, ""WAPE"": 0.071717512972905, ""WQL"": 0.05971663790723959}",2026-09-07T02:56:22.336383+00:00,12,20,1,798,1,3,0,4,True,False,True,0.015038
fev-bench,U,confirmation,fevbench::fred_md_2025::fred_md_2025/cee,fred_md_2025,econ,M,daily_or_coarser,chronos-2-synth,diagnostic,transformer_encoder,3607918a9fd027d5c465d8213e46b98e2c041cea,SYNTH_ONLY_DIAGNOSTIC,SQL,4.275804056902563,0.7223162210757645,4.0,29.219989142378665,tirex-2,native_default,558,672,786,False,none,20,20,4.275804060697555,8.875506721026578e-10,1.0810861999634653,469.91357421875,OK,[],[],3,"{""entry_point"": ""Chronos2Pipeline.predict_quantiles"", ""batch_size"": 256, ""default_context_length"": 2048}","{""MASE"": 5.4954653296894795, ""WAPE"": 0.0800820486084259, ""WQL"": 0.06606482052573329}","{""model_name"": ""chronos-2-synth"", ""dataset_path"": ""autogluon/fev_datasets"", ""dataset_config"": ""fred_md_2025"", ""horizon"": 12, ""num_windows"": 20, ""initial_cutoff"": -240, ""window_step_size"": 12, ""min_context_length"": 1, ""seasonality"": 1, ""eval_metric"": ""SQL"", ""id_column"": ""id"", ""timestamp_column"": ""timestamp"", ""task_name"": ""fred_md_2025/cee"", ""test_error"": 4.275804056902563, ""inference_time_s"": 1.0810861999634653, ""num_forecasts"": 60, ""dataset_fingerprint"": ""74fe4767146a4d96"", ""trained_on_this_dataset"": false, ""fev_version"": ""0.10.0"", ""SQL"": 4.275804056902563, ""MASE"": 5.4954653296894795, ""WAPE"": 0.0800820486084259, ""WQL"": 0.06606482052573329}",2026-09-07T03:07:19.886135+00:00,12,20,1,798,1,3,0,4,True,False,True,0.015038
fev-bench,U,confirmation,fevbench::fred_md_2025::fred_md_2025/cee,fred_md_2025,econ,M,daily_or_coarser,linear-ar-specialist,baseline,baseline,,NOT_APPLICABLE,SQL,4.607267845763735,0.7783107587597707,5.0,39.23722721683808,tirex-2,native_default,558,672,786,False,none,20,20,4.607267808914185,7.998134971004745e-09,0.014422900014324114,,OK,[],[],3,"{""estimator"": ""linear_ar_specialist"", ""seasonality"": 1, ""ridge_alpha"": 1.0, ""fitted_on"": ""visible history of each series only""}","{""MASE"": 5.342500868436181, ""WAPE"": 0.16196958491050492, ""WQL"": 0.14362659540785022}","{""model_name"": ""linear-ar-specialist"", ""dataset_path"": ""autogluon/fev_datasets"", ""dataset_config"": ""fred_md_2025"", ""horizon"": 12, ""num_windows"": 20, ""initial_cutoff"": -240, ""window_step_size"": 12, ""min_context_length"": 1, ""seasonality"": 1, ""eval_metric"": ""SQL"", ""id_column"": ""id"", ""timestamp_column"": ""timestamp"", ""task_name"": ""fred_md_2025/cee"", ""test_error"": 4.607267845763735, ""inference_time_s"": 0.014422900014324114, ""num_forecasts"": 60, ""dataset_fingerprint"": ""74fe4767146a4d96"", ""trained_on_this_dataset"": true, ""fev_version"": ""0.10.0"", ""SQL"": 4.607267845763735, ""MASE"": 5.342500868436181, ""WAPE"": 0.16196958491050492, ""WQL"": 0.14362659540785022}",2026-09-07T03:09:16.566750+00:00,12,20,1,798,1,3,0,4,True,False,True,0.015038
fev-bench,U,confirmation,fevbench::fred_md_2025::fred_md_2025/cee,fred_md_2025,econ,M,daily_or_coarser,seasonal-naive,baseline,baseline,,NOT_APPLICABLE,SQL,5.919573632908998,1.0,6.0,78.89670115663183,tirex-2,native_default,558,672,786,False,none,20,20,5.919573640823364,1.3369824487713791e-09,0.0062800000596325845,,OK,[],[],3,"{""estimator"": ""seasonal_naive"", ""seasonality"": 1}","{""MASE"": 6.714885210879696, ""WAPE"": 0.09128652330798151, ""WQL"": 0.1174362952786632}","{""model_name"": ""seasonal-naive"", ""dataset_path"": ""autogluon/fev_datasets"", ""dataset_config"": ""fred_md_2025"", ""horizon"": 12, ""num_windows"": 20, ""initial_cutoff"": -240, ""window_step_size"": 12, ""min_context_length"": 1, ""seasonality"": 1, ""eval_metric"": ""SQL"", ""id_column"": ""id"", ""timestamp_column"": ""timestamp"", ""task_name"": ""fred_md_2025/cee"", ""test_error"": 5.919573632908998, ""inference_time_s"": 0.0062800000596325845, ""num_forecasts"": 60, ""dataset_fingerprint"": ""74fe4767146a4d96"", ""trained_on_this_dataset"": false, ""fev_version"": ""0.10.0"", ""SQL"": 5.919573632908998, ""MASE"": 6.714885210879696, ""WAPE"": 0.09128652330798151, ""WQL"": 0.1174362952786632}",2026-09-07T03:08:17.874447+00:00,12,20,1,798,1,3,0,4,True,False,True,0.015038
fev-bench,U,confirmation,fevbench::fred_md_2025::fred_md_2025/cee,fred_md_2025,econ,M,daily_or_coarser,timesfm-3.0,primary,transformer_patch_variate,43046b85ec22d584a13f8098c2ed39c889e129c2,CLEAN_BY_OFFICIAL_EXCLUSION,SQL,3.4454144537610083,0.5820376039596389,2.0,4.124607297489557,tirex-2,native_default,558,672,786,False,none,20,20,3.445414459705353,1.7252915873850013e-09,2.5032895000185817,1279.775390625,OK,[],[],3,"{""entry_point"": ""TimesFM3Evaluator.predict_batch"", ""per_core_batch_size"": 32, ""univariate_flag"": true}","{""MASE"": 4.209030379667634, ""WAPE"": 0.07967107192107695, ""WQL"": 0.06689638504330522}","{""model_name"": ""timesfm-3.0"", ""dataset_path"": ""autogluon/fev_datasets"", ""dataset_config"": ""fred_md_2025"", ""horizon"": 12, ""num_windows"": 20, ""initial_cutoff"": -240, ""window_step_size"": 12, ""min_context_length"": 1, ""seasonality"": 1, ""eval_metric"": ""SQL"", ""id_column"": ""id"", ""timestamp_column"": ""timestamp"", ""task_name"": ""fred_md_2025/cee"", ""test_error"": 3.4454144537610083, ""inference_time_s"": 2.5032895000185817, ""num_forecasts"": 60, ""dataset_fingerprint"": ""74fe4767146a4d96"", ""trained_on_this_dataset"": false, ""fev_version"": ""0.10.0"", ""SQL"": 3.4454144537610083, ""MASE"": 4.209030379667634, ""WAPE"": 0.07967107192107695, ""WQL"": 0.06689638504330522}",2026-09-07T03:05:04.869347+00:00,12,20,1,798,1,3,0,4,True,False,True,0.015038
fev-bench,U,confirmation,fevbench::fred_md_2025::fred_md_2025/cee,fred_md_2025,econ,M,daily_or_coarser,tirex-2,primary,recurrent_xlstm,05e5b26db52bfb256f1ae1bdf785589850482de3,OVERLAP_RISK_UNKNOWN,SQL,3.308933923675962,0.5589817998513325,1.0,0.0,tirex-2,native_default,558,672,786,False,none,20,20,3.3089339315891264,2.391454325934805e-09,3.648601199995028,334.66552734375,OK,[],[],3,"{""entry_point"": ""tirex2.ForecastModel.forecast"", ""batch_size"": 256, ""native_pytorch_kernels"": true, ""point_forecast"": ""median quantile (model emits no separate mean)""}","{""MASE"": 3.87333525251021, ""WAPE"": 0.07955042888879461, ""WQL"": 0.06961281432965262}","{""model_name"": ""tirex-2"", ""dataset_path"": ""autogluon/fev_datasets"", ""dataset_config"": ""fred_md_2025"", ""horizon"": 12, ""num_windows"": 20, ""initial_cutoff"": -240, ""window_step_size"": 12, ""min_context_length"": 1, ""seasonality"": 1, ""eval_metric"": ""SQL"", ""id_column"": ""id"", ""timestamp_column"": ""timestamp"", ""task_name"": ""fred_md_2025/cee"", ""test_error"": 3.308933923675962, ""inference_time_s"": 3.648601199995028, ""num_forecasts"": 60, ""dataset_fingerprint"": ""74fe4767146a4d96"", ""trained_on_this_dataset"": false, ""fev_version"": ""0.10.0"", ""SQL"": 3.308933923675962, ""MASE"": 3.87333525251021, ""WAPE"": 0.07955042888879461, ""WQL"": 0.06961281432965262}",2026-09-07T02:58:39.259969+00:00,12,20,1,798,1,3,0,4,True,False,True,0.015038
fev-bench,U,confirmation,fevbench::jena_weather_1D::jena_weather_1D,jena_weather_1D,nature,D,daily_or_coarser,chronos-2,primary,transformer_encoder,29ec3766d36d6f73f0696f85560a422f50e8498c,OVERLAP_RISK_UNKNOWN,SQL,1.077464454402499,0.5010996005133761,1.0,0.0,chronos-2,native_default,58,198,338,False,none,11,11,1.0774644613265991,6.426291051934343e-09,1.0775445000326727,486.900390625,OK,[],[],21,"{""entry_point"": ""Chronos2Pipeline.predict_quantiles"", ""batch_size"": 256, ""default_context_length"": 2048}","{""MASE"": 1.3684245112834668, ""WAPE"": 0.27149162367844265, ""WQL"": 0.2199697680138109}","{""model_name"": ""chronos-2"", ""dataset_path"": ""autogluon/fev_datasets"", ""dataset_config"": ""jena_weather_1D"", ""horizon"": 28, ""num_windows"": 11, ""initial_cutoff"": -308, ""window_step_size"": 28, ""min_context_length"": 1, ""seasonality"": 1, ""eval_metric"": ""SQL"", ""id_column"": ""id"", ""timestamp_column"": ""timestamp"", ""task_name"": ""jena_weather_1D"", ""test_error"": 1.077464454402499, ""inference_time_s"": 1.0775445000326727, ""num_forecasts"": 231, ""dataset_fingerprint"": ""a8ad906bff503daf"", ""trained_on_this_dataset"": false, ""fev_version"": ""0.10.0"", ""SQL"": 1.077464454402499, ""MASE"": 1.3684245112834668, ""WAPE"": 0.27149162367844265, ""WQL"": 0.2199697680138109}",2026-09-07T02:56:54.238691+00:00,28,11,1,366,1,21,0,0,True,False,False,0.076503
fev-bench,U,confirmation,fevbench::jena_weather_1D::jena_weather_1D,jena_weather_1D,nature,D,daily_or_coarser,chronos-2-synth,diagnostic,transformer_encoder,3607918a9fd027d5c465d8213e46b98e2c041cea,SYNTH_ONLY_DIAGNOSTIC,SQL,1.1927613250224183,0.5547210592742805,4.0,10.700758632808585,chronos-2,native_default,58,198,338,False,none,11,11,1.19276132366874,1.1349112787125634e-09,1.3013667000632267,484.5,OK,[],[],21,"{""entry_point"": ""Chronos2Pipeline.predict_quantiles"", ""batch_size"": 256, ""default_context_length"": 2048}","{""MASE"": 1.5048208282190956, ""WAPE"": 0.2844542681842878, ""WQL"": 0.23350755972849502}","{""model_name"": ""chronos-2-synth"", ""dataset_path"": ""autogluon/fev_datasets"", ""dataset_config"": ""jena_weather_1D"", ""horizon"": 28, ""num_windows"": 11, ""initial_cutoff"": -308, ""window_step_size"": 28, ""min_context_length"": 1, ""seasonality"": 1, ""eval_metric"": ""SQL"", ""id_column"": ""id"", ""timestamp_column"": ""timestamp"", ""task_name"": ""jena_weather_1D"", ""test_error"": 1.1927613250224183, ""inference_time_s"": 1.3013667000632267, ""num_forecasts"": 231, ""dataset_fingerprint"": ""a8ad906bff503daf"", ""trained_on_this_dataset"": false, ""fev_version"": ""0.10.0"", ""SQL"": 1.1927613250224183, ""MASE"": 1.5048208282190956, ""WAPE"": 0.2844542681842878, ""WQL"": 0.23350755972849502}",2026-09-07T03:07:45.873918+00:00,28,11,1,366,1,21,0,0,True,False,False,0.076503
fev-bench,U,confirmation,fevbench::jena_weather_1D::jena_weather_1D,jena_weather_1D,nature,D,daily_or_coarser,linear-ar-specialist,baseline,baseline,,NOT_APPLICABLE,SQL,1.4280402780051393,0.6641429421652818,5.0,32.53711267877045,chronos-2,native_default,58,198,338,False,none,11,11,1.4280402931300076,1.0591345692194355e-08,0.03918069999781437,,OK,[],[],21,"{""estimator"": ""linear_ar_specialist"", ""seasonality"": 1, ""ridge_alpha"": 1.0, ""fitted_on"": ""visible history of each series only""}","{""MASE"": 1.6856216705096423, ""WAPE"": 0.38975103951332923, ""WQL"": 0.33274485808399773}","{""model_name"": ""linear-ar-specialist"", ""dataset_path"": ""autogluon/fev_datasets"", ""dataset_config"": ""jena_weather_1D"", ""horizon"": 28, ""num_windows"": 11, ""initial_cutoff"": -308, ""window_step_size"": 28, ""min_context_length"": 1, ""seasonality"": 1, ""eval_metric"": ""SQL"", ""id_column"": ""id"", ""timestamp_column"": ""timestamp"", ""task_name"": ""jena_weather_1D"", ""test_error"": 1.4280402780051393, ""inference_time_s"": 0.03918069999781437, ""num_forecasts"": 231, ""dataset_fingerprint"": ""a8ad906bff503daf"", ""trained_on_this_dataset"": true, ""fev_version"": ""0.10.0"", ""SQL"": 1.4280402780051393, ""MASE"": 1.6856216705096423, ""WAPE"": 0.38975103951332923, ""WQL"": 0.33274485808399773}",2026-09-07T03:09:39.163765+00:00,28,11,1,366,1,21,0,0,True,False,False,0.076503
fev-bench,U,confirmation,fevbench::jena_weather_1D::jena_weather_1D,jena_weather_1D,nature,D,daily_or_coarser,seasonal-naive,baseline,baseline,,NOT_APPLICABLE,SQL,2.15020018634746,1.0,6.0,99.56112496906823,chronos-2,native_default,58,198,338,False,none,11,11,2.1502001827413384,1.6771097158444671e-09,0.015621900063706562,,OK,[],[],21,"{""estimator"": ""seasonal_naive"", ""seasonality"": 1}","{""MASE"": 1.6994317292109662, ""WAPE"": 0.38438974237876683, ""WQL"": 0.6992484489409767}","{""model_name"": ""seasonal-naive"", ""dataset_path"": ""autogluon/fev_datasets"", ""dataset_config"": ""jena_weather_1D"", ""horizon"": 28, ""num_windows"": 11, ""initial_cutoff"": -308, ""window_step_size"": 28, ""min_context_length"": 1, ""seasonality"": 1, ""eval_metric"": ""SQL"", ""id_column"": ""id"", ""timestamp_column"": ""timestamp"", ""task_name"": ""jena_weather_1D"", ""test_error"": 2.15020018634746, ""inference_time_s"": 0.015621900063706562, ""num_forecasts"": 231, ""dataset_fingerprint"": ""a8ad906bff503daf"", ""trained_on_this_dataset"": false, ""fev_version"": ""0.10.0"", ""SQL"": 2.15020018634746, ""MASE"": 1.6994317292109662, ""WAPE"": 0.38438974237876683, ""WQL"": 0.6992484489409767}",2026-09-07T03:08:39.885100+00:00,28,11,1,366,1,21,0,0,True,False,False,0.076503
fev-bench,U,confirmation,fevbench::jena_weather_1D::jena_weather_1D,jena_weather_1D,nature,D,daily_or_coarser,timesfm-3.0,primary,transformer_patch_variate,43046b85ec22d584a13f8098c2ed39c889e129c2,CLEAN_BY_OFFICIAL_EXCLUSION,SQL,1.0924041701935432,0.5080476585992709,2.0,1.3865622879716226,chronos-2,native_default,58,198,338,False,none,11,11,1.0924041596325962,9.667618720211222e-09,1.8254329000483267,1293.806640625,OK,[],[],21,"{""entry_point"": ""TimesFM3Evaluator.predict_batch"", ""per_core_batch_size"": 32, ""univariate_flag"": true}","{""MASE"": 1.379105955974105, ""WAPE"": 0.2715686595372363, ""WQL"": 0.21978793712316014}","{""model_name"": ""timesfm-3.0"", ""dataset_path"": ""autogluon/fev_datasets"", ""dataset_config"": ""jena_weather_1D"", ""horizon"": 28, ""num_windows"": 11, ""initial_cutoff"": -308, ""window_step_size"": 28, ""min_context_length"": 1, ""seasonality"": 1, ""eval_metric"": ""SQL"", ""id_column"": ""id"", ""timestamp_column"": ""timestamp"", ""task_name"": ""jena_weather_1D"", ""test_error"": 1.0924041701935432, ""inference_time_s"": 1.8254329000483267, ""num_forecasts"": 231, ""dataset_fingerprint"": ""a8ad906bff503daf"", ""trained_on_this_dataset"": false, ""fev_version"": ""0.10.0"", ""SQL"": 1.0924041701935432, ""MASE"": 1.379105955974105, ""WAPE"": 0.2715686595372363, ""WQL"": 0.21978793712316014}",2026-09-07T03:05:58.414952+00:00,28,11,1,366,1,21,0,0,True,False,False,0.076503
fev-bench,U,confirmation,fevbench::jena_weather_1D::jena_weather_1D,jena_weather_1D,nature,D,daily_or_coarser,tirex-2,primary,recurrent_xlstm,05e5b26db52bfb256f1ae1bdf785589850482de3,OVERLAP_RISK_UNKNOWN,SQL,1.1032510936040987,0.5130922695519754,3.0,2.3932705247246,chronos-2,native_default,58,198,338,False,none,11,11,1.1032510995864868,5.4225082350754106e-09,2.2227591000846587,397.103515625,OK,[],[],21,"{""entry_point"": ""tirex2.ForecastModel.forecast"", ""batch_size"": 256, ""native_pytorch_kernels"": true, ""point_forecast"": ""median quantile (model emits no separate mean)""}","{""MASE"": 1.4041167416469074, ""WAPE"": 0.27415646297339347, ""WQL"": 0.22019054320004666}","{""model_name"": ""tirex-2"", ""dataset_path"": ""autogluon/fev_datasets"", ""dataset_config"": ""jena_weather_1D"", ""horizon"": 28, ""num_windows"": 11, ""initial_cutoff"": -308, ""window_step_size"": 28, ""min_context_length"": 1, ""seasonality"": 1, ""eval_metric"": ""SQL"", ""id_column"": ""id"", ""timestamp_column"": ""timestamp"", ""task_name"": ""jena_weather_1D"", ""test_error"": 1.1032510936040987, ""inference_time_s"": 2.2227591000846587, ""num_forecasts"": 231, ""dataset_fingerprint"": ""a8ad906bff503daf"", ""trained_on_this_dataset"": false, ""fev_version"": ""0.10.0"", ""SQL"": 1.1032510936040987, ""MASE"": 1.4041167416469074, ""WAPE"": 0.27415646297339347, ""WQL"": 0.22019054320004666}",2026-09-07T02:59:12.057611+00:00,28,11,1,366,1,21,0,0,True,False,False,0.076503
fev-bench,U,confirmation,fevbench::redset_1H::redset_1H,redset_1H,cloud,H,hourly,chronos-2,primary,transformer_encoder,29ec3766d36d6f73f0696f85560a422f50e8498c,OVERLAP_RISK_UNKNOWN,SQL,1.300602519461392,0.6134409993912983,1.0,0.0,chronos-2,native_default,120,2028,2162,False,none,10,1380,1.3006025282531826,6.7597828677811845e-09,4.373063499981072,1222.19580078125,OK,[],[],1,"{""entry_point"": ""Chronos2Pipeline.predict_quantiles"", ""batch_size"": 256, ""default_context_length"": 2048}","{""MASE"": 1.4151661263388888, ""WAPE"": 0.20791594679563336, ""WQL"": 0.17503950968816026}","{""model_name"": ""chronos-2"", ""dataset_path"": ""autogluon/fev_datasets"", ""dataset_config"": ""redset_1H"", ""horizon"": 24, ""num_windows"": 10, ""initial_cutoff"": -240, ""window_step_size"": 24, ""min_context_length"": 1, ""seasonality"": 24, ""eval_metric"": ""SQL"", ""id_column"": ""id"", ""timestamp_column"": ""timestamp"", ""target"": ""target"", ""task_name"": ""redset_1H"", ""test_error"": 1.300602519461392, ""inference_time_s"": 4.373063499981072, ""num_forecasts"": 1380, ""dataset_fingerprint"": ""e8e85a6b0b054d1f"", ""trained_on_this_dataset"": false, ""fev_version"": ""0.10.0"", ""SQL"": 1.300602519461392, ""MASE"": 1.4151661263388888, ""WAPE"": 0.20791594679563336, ""WQL"": 0.17503950968816026}",2026-09-07T02:56:09.612654+00:00,24,10,24,2160,138,1,0,0,False,False,False,0.011111
fev-bench,U,confirmation,fevbench::redset_1H::redset_1H,redset_1H,cloud,H,hourly,chronos-2-synth,diagnostic,transformer_encoder,3607918a9fd027d5c465d8213e46b98e2c041cea,SYNTH_ONLY_DIAGNOSTIC,SQL,1.3944542280472785,0.6577070107575911,3.0,7.216017744203095,chronos-2,native_default,120,2028,2162,False,none,10,1380,1.3944542446589254,1.1912651281603378e-08,4.64195779999136,1219.81982421875,OK,[],[],1,"{""entry_point"": ""Chronos2Pipeline.predict_quantiles"", ""batch_size"": 256, ""default_context_length"": 2048}","{""MASE"": 1.5420976090952387, ""WAPE"": 0.2353634223486337, ""WQL"": 0.19487428308736932}","{""model_name"": ""chronos-2-synth"", ""dataset_path"": ""autogluon/fev_datasets"", ""dataset_config"": ""redset_1H"", ""horizon"": 24, ""num_windows"": 10, ""initial_cutoff"": -240, ""window_step_size"": 24, ""min_context_length"": 1, ""seasonality"": 24, ""eval_metric"": ""SQL"", ""id_column"": ""id"", ""timestamp_column"": ""timestamp"", ""target"": ""target"", ""task_name"": ""redset_1H"", ""test_error"": 1.3944542280472785, ""inference_time_s"": 4.64195779999136, ""num_forecasts"": 1380, ""dataset_fingerprint"": ""e8e85a6b0b054d1f"", ""trained_on_this_dataset"": false, ""fev_version"": ""0.10.0"", ""SQL"": 1.3944542280472785, ""MASE"": 1.5420976090952387, ""WAPE"": 0.2353634223486337, ""WQL"": 0.19487428308736932}",2026-09-07T03:07:10.347481+00:00,24,10,24,2160,138,1,0,0,False,False,False,0.011111
fev-bench,U,confirmation,fevbench::redset_1H::redset_1H,redset_1H,cloud,H,hourly,linear-ar-specialist,baseline,baseline,,NOT_APPLICABLE,SQL,2.264068364908098,1.0678684222714012,6.0,74.07842373284794,chronos-2,native_default,120,2028,2162,False,none,10,1380,2.2640683525663388,5.4511424484741415e-09,0.5170148999604862,,OK,[],[],1,"{""estimator"": ""linear_ar_specialist"", ""seasonality"": 24, ""ridge_alpha"": 1.0, ""fitted_on"": ""visible history of each series only""}","{""MASE"": 2.277833069364582, ""WAPE"": 0.5418158642080266, ""WQL"": 0.48284012513532576}","{""model_name"": ""linear-ar-specialist"", ""dataset_path"": ""autogluon/fev_datasets"", ""dataset_config"": ""redset_1H"", ""horizon"": 24, ""num_windows"": 10, ""initial_cutoff"": -240, ""window_step_size"": 24, ""min_context_length"": 1, ""seasonality"": 24, ""eval_metric"": ""SQL"", ""id_column"": ""id"", ""timestamp_column"": ""timestamp"", ""target"": ""target"", ""task_name"": ""redset_1H"", ""test_error"": 2.264068364908098, ""inference_time_s"": 0.5170148999604862, ""num_forecasts"": 1380, ""dataset_fingerprint"": ""e8e85a6b0b054d1f"", ""trained_on_this_dataset"": true, ""fev_version"": ""0.10.0"", ""SQL"": 2.264068364908098, ""MASE"": 2.277833069364582, ""WAPE"": 0.5418158642080266, ""WQL"": 0.48284012513532576}",2026-09-07T03:09:08.095564+00:00,24,10,24,2160,138,1,0,0,False,False,False,0.011111
fev-bench,U,confirmation,fevbench::redset_1H::redset_1H,redset_1H,cloud,H,hourly,seasonal-naive,baseline,baseline,,NOT_APPLICABLE,SQL,2.1201754052173665,1.0,5.0,63.01486222672994,chronos-2,native_default,120,2028,2162,False,none,10,1380,2.120175403313045,8.981905858456647e-10,0.0881799999915529,,OK,[],[],1,"{""estimator"": ""seasonal_naive"", ""seasonality"": 24}","{""MASE"": 1.68261943846924, ""WAPE"": 0.33008187779158554, ""WQL"": 0.434742292456953}","{""model_name"": ""seasonal-naive"", ""dataset_path"": ""autogluon/fev_datasets"", ""dataset_config"": ""redset_1H"", ""horizon"": 24, ""num_windows"": 10, ""initial_cutoff"": -240, ""window_step_size"": 24, ""min_context_length"": 1, ""seasonality"": 24, ""eval_metric"": ""SQL"", ""id_column"": ""id"", ""timestamp_column"": ""timestamp"", ""target"": ""target"", ""task_name"": ""redset_1H"", ""test_error"": 2.1201754052173665, ""inference_time_s"": 0.0881799999915529, ""num_forecasts"": 1380, ""dataset_fingerprint"": ""e8e85a6b0b054d1f"", ""trained_on_this_dataset"": false, ""fev_version"": ""0.10.0"", ""SQL"": 2.1201754052173665, ""MASE"": 1.68261943846924, ""WAPE"": 0.33008187779158554, ""WQL"": 0.434742292456953}",2026-09-07T03:08:09.488292+00:00,24,10,24,2160,138,1,0,0,False,False,False,0.011111
fev-bench,U,confirmation,fevbench::redset_1H::redset_1H,redset_1H,cloud,H,hourly,timesfm-3.0,primary,transformer_patch_variate,43046b85ec22d584a13f8098c2ed39c889e129c2,CLEAN_BY_OFFICIAL_EXCLUSION,SQL,1.3329766120804911,0.6287105344210097,2.0,2.4891611491346337,chronos-2,native_default,120,2028,2162,False,none,10,1380,1.3329765934707138,1.3961068113341803e-08,33.39285870001186,1397.7626953125,OK,[],[],1,"{""entry_point"": ""TimesFM3Evaluator.predict_batch"", ""per_core_batch_size"": 32, ""univariate_flag"": true}","{""MASE"": 1.463837453914734, ""WAPE"": 0.21865382545249115, ""WQL"": 0.18322342078050508}","{""model_name"": ""timesfm-3.0"", ""dataset_path"": ""autogluon/fev_datasets"", ""dataset_config"": ""redset_1H"", ""horizon"": 24, ""num_windows"": 10, ""initial_cutoff"": -240, ""window_step_size"": 24, ""min_context_length"": 1, ""seasonality"": 24, ""eval_metric"": ""SQL"", ""id_column"": ""id"", ""timestamp_column"": ""timestamp"", ""target"": ""target"", ""task_name"": ""redset_1H"", ""test_error"": 1.3329766120804911, ""inference_time_s"": 33.39285870001186, ""num_forecasts"": 1380, ""dataset_fingerprint"": ""e8e85a6b0b054d1f"", ""trained_on_this_dataset"": false, ""fev_version"": ""0.10.0"", ""SQL"": 1.3329766120804911, ""MASE"": 1.463837453914734, ""WAPE"": 0.21865382545249115, ""WQL"": 0.18322342078050508}",2026-09-07T03:04:53.943570+00:00,24,10,24,2160,138,1,0,0,False,False,False,0.011111
fev-bench,U,confirmation,fevbench::redset_1H::redset_1H,redset_1H,cloud,H,hourly,tirex-2,primary,recurrent_xlstm,05e5b26db52bfb256f1ae1bdf785589850482de3,OVERLAP_RISK_UNKNOWN,SQL,1.4545047888383507,0.6860304035501396,4.0,11.833151718073944,chronos-2,native_default,120,2028,2162,False,none,10,1380,1.4545047698515283,1.305380531043165e-08,5.909384200000204,801.37353515625,OK,[],[],1,"{""entry_point"": ""tirex2.ForecastModel.forecast"", ""batch_size"": 256, ""native_pytorch_kernels"": true, ""point_forecast"": ""median quantile (model emits no separate mean)""}","{""MASE"": 1.6066477051564427, ""WAPE"": 0.22624128066464894, ""WQL"": 0.18917036182520905}","{""model_name"": ""tirex-2"", ""dataset_path"": ""autogluon/fev_datasets"", ""dataset_config"": ""redset_1H"", ""horizon"": 24, ""num_windows"": 10, ""initial_cutoff"": -240, ""window_step_size"": 24, ""min_context_length"": 1, ""seasonality"": 24, ""eval_metric"": ""SQL"", ""id_column"": ""id"", ""timestamp_column"": ""timestamp"", ""target"": ""target"", ""task_name"": ""redset_1H"", ""test_error"": 1.4545047888383507, ""inference_time_s"": 5.909384200000204, ""num_forecasts"": 1380, ""dataset_fingerprint"": ""e8e85a6b0b054d1f"", ""trained_on_this_dataset"": false, ""fev_version"": ""0.10.0"", ""SQL"": 1.4545047888383507, ""MASE"": 1.6066477051564427, ""WAPE"": 0.22624128066464894, ""WQL"": 0.18917036182520905}",2026-09-07T02:58:27.125146+00:00,24,10,24,2160,138,1,0,0,False,False,False,0.011111
fev-bench,U,discovery,fevbench::ETT_1D::ETT_1D,ETT_1D,energy,D,daily_or_coarser,chronos-2,primary,transformer_encoder,29ec3766d36d6f73f0696f85560a422f50e8498c,OVERLAP_RISK_UNKNOWN,SQL,1.108987734711342,0.8078024924709787,1.0,0.0,chronos-2,native_default,164,430,696,False,none,20,40,1.1089877225458622,1.0969895657025801e-08,0.49025230002007447,490.43310546875,OK,,,7,"{""entry_point"": ""Chronos2Pipeline.predict_quantiles"", ""batch_size"": 256, ""default_context_length"": 2048}","{""MASE"": 1.312458953008704, ""WAPE"": 0.3147173674006631, ""WQL"": 0.25572754373791085}","{""model_name"": ""chronos-2"", ""dataset_path"": ""autogluon/fev_datasets"", ""dataset_config"": ""ETT_1D"", ""horizon"": 28, ""num_windows"": 20, ""initial_cutoff"": -560, ""window_step_size"": 28, ""min_context_length"": 1, ""seasonality"": 7, ""eval_metric"": ""SQL"", ""id_column"": ""id"", ""timestamp_column"": ""timestamp"", ""task_name"": ""ETT_1D"", ""test_error"": 1.108987734711342, ""inference_time_s"": 0.49025230002007447, ""num_forecasts"": 280, ""dataset_fingerprint"": ""09165729d889736c"", ""trained_on_this_dataset"": false, ""fev_version"": ""0.10.0"", ""SQL"": 1.108987734711342, ""MASE"": 1.312458953008704, ""WAPE"": 0.3147173674006631, ""WQL"": 0.25572754373791085}",2026-09-07T02:02:03.819197+00:00,28,20,7,724,2,7,0,0,True,False,False,0.038674
fev-bench,U,discovery,fevbench::ETT_1D::ETT_1D,ETT_1D,energy,D,daily_or_coarser,chronos-2-synth,diagnostic,transformer_encoder,3607918a9fd027d5c465d8213e46b98e2c041cea,SYNTH_ONLY_DIAGNOSTIC,SQL,1.148463587412412,0.8365572669434321,4.0,3.5596293327216357,chronos-2,native_default,164,430,696,False,none,20,40,1.1484635956585407,7.180139413358869e-09,1.3888881001039408,490.49853515625,OK,,,7,"{""entry_point"": ""Chronos2Pipeline.predict_quantiles"", ""batch_size"": 256, ""default_context_length"": 2048}","{""MASE"": 1.3766851561972673, ""WAPE"": 0.33469562844654566, ""WQL"": 0.2722883340177985}","{""model_name"": ""chronos-2-synth"", ""dataset_path"": ""autogluon/fev_datasets"", ""dataset_config"": ""ETT_1D"", ""horizon"": 28, ""num_windows"": 20, ""initial_cutoff"": -560, ""window_step_size"": 28, ""min_context_length"": 1, ""seasonality"": 7, ""eval_metric"": ""SQL"", ""id_column"": ""id"", ""timestamp_column"": ""timestamp"", ""task_name"": ""ETT_1D"", ""test_error"": 1.148463587412412, ""inference_time_s"": 1.3888881001039408, ""num_forecasts"": 280, ""dataset_fingerprint"": ""09165729d889736c"", ""trained_on_this_dataset"": false, ""fev_version"": ""0.10.0"", ""SQL"": 1.148463587412412, ""MASE"": 1.3766851561972673, ""WAPE"": 0.33469562844654566, ""WQL"": 0.2722883340177985}",2026-09-07T02:21:52.283977+00:00,28,20,7,724,2,7,0,0,True,False,False,0.038674
fev-bench,U,discovery,fevbench::ETT_1D::ETT_1D,ETT_1D,energy,D,daily_or_coarser,linear-ar-specialist,baseline,baseline,,NOT_APPLICABLE,SQL,1.36028246036538,0.9908491568968757,5.0,22.65982912060317,chronos-2,native_default,164,430,696,False,none,20,40,1.3602824702858924,7.292979730760859e-09,0.06270429998403415,,OK,,,7,"{""estimator"": ""linear_ar_specialist"", ""seasonality"": 7, ""ridge_alpha"": 1.0, ""fitted_on"": ""visible history of each series only""}","{""MASE"": 1.5409453124507386, ""WAPE"": 0.37755740670171856, ""WQL"": 0.3433084501111245}","{""model_name"": ""linear-ar-specialist"", ""dataset_path"": ""autogluon/fev_datasets"", ""dataset_config"": ""ETT_1D"", ""horizon"": 28, ""num_windows"": 20, ""initial_cutoff"": -560, ""window_step_size"": 28, ""min_context_length"": 1, ""seasonality"": 7, ""eval_metric"": ""SQL"", ""id_column"": ""id"", ""timestamp_column"": ""timestamp"", ""task_name"": ""ETT_1D"", ""test_error"": 1.36028246036538, ""inference_time_s"": 0.06270429998403415, ""num_forecasts"": 280, ""dataset_fingerprint"": ""09165729d889736c"", ""trained_on_this_dataset"": true, ""fev_version"": ""0.10.0"", ""SQL"": 1.36028246036538, ""MASE"": 1.5409453124507386, ""WAPE"": 0.37755740670171856, ""WQL"": 0.3433084501111245}",2026-09-07T02:27:24.020488+00:00,28,20,7,724,2,7,0,0,True,False,False,0.038674
fev-bench,U,discovery,fevbench::ETT_1D::ETT_1D,ETT_1D,energy,D,daily_or_coarser,seasonal-naive,baseline,baseline,,NOT_APPLICABLE,SQL,1.372845150946577,1.0,6.0,23.792636110976876,chronos-2,native_default,164,430,696,False,none,20,40,1.3728451520204543,7.822274847519069e-10,0.020465800014790148,,OK,,,7,"{""estimator"": ""seasonal_naive"", ""seasonality"": 7}","{""MASE"": 1.491546976879216, ""WAPE"": 0.3566862672438745, ""WQL"": 0.36420357454985824}","{""model_name"": ""seasonal-naive"", ""dataset_path"": ""autogluon/fev_datasets"", ""dataset_config"": ""ETT_1D"", ""horizon"": 28, ""num_windows"": 20, ""initial_cutoff"": -560, ""window_step_size"": 28, ""min_context_length"": 1, ""seasonality"": 7, ""eval_metric"": ""SQL"", ""id_column"": ""id"", ""timestamp_column"": ""timestamp"", ""task_name"": ""ETT_1D"", ""test_error"": 1.372845150946577, ""inference_time_s"": 0.020465800014790148, ""num_forecasts"": 280, ""dataset_fingerprint"": ""09165729d889736c"", ""trained_on_this_dataset"": false, ""fev_version"": ""0.10.0"", ""SQL"": 1.372845150946577, ""MASE"": 1.491546976879216, ""WAPE"": 0.3566862672438745, ""WQL"": 0.36420357454985824}",2026-09-07T02:24:14.210645+00:00,28,20,7,724,2,7,0,0,True,False,False,0.038674
fev-bench,U,discovery,fevbench::ETT_1D::ETT_1D,ETT_1D,energy,D,daily_or_coarser,timesfm-3.0,primary,transformer_patch_variate,43046b85ec22d584a13f8098c2ed39c889e129c2,CLEAN_BY_OFFICIAL_EXCLUSION,SQL,1.12167625240498,0.8170449898384998,2.0,1.1441531133742142,chronos-2,native_default,164,430,696,False,none,20,40,1.1216762527823447,3.364293442613097e-10,3.9937944999837782,1309.40869140625,OK,,,7,"{""entry_point"": ""TimesFM3Evaluator.predict_batch"", ""per_core_batch_size"": 32, ""univariate_flag"": true}","{""MASE"": 1.3494850371354592, ""WAPE"": 0.32780934677859574, ""WQL"": 0.26205002408509853}","{""model_name"": ""timesfm-3.0"", ""dataset_path"": ""autogluon/fev_datasets"", ""dataset_config"": ""ETT_1D"", ""horizon"": 28, ""num_windows"": 20, ""initial_cutoff"": -560, ""window_step_size"": 28, ""min_context_length"": 1, ""seasonality"": 7, ""eval_metric"": ""SQL"", ""id_column"": ""id"", ""timestamp_column"": ""timestamp"", ""task_name"": ""ETT_1D"", ""test_error"": 1.12167625240498, ""inference_time_s"": 3.9937944999837782, ""num_forecasts"": 280, ""dataset_fingerprint"": ""09165729d889736c"", ""trained_on_this_dataset"": false, ""fev_version"": ""0.10.0"", ""SQL"": 1.12167625240498, ""MASE"": 1.3494850371354592, ""WAPE"": 0.32780934677859574, ""WQL"": 0.26205002408509853}",2026-09-07T02:09:19.015657+00:00,28,20,7,724,2,7,0,0,True,False,False,0.038674
fev-bench,U,discovery,fevbench::ETT_1D::ETT_1D,ETT_1D,energy,D,daily_or_coarser,tirex-2,primary,recurrent_xlstm,05e5b26db52bfb256f1ae1bdf785589850482de3,OVERLAP_RISK_UNKNOWN,SQL,1.1227345858466071,0.8178158950209944,3.0,1.239585498106826,chronos-2,native_default,164,430,696,False,none,20,40,1.1227345965802669,9.56028243372438e-09,3.729865300032543,374.18701171875,OK,,,7,"{""entry_point"": ""tirex2.ForecastModel.forecast"", ""batch_size"": 256, ""native_pytorch_kernels"": true, ""point_forecast"": ""median quantile (model emits no separate mean)""}","{""MASE"": 1.3603870493415053, ""WAPE"": 0.34056210494197475, ""WQL"": 0.2721649557549669}","{""model_name"": ""tirex-2"", ""dataset_path"": ""autogluon/fev_datasets"", ""dataset_config"": ""ETT_1D"", ""horizon"": 28, ""num_windows"": 20, ""initial_cutoff"": -560, ""window_step_size"": 28, ""min_context_length"": 1, ""seasonality"": 7, ""eval_metric"": ""SQL"", ""id_column"": ""id"", ""timestamp_column"": ""timestamp"", ""task_name"": ""ETT_1D"", ""test_error"": 1.1227345858466071, ""inference_time_s"": 3.729865300032543, ""num_forecasts"": 280, ""dataset_fingerprint"": ""09165729d889736c"", ""trained_on_this_dataset"": false, ""fev_version"": ""0.10.0"", ""SQL"": 1.1227345858466071, ""MASE"": 1.3603870493415053, ""WAPE"": 0.34056210494197475, ""WQL"": 0.2721649557549669}",2026-09-07T02:04:40.488447+00:00,28,20,7,724,2,7,0,0,True,False,False,0.038674
fev-bench,U,discovery,fevbench::LOOP_SEATTLE_1D::LOOP_SEATTLE_1D,LOOP_SEATTLE_1D,mobility,D,daily_or_coarser,chronos-2,primary,transformer_encoder,29ec3766d36d6f73f0696f85560a422f50e8498c,OVERLAP_RISK_UNKNOWN,SQL,0.7754214314664746,0.7411999513672357,2.0,2.2040020918162284,timesfm-3.0,native_default,85,211,337,False,none,10,3230,0.7754214316514255,2.385166774401651e-10,1.7813779000134673,793.83740234375,OK,,,1,"{""entry_point"": ""Chronos2Pipeline.predict_quantiles"", ""batch_size"": 256, ""default_context_length"": 2048}","{""MASE"": 0.9534033821327158, ""WAPE"": 0.03609003181166684, ""WQL"": 0.02927153504882371}","{""model_name"": ""chronos-2"", ""dataset_path"": ""autogluon/fev_datasets"", ""dataset_config"": ""LOOP_SEATTLE_1D"", ""horizon"": 28, ""num_windows"": 10, ""initial_cutoff"": -280, ""window_step_size"": 28, ""min_context_length"": 1, ""seasonality"": 7, ""eval_metric"": ""SQL"", ""id_column"": ""id"", ""timestamp_column"": ""timestamp"", ""target"": ""target"", ""task_name"": ""LOOP_SEATTLE_1D"", ""test_error"": 0.7754214314664746, ""inference_time_s"": 1.7813779000134673, ""num_forecasts"": 3230, ""dataset_fingerprint"": ""d46589b2c9e45a4d"", ""trained_on_this_dataset"": false, ""fev_version"": ""0.10.0"", ""SQL"": 0.7754214314664746, ""MASE"": 0.9534033821327158, ""WAPE"": 0.03609003181166684, ""WQL"": 0.02927153504882371}",2026-09-07T02:03:01.054718+00:00,28,10,7,365,323,1,0,0,False,False,False,0.076712
fev-bench,U,discovery,fevbench::LOOP_SEATTLE_1D::LOOP_SEATTLE_1D,LOOP_SEATTLE_1D,mobility,D,daily_or_coarser,chronos-2-synth,diagnostic,transformer_encoder,3607918a9fd027d5c465d8213e46b98e2c041cea,SYNTH_ONLY_DIAGNOSTIC,SQL,0.7881454199054682,0.7533623952067661,4.0,3.8810805013924927,timesfm-3.0,native_default,85,211,337,False,none,10,3230,0.7881454197707191,1.7096984561877792e-10,1.8818981999938842,793.39892578125,OK,,,1,"{""entry_point"": ""Chronos2Pipeline.predict_quantiles"", ""batch_size"": 256, ""default_context_length"": 2048}","{""MASE"": 0.967878891617444, ""WAPE"": 0.03668938058617618, ""WQL"": 0.029824964516201757}","{""model_name"": ""chronos-2-synth"", ""dataset_path"": ""autogluon/fev_datasets"", ""dataset_config"": ""LOOP_SEATTLE_1D"", ""horizon"": 28, ""num_windows"": 10, ""initial_cutoff"": -280, ""window_step_size"": 28, ""min_context_length"": 1, ""seasonality"": 7, ""eval_metric"": ""SQL"", ""id_column"": ""id"", ""timestamp_column"": ""timestamp"", ""target"": ""target"", ""task_name"": ""LOOP_SEATTLE_1D"", ""test_error"": 0.7881454199054682, ""inference_time_s"": 1.8818981999938842, ""num_forecasts"": 3230, ""dataset_fingerprint"": ""d46589b2c9e45a4d"", ""trained_on_this_dataset"": false, ""fev_version"": ""0.10.0"", ""SQL"": 0.7881454199054682, ""MASE"": 0.967878891617444, ""WAPE"": 0.03668938058617618, ""WQL"": 0.029824964516201757}",2026-09-07T02:22:50.994568+00:00,28,10,7,365,323,1,0,0,False,False,False,0.076712
fev-bench,U,discovery,fevbench::LOOP_SEATTLE_1D::LOOP_SEATTLE_1D,LOOP_SEATTLE_1D,mobility,D,daily_or_coarser,linear-ar-specialist,baseline,baseline,,NOT_APPLICABLE,SQL,0.9954046352288783,0.9514746914165786,5.0,31.198769201847043,timesfm-3.0,native_default,85,211,337,False,none,10,3230,0.9954046347192935,5.119373576849057e-10,0.5610181999800261,,OK,,,1,"{""estimator"": ""linear_ar_specialist"", ""seasonality"": 7, ""ridge_alpha"": 1.0, ""fitted_on"": ""visible history of each series only""}","{""MASE"": 1.2434529378584822, ""WAPE"": 0.04699188796091248, ""WQL"": 0.037534530334745166}","{""model_name"": ""linear-ar-specialist"", ""dataset_path"": ""autogluon/fev_datasets"", ""dataset_config"": ""LOOP_SEATTLE_1D"", ""horizon"": 28, ""num_windows"": 10, ""initial_cutoff"": -280, ""window_step_size"": 28, ""min_context_length"": 1, ""seasonality"": 7, ""eval_metric"": ""SQL"", ""id_column"": ""id"", ""timestamp_column"": ""timestamp"", ""target"": ""target"", ""task_name"": ""LOOP_SEATTLE_1D"", ""test_error"": 0.9954046352288783, ""inference_time_s"": 0.5610181999800261, ""num_forecasts"": 3230, ""dataset_fingerprint"": ""d46589b2c9e45a4d"", ""trained_on_this_dataset"": true, ""fev_version"": ""0.10.0"", ""SQL"": 0.9954046352288783, ""MASE"": 1.2434529378584822, ""WAPE"": 0.04699188796091248, ""WQL"": 0.037534530334745166}",2026-09-07T02:31:25.869111+00:00,28,10,7,365,323,1,0,0,False,False,False,0.076712
fev-bench,U,discovery,fevbench::LOOP_SEATTLE_1D::LOOP_SEATTLE_1D,LOOP_SEATTLE_1D,mobility,D,daily_or_coarser,seasonal-naive,baseline,baseline,,NOT_APPLICABLE,SQL,1.046170375532423,1.0,6.0,37.88992012653025,timesfm-3.0,native_default,85,211,337,False,none,10,3230,1.0461703758675247,3.2031276356543557e-10,0.20386190002318472,,OK,,,1,"{""estimator"": ""seasonal_naive"", ""seasonality"": 7}","{""MASE"": 1.1753801193470779, ""WAPE"": 0.04456905942475443, ""WQL"": 0.03970585764549323}","{""model_name"": ""seasonal-naive"", ""dataset_path"": ""autogluon/fev_datasets"", ""dataset_config"": ""LOOP_SEATTLE_1D"", ""horizon"": 28, ""num_windows"": 10, ""initial_cutoff"": -280, ""window_step_size"": 28, ""min_context_length"": 1, ""seasonality"": 7, ""eval_metric"": ""SQL"", ""id_column"": ""id"", ""timestamp_column"": ""timestamp"", ""target"": ""target"", ""task_name"": ""LOOP_SEATTLE_1D"", ""test_error"": 1.046170375532423, ""inference_time_s"": 0.20386190002318472, ""num_forecasts"": 3230, ""dataset_fingerprint"": ""d46589b2c9e45a4d"", ""trained_on_this_dataset"": false, ""fev_version"": ""0.10.0"", ""SQL"": 1.046170375532423, ""MASE"": 1.1753801193470779, ""WAPE"": 0.04456905942475443, ""WQL"": 0.03970585764549323}",2026-09-07T02:24:51.220320+00:00,28,10,7,365,323,1,0,0,False,False,False,0.076712
fev-bench,U,discovery,fevbench::LOOP_SEATTLE_1D::LOOP_SEATTLE_1D,LOOP_SEATTLE_1D,mobility,D,daily_or_coarser,timesfm-3.0,primary,transformer_patch_variate,43046b85ec22d584a13f8098c2ed39c889e129c2,CLEAN_BY_OFFICIAL_EXCLUSION,SQL,0.7586996747640715,0.7252161717712087,1.0,0.0,timesfm-3.0,native_default,85,211,337,False,none,10,3230,0.7586996746598382,1.373841219839005e-10,15.247937200008892,1294.658203125,OK,,,1,"{""entry_point"": ""TimesFM3Evaluator.predict_batch"", ""per_core_batch_size"": 32, ""univariate_flag"": true}","{""MASE"": 0.9312832418586063, ""WAPE"": 0.035330928063230946, ""WQL"": 0.02872311419548774}","{""model_name"": ""timesfm-3.0"", ""dataset_path"": ""autogluon/fev_datasets"", ""dataset_config"": ""LOOP_SEATTLE_1D"", ""horizon"": 28, ""num_windows"": 10, ""initial_cutoff"": -280, ""window_step_size"": 28, ""min_context_length"": 1, ""seasonality"": 7, ""eval_metric"": ""SQL"", ""id_column"": ""id"", ""timestamp_column"": ""timestamp"", ""target"": ""target"", ""task_name"": ""LOOP_SEATTLE_1D"", ""test_error"": 0.7586996747640715, ""inference_time_s"": 15.247937200008892, ""num_forecasts"": 3230, ""dataset_fingerprint"": ""d46589b2c9e45a4d"", ""trained_on_this_dataset"": false, ""fev_version"": ""0.10.0"", ""SQL"": 0.7586996747640715, ""MASE"": 0.9312832418586063, ""WAPE"": 0.035330928063230946, ""WQL"": 0.02872311419548774}",2026-09-07T02:17:35.692447+00:00,28,10,7,365,323,1,0,0,False,False,False,0.076712
fev-bench,U,discovery,fevbench::LOOP_SEATTLE_1D::LOOP_SEATTLE_1D,LOOP_SEATTLE_1D,mobility,D,daily_or_coarser,tirex-2,primary,recurrent_xlstm,05e5b26db52bfb256f1ae1bdf785589850482de3,OVERLAP_RISK_UNKNOWN,SQL,0.7769945314094994,0.7427036260839128,3.0,2.41134367839513,timesfm-3.0,native_default,85,211,337,False,none,10,3230,0.7769945311518646,3.315786559185624e-10,13.914113499980886,1192.74560546875,OK,,,1,"{""entry_point"": ""tirex2.ForecastModel.forecast"", ""batch_size"": 256, ""native_pytorch_kernels"": true, ""point_forecast"": ""median quantile (model emits no separate mean)""}","{""MASE"": 0.9556586039055681, ""WAPE"": 0.03617683207861089, ""WQL"": 0.029349083060733593}","{""model_name"": ""tirex-2"", ""dataset_path"": ""autogluon/fev_datasets"", ""dataset_config"": ""LOOP_SEATTLE_1D"", ""horizon"": 28, ""num_windows"": 10, ""initial_cutoff"": -280, ""window_step_size"": 28, ""min_context_length"": 1, ""seasonality"": 7, ""eval_metric"": ""SQL"", ""id_column"": ""id"", ""timestamp_column"": ""timestamp"", ""target"": ""target"", ""task_name"": ""LOOP_SEATTLE_1D"", ""test_error"": 0.7769945314094994, ""inference_time_s"": 13.914113499980886, ""num_forecasts"": 3230, ""dataset_fingerprint"": ""d46589b2c9e45a4d"", ""trained_on_this_dataset"": false, ""fev_version"": ""0.10.0"", ""SQL"": 0.7769945314094994, ""MASE"": 0.9556586039055681, ""WAPE"": 0.03617683207861089, ""WQL"": 0.029349083060733593}",2026-09-07T02:05:41.745382+00:00,28,10,7,365,323,1,0,0,False,False,False,0.076712
fev-bench,U,discovery,fevbench::M_DENSE_1H::M_DENSE_1H,M_DENSE_1H,mobility,H,hourly,chronos-2,primary,transformer_encoder,29ec3766d36d6f73f0696f85560a422f50e8498c,OVERLAP_RISK_UNKNOWN,SQL,0.585913862369643,0.4569195139791915,2.0,15.367828876736136,timesfm-3.0,native_default,15840,16596,17352,False,none,10,300,0.585913861244917,1.9196099670549684e-09,4.1692152000032365,1070.4736328125,OK,,,1,"{""entry_point"": ""Chronos2Pipeline.predict_quantiles"", ""batch_size"": 256, ""default_context_length"": 2048}","{""MASE"": 0.7052273762372968, ""WAPE"": 0.14516834521090455, ""WQL"": 0.12026085854333993}","{""model_name"": ""chronos-2"", ""dataset_path"": ""autogluon/fev_datasets"", ""dataset_config"": ""M_DENSE_1H"", ""horizon"": 168, ""num_windows"": 10, ""initial_cutoff"": -1680, ""window_step_size"": 168, ""min_context_length"": 1, ""seasonality"": 24, ""eval_metric"": ""SQL"", ""id_column"": ""id"", ""timestamp_column"": ""timestamp"", ""target"": ""target"", ""task_name"": ""M_DENSE_1H"", ""test_error"": 0.585913862369643, ""inference_time_s"": 4.1692152000032365, ""num_forecasts"": 300, ""dataset_fingerprint"": ""f40bfe9afb7b3e51"", ""trained_on_this_dataset"": false, ""fev_version"": ""0.10.0"", ""SQL"": 0.585913862369643, ""MASE"": 0.7052273762372968, ""WAPE"": 0.14516834521090455, ""WQL"": 0.12026085854333993}",2026-09-07T02:03:12.359036+00:00,168,10,24,17520,30,1,0,0,False,False,False,0.009589
fev-bench,U,discovery,fevbench::M_DENSE_1H::M_DENSE_1H,M_DENSE_1H,mobility,H,hourly,chronos-2-synth,diagnostic,transformer_encoder,3607918a9fd027d5c465d8213e46b98e2c041cea,SYNTH_ONLY_DIAGNOSTIC,SQL,0.6038400303495202,0.47089907050947777,4.0,18.89753386025359,timesfm-3.0,native_default,15840,16596,17352,False,none,10,300,0.6038400290409724,2.1670436686213827e-09,4.224735800002236,1070.03515625,OK,,,1,"{""entry_point"": ""Chronos2Pipeline.predict_quantiles"", ""batch_size"": 256, ""default_context_length"": 2048}","{""MASE"": 0.7339850937298333, ""WAPE"": 0.15370201998401187, ""WQL"": 0.12581914311017944}","{""model_name"": ""chronos-2-synth"", ""dataset_path"": ""autogluon/fev_datasets"", ""dataset_config"": ""M_DENSE_1H"", ""horizon"": 168, ""num_windows"": 10, ""initial_cutoff"": -1680, ""window_step_size"": 168, ""min_context_length"": 1, ""seasonality"": 24, ""eval_metric"": ""SQL"", ""id_column"": ""id"", ""timestamp_column"": ""timestamp"", ""target"": ""target"", ""task_name"": ""M_DENSE_1H"", ""test_error"": 0.6038400303495202, ""inference_time_s"": 4.224735800002236, ""num_forecasts"": 300, ""dataset_fingerprint"": ""f40bfe9afb7b3e51"", ""trained_on_this_dataset"": false, ""fev_version"": ""0.10.0"", ""SQL"": 0.6038400303495202, ""MASE"": 0.7339850937298333, ""WAPE"": 0.15370201998401187, ""WQL"": 0.12581914311017944}",2026-09-07T02:23:02.145552+00:00,168,10,24,17520,30,1,0,0,False,False,False,0.009589
fev-bench,U,discovery,fevbench::M_DENSE_1H::M_DENSE_1H,M_DENSE_1H,mobility,H,hourly,linear-ar-specialist,baseline,baseline,,NOT_APPLICABLE,SQL,1.1686459461512413,0.9113577473138884,5.0,130.10915800454222,timesfm-3.0,native_default,15840,16596,17352,False,none,10,300,1.1686459477742512,1.3887952583109518e-09,8.478645400085952,,OK,,,1,"{""estimator"": ""linear_ar_specialist"", ""seasonality"": 24, ""ridge_alpha"": 1.0, ""fitted_on"": ""visible history of each series only""}","{""MASE"": 1.4814268879178498, ""WAPE"": 0.308354372299512, ""WQL"": 0.243506191208369}","{""model_name"": ""linear-ar-specialist"", ""dataset_path"": ""autogluon/fev_datasets"", ""dataset_config"": ""M_DENSE_1H"", ""horizon"": 168, ""num_windows"": 10, ""initial_cutoff"": -1680, ""window_step_size"": 168, ""min_context_length"": 1, ""seasonality"": 24, ""eval_metric"": ""SQL"", ""id_column"": ""id"", ""timestamp_column"": ""timestamp"", ""target"": ""target"", ""task_name"": ""M_DENSE_1H"", ""test_error"": 1.1686459461512413, ""inference_time_s"": 8.478645400085952, ""num_forecasts"": 300, ""dataset_fingerprint"": ""f40bfe9afb7b3e51"", ""trained_on_this_dataset"": true, ""fev_version"": ""0.10.0"", ""SQL"": 1.1686459461512413, ""MASE"": 1.4814268879178498, ""WAPE"": 0.308354372299512, ""WQL"": 0.243506191208369}",2026-09-07T02:31:41.266783+00:00,168,10,24,17520,30,1,0,0,False,False,False,0.009589
fev-bench,U,discovery,fevbench::M_DENSE_1H::M_DENSE_1H,M_DENSE_1H,mobility,H,hourly,seasonal-naive,baseline,baseline,,NOT_APPLICABLE,SQL,1.2823130648701646,1.0,6.0,152.4904832188675,timesfm-3.0,native_default,15840,16596,17352,False,none,10,300,1.2823130663235982,1.1334467654719365e-09,0.03202790007344447,,OK,,,1,"{""estimator"": ""seasonal_naive"", ""seasonality"": 24}","{""MASE"": 1.2398526625435924, ""WAPE"": 0.2611668877365143, ""WQL"": 0.2728477541539205}","{""model_name"": ""seasonal-naive"", ""dataset_path"": ""autogluon/fev_datasets"", ""dataset_config"": ""M_DENSE_1H"", ""horizon"": 168, ""num_windows"": 10, ""initial_cutoff"": -1680, ""window_step_size"": 168, ""min_context_length"": 1, ""seasonality"": 24, ""eval_metric"": ""SQL"", ""id_column"": ""id"", ""timestamp_column"": ""timestamp"", ""target"": ""target"", ""task_name"": ""M_DENSE_1H"", ""test_error"": 1.2823130648701646, ""inference_time_s"": 0.03202790007344447, ""num_forecasts"": 300, ""dataset_fingerprint"": ""f40bfe9afb7b3e51"", ""trained_on_this_dataset"": false, ""fev_version"": ""0.10.0"", ""SQL"": 1.2823130648701646, ""MASE"": 1.2398526625435924, ""WAPE"": 0.2611668877365143, ""WQL"": 0.2728477541539205}",2026-09-07T02:24:58.864724+00:00,168,10,24,17520,30,1,0,0,False,False,False,0.009589
fev-bench,U,discovery,fevbench::M_DENSE_1H::M_DENSE_1H,M_DENSE_1H,mobility,H,hourly,timesfm-3.0,primary,transformer_patch_variate,43046b85ec22d584a13f8098c2ed39c889e129c2,CLEAN_BY_OFFICIAL_EXCLUSION,SQL,0.5078658999430926,0.3960545313437281,1.0,0.0,timesfm-3.0,native_default,15840,16596,17352,False,none,10,300,0.5078658995529016,7.682953131381766e-10,78.73082370005432,2821.0986328125,OK,,,1,"{""entry_point"": ""TimesFM3Evaluator.predict_batch"", ""per_core_batch_size"": 32, ""univariate_flag"": true}","{""MASE"": 0.6236332408342616, ""WAPE"": 0.12797042043831522, ""WQL"": 0.10357007618092548}","{""model_name"": ""timesfm-3.0"", ""dataset_path"": ""autogluon/fev_datasets"", ""dataset_config"": ""M_DENSE_1H"", ""horizon"": 168, ""num_windows"": 10, ""initial_cutoff"": -1680, ""window_step_size"": 168, ""min_context_length"": 1, ""seasonality"": 24, ""eval_metric"": ""SQL"", ""id_column"": ""id"", ""timestamp_column"": ""timestamp"", ""target"": ""target"", ""task_name"": ""M_DENSE_1H"", ""test_error"": 0.5078658999430926, ""inference_time_s"": 78.73082370005432, ""num_forecasts"": 300, ""dataset_fingerprint"": ""f40bfe9afb7b3e51"", ""trained_on_this_dataset"": false, ""fev_version"": ""0.10.0"", ""SQL"": 0.5078658999430926, ""MASE"": 0.6236332408342616, ""WAPE"": 0.12797042043831522, ""WQL"": 0.10357007618092548}",2026-09-07T02:19:01.198297+00:00,168,10,24,17520,30,1,0,0,False,False,False,0.009589
fev-bench,U,discovery,fevbench::M_DENSE_1H::M_DENSE_1H,M_DENSE_1H,mobility,H,hourly,tirex-2,primary,recurrent_xlstm,05e5b26db52bfb256f1ae1bdf785589850482de3,OVERLAP_RISK_UNKNOWN,SQL,0.5970381724341788,0.46559470443719564,3.0,17.558231907493315,timesfm-3.0,native_default,15840,16596,17352,False,none,10,300,0.5970381737748782,2.245584122182934e-09,2.3563485000049695,435.75439453125,OK,,,1,"{""entry_point"": ""tirex2.ForecastModel.forecast"", ""batch_size"": 256, ""native_pytorch_kernels"": true, ""point_forecast"": ""median quantile (model emits no separate mean)""}","{""MASE"": 0.7260784952296614, ""WAPE"": 0.15058708889743685, ""WQL"": 0.12351991803628899}","{""model_name"": ""tirex-2"", ""dataset_path"": ""autogluon/fev_datasets"", ""dataset_config"": ""M_DENSE_1H"", ""horizon"": 168, ""num_windows"": 10, ""initial_cutoff"": -1680, ""window_step_size"": 168, ""min_context_length"": 1, ""seasonality"": 24, ""eval_metric"": ""SQL"", ""id_column"": ""id"", ""timestamp_column"": ""timestamp"", ""target"": ""target"", ""task_name"": ""M_DENSE_1H"", ""test_error"": 0.5970381724341788, ""inference_time_s"": 2.3563485000049695, ""num_forecasts"": 300, ""dataset_fingerprint"": ""f40bfe9afb7b3e51"", ""trained_on_this_dataset"": false, ""fev_version"": ""0.10.0"", ""SQL"": 0.5970381724341788, ""MASE"": 0.7260784952296614, ""WAPE"": 0.15058708889743685, ""WQL"": 0.12351991803628899}",2026-09-07T02:05:50.870099+00:00,168,10,24,17520,30,1,0,0,False,False,False,0.009589
fev-bench,U,discovery,fevbench::SZ_TAXI_15T::SZ_TAXI_15T,SZ_TAXI_15T,mobility,15T,sub_hourly,chronos-2,primary,transformer_encoder,29ec3766d36d6f73f0696f85560a422f50e8498c,OVERLAP_RISK_UNKNOWN,SQL,0.39391021244652147,0.6308844912747497,2.0,0.39676289554374033,timesfm-3.0,native_default,2016,2448,2880,False,none,10,1560,0.39391021246794994,5.439937689442509e-11,6.368420799990417,1645.96630859375,OK,,,1,"{""entry_point"": ""Chronos2Pipeline.predict_quantiles"", ""batch_size"": 256, ""default_context_length"": 2048}","{""MASE"": 0.5010338497975885, ""WAPE"": 0.23969295559127635, ""WQL"": 0.18815998100238293}","{""model_name"": ""chronos-2"", ""dataset_path"": ""autogluon/fev_datasets"", ""dataset_config"": ""SZ_TAXI_15T"", ""horizon"": 96, ""num_windows"": 10, ""initial_cutoff"": -960, ""window_step_size"": 96, ""min_context_length"": 1, ""seasonality"": 96, ""eval_metric"": ""SQL"", ""id_column"": ""id"", ""timestamp_column"": ""timestamp"", ""target"": ""target"", ""task_name"": ""SZ_TAXI_15T"", ""test_error"": 0.39391021244652147, ""inference_time_s"": 6.368420799990417, ""num_forecasts"": 1560, ""dataset_fingerprint"": ""4bd3ed28835dc961"", ""trained_on_this_dataset"": false, ""fev_version"": ""0.10.0"", ""SQL"": 0.39391021244652147, ""MASE"": 0.5010338497975885, ""WAPE"": 0.23969295559127635, ""WQL"": 0.18815998100238293}",2026-09-07T02:03:26.010215+00:00,96,10,96,2976,156,1,0,0,False,False,False,0.032258
fev-bench,U,discovery,fevbench::SZ_TAXI_15T::SZ_TAXI_15T,SZ_TAXI_15T,mobility,15T,sub_hourly,chronos-2-synth,diagnostic,transformer_encoder,3607918a9fd027d5c465d8213e46b98e2c041cea,SYNTH_ONLY_DIAGNOSTIC,SQL,0.4000953478624272,0.6407905711047029,4.0,1.9731819733096416,timesfm-3.0,native_default,2016,2448,2880,False,none,10,1560,0.40009534828102167,1.046236839888761e-09,6.626585000019986,1645.17919921875,OK,,,1,"{""entry_point"": ""Chronos2Pipeline.predict_quantiles"", ""batch_size"": 256, ""default_context_length"": 2048}","{""MASE"": 0.5082095280685345, ""WAPE"": 0.24297028750911198, ""WQL"": 0.19088800751396046}","{""model_name"": ""chronos-2-synth"", ""dataset_path"": ""autogluon/fev_datasets"", ""dataset_config"": ""SZ_TAXI_15T"", ""horizon"": 96, ""num_windows"": 10, ""initial_cutoff"": -960, ""window_step_size"": 96, ""min_context_length"": 1, ""seasonality"": 96, ""eval_metric"": ""SQL"", ""id_column"": ""id"", ""timestamp_column"": ""timestamp"", ""target"": ""target"", ""task_name"": ""SZ_TAXI_15T"", ""test_error"": 0.4000953478624272, ""inference_time_s"": 6.626585000019986, ""num_forecasts"": 1560, ""dataset_fingerprint"": ""4bd3ed28835dc961"", ""trained_on_this_dataset"": false, ""fev_version"": ""0.10.0"", ""SQL"": 0.4000953478624272, ""MASE"": 0.5082095280685345, ""WAPE"": 0.24297028750911198, ""WQL"": 0.19088800751396046}",2026-09-07T02:23:15.898386+00:00,96,10,96,2976,156,1,0,0,False,False,False,0.032258
fev-bench,U,discovery,fevbench::SZ_TAXI_15T::SZ_TAXI_15T,SZ_TAXI_15T,mobility,15T,sub_hourly,linear-ar-specialist,baseline,baseline,,NOT_APPLICABLE,SQL,0.5193317718886427,0.8317589906488192,5.0,32.36323182025969,timesfm-3.0,native_default,2016,2448,2880,False,none,10,1560,0.5193317722815733,7.566082209025748e-10,3.742192400008207,,OK,,,1,"{""estimator"": ""linear_ar_specialist"", ""seasonality"": 96, ""ridge_alpha"": 1.0, ""fitted_on"": ""visible history of each series only""}","{""MASE"": 0.6222750397511966, ""WAPE"": 0.2940029042775813, ""WQL"": 0.2439591919344269}","{""model_name"": ""linear-ar-specialist"", ""dataset_path"": ""autogluon/fev_datasets"", ""dataset_config"": ""SZ_TAXI_15T"", ""horizon"": 96, ""num_windows"": 10, ""initial_cutoff"": -960, ""window_step_size"": 96, ""min_context_length"": 1, ""seasonality"": 96, ""eval_metric"": ""SQL"", ""id_column"": ""id"", ""timestamp_column"": ""timestamp"", ""target"": ""target"", ""task_name"": ""SZ_TAXI_15T"", ""test_error"": 0.5193317718886427, ""inference_time_s"": 3.742192400008207, ""num_forecasts"": 1560, ""dataset_fingerprint"": ""4bd3ed28835dc961"", ""trained_on_this_dataset"": true, ""fev_version"": ""0.10.0"", ""SQL"": 0.5193317718886427, ""MASE"": 0.6222750397511966, ""WAPE"": 0.2940029042775813, ""WQL"": 0.2439591919344269}",2026-09-07T02:31:52.266500+00:00,96,10,96,2976,156,1,0,0,False,False,False,0.032258
fev-bench,U,discovery,fevbench::SZ_TAXI_15T::SZ_TAXI_15T,SZ_TAXI_15T,mobility,15T,sub_hourly,seasonal-naive,baseline,baseline,,NOT_APPLICABLE,SQL,0.6243777076380436,1.0,6.0,59.13652068492684,timesfm-3.0,native_default,2016,2448,2880,False,none,10,1560,0.6243777077358503,1.5664678846220022e-10,0.1127169000392314,,OK,,,1,"{""estimator"": ""seasonal_naive"", ""seasonality"": 96}","{""MASE"": 0.6992652748788732, ""WAPE"": 0.3343059967464908, ""WQL"": 0.29582407087145246}","{""model_name"": ""seasonal-naive"", ""dataset_path"": ""autogluon/fev_datasets"", ""dataset_config"": ""SZ_TAXI_15T"", ""horizon"": 96, ""num_windows"": 10, ""initial_cutoff"": -960, ""window_step_size"": 96, ""min_context_length"": 1, ""seasonality"": 96, ""eval_metric"": ""SQL"", ""id_column"": ""id"", ""timestamp_column"": ""timestamp"", ""target"": ""target"", ""task_name"": ""SZ_TAXI_15T"", ""test_error"": 0.6243777076380436, ""inference_time_s"": 0.1127169000392314, ""num_forecasts"": 1560, ""dataset_fingerprint"": ""4bd3ed28835dc961"", ""trained_on_this_dataset"": false, ""fev_version"": ""0.10.0"", ""SQL"": 0.6243777076380436, ""MASE"": 0.6992652748788732, ""WAPE"": 0.3343059967464908, ""WQL"": 0.29582407087145246}",2026-09-07T02:25:07.026805+00:00,96,10,96,2976,156,1,0,0,False,False,False,0.032258
fev-bench,U,discovery,fevbench::SZ_TAXI_15T::SZ_TAXI_15T,SZ_TAXI_15T,mobility,15T,sub_hourly,timesfm-3.0,primary,transformer_patch_variate,43046b85ec22d584a13f8098c2ed39c889e129c2,CLEAN_BY_OFFICIAL_EXCLUSION,SQL,0.3923534993417659,0.6283912678849453,1.0,0.0,timesfm-3.0,native_default,2016,2448,2880,False,none,10,1560,0.39235349969627953,9.035567192862948e-10,48.8380261999846,1443.02294921875,OK,,,1,"{""entry_point"": ""TimesFM3Evaluator.predict_batch"", ""per_core_batch_size"": 32, ""univariate_flag"": true}","{""MASE"": 0.49930697636633203, ""WAPE"": 0.23892686850759431, ""WQL"": 0.1874775583323501}","{""model_name"": ""timesfm-3.0"", ""dataset_path"": ""autogluon/fev_datasets"", ""dataset_config"": ""SZ_TAXI_15T"", ""horizon"": 96, ""num_windows"": 10, ""initial_cutoff"": -960, ""window_step_size"": 96, ""min_context_length"": 1, ""seasonality"": 96, ""eval_metric"": ""SQL"", ""id_column"": ""id"", ""timestamp_column"": ""timestamp"", ""target"": ""target"", ""task_name"": ""SZ_TAXI_15T"", ""test_error"": 0.3923534993417659, ""inference_time_s"": 48.8380261999846, ""num_forecasts"": 1560, ""dataset_fingerprint"": ""4bd3ed28835dc961"", ""trained_on_this_dataset"": false, ""fev_version"": ""0.10.0"", ""SQL"": 0.3923534993417659, ""MASE"": 0.49930697636633203, ""WAPE"": 0.23892686850759431, ""WQL"": 0.1874775583323501}",2026-09-07T02:19:57.016987+00:00,96,10,96,2976,156,1,0,0,False,False,False,0.032258
fev-bench,U,discovery,fevbench::SZ_TAXI_15T::SZ_TAXI_15T,SZ_TAXI_15T,mobility,15T,sub_hourly,tirex-2,primary,recurrent_xlstm,05e5b26db52bfb256f1ae1bdf785589850482de3,OVERLAP_RISK_UNKNOWN,SQL,0.3964093073640254,0.6348870283399465,3.0,1.0337127180116328,timesfm-3.0,native_default,2016,2448,2880,False,none,10,1560,0.39640930759099624,5.725668565352779e-10,6.7642011000425555,859.931640625,OK,,,1,"{""entry_point"": ""tirex2.ForecastModel.forecast"", ""batch_size"": 256, ""native_pytorch_kernels"": true, ""point_forecast"": ""median quantile (model emits no separate mean)""}","{""MASE"": 0.5032615351533052, ""WAPE"": 0.24075525019243518, ""WQL"": 0.18932433767948395}","{""model_name"": ""tirex-2"", ""dataset_path"": ""autogluon/fev_datasets"", ""dataset_config"": ""SZ_TAXI_15T"", ""horizon"": 96, ""num_windows"": 10, ""initial_cutoff"": -960, ""window_step_size"": 96, ""min_context_length"": 1, ""seasonality"": 96, ""eval_metric"": ""SQL"", ""id_column"": ""id"", ""timestamp_column"": ""timestamp"", ""target"": ""target"", ""task_name"": ""SZ_TAXI_15T"", ""test_error"": 0.3964093073640254, ""inference_time_s"": 6.7642011000425555, ""num_forecasts"": 1560, ""dataset_fingerprint"": ""4bd3ed28835dc961"", ""trained_on_this_dataset"": false, ""fev_version"": ""0.10.0"", ""SQL"": 0.3964093073640254, ""MASE"": 0.5032615351533052, ""WAPE"": 0.24075525019243518, ""WQL"": 0.18932433767948395}",2026-09-07T02:06:04.703960+00:00,96,10,96,2976,156,1,0,0,False,False,False,0.032258
fev-bench,U,discovery,fevbench::australian_tourism::australian_tourism,australian_tourism,econ,Q,daily_or_coarser,chronos-2,primary,transformer_encoder,29ec3766d36d6f73f0696f85560a422f50e8498c,OVERLAP_RISK_UNKNOWN,SQL,0.7396415106573477,0.8266551423459015,2.0,1.0839097019693407,chronos-2-synth,native_default,20,24,28,False,none,2,178,0.7396415115407343,1.1943442510662242e-09,0.18737979998695664,479.193359375,OK,,,1,"{""entry_point"": ""Chronos2Pipeline.predict_quantiles"", ""batch_size"": 256, ""default_context_length"": 2048}","{""MASE"": 0.9202256061327684, ""WAPE"": 0.09758039154224528, ""WQL"": 0.07858857498538246}","{""model_name"": ""chronos-2"", ""dataset_path"": ""autogluon/fev_datasets"", ""dataset_config"": ""australian_tourism"", ""horizon"": 8, ""num_windows"": 2, ""initial_cutoff"": -16, ""window_step_size"": 8, ""min_context_length"": 1, ""seasonality"": 4, ""eval_metric"": ""SQL"", ""id_column"": ""id"", ""timestamp_column"": ""timestamp"", ""target"": ""target"", ""task_name"": ""australian_tourism"", ""test_error"": 0.7396415106573477, ""inference_time_s"": 0.18737979998695664, ""num_forecasts"": 178, ""dataset_fingerprint"": ""7013fcb0b68de2bf"", ""trained_on_this_dataset"": false, ""fev_version"": ""0.10.0"", ""SQL"": 0.7396415106573477, ""MASE"": 0.9202256061327684, ""WAPE"": 0.09758039154224528, ""WQL"": 0.07858857498538246}",2026-09-07T02:01:55.363505+00:00,8,2,4,36,89,1,0,0,False,False,False,0.222222
fev-bench,U,discovery,fevbench::australian_tourism::australian_tourism,australian_tourism,econ,Q,daily_or_coarser,chronos-2-synth,diagnostic,transformer_encoder,3607918a9fd027d5c465d8213e46b98e2c041cea,SYNTH_ONLY_DIAGNOSTIC,SQL,0.731710430312865,0.8177910260724675,1.0,0.0,chronos-2-synth,native_default,20,24,28,False,none,2,178,0.7317104298579559,6.217064723085085e-10,0.25765669997781515,478.7548828125,OK,,,1,"{""entry_point"": ""Chronos2Pipeline.predict_quantiles"", ""batch_size"": 256, ""default_context_length"": 2048}","{""MASE"": 0.9222871125601453, ""WAPE"": 0.09792823710685916, ""WQL"": 0.07726040005540356}","{""model_name"": ""chronos-2-synth"", ""dataset_path"": ""autogluon/fev_datasets"", ""dataset_config"": ""australian_tourism"", ""horizon"": 8, ""num_windows"": 2, ""initial_cutoff"": -16, ""window_step_size"": 8, ""min_context_length"": 1, ""seasonality"": 4, ""eval_metric"": ""SQL"", ""id_column"": ""id"", ""timestamp_column"": ""timestamp"", ""target"": ""target"", ""task_name"": ""australian_tourism"", ""test_error"": 0.731710430312865, ""inference_time_s"": 0.25765669997781515, ""num_forecasts"": 178, ""dataset_fingerprint"": ""7013fcb0b68de2bf"", ""trained_on_this_dataset"": false, ""fev_version"": ""0.10.0"", ""SQL"": 0.731710430312865, ""MASE"": 0.9222871125601453, ""WAPE"": 0.09792823710685916, ""WQL"": 0.07726040005540356}",2026-09-07T02:21:42.982822+00:00,8,2,4,36,89,1,0,0,False,False,False,0.222222
fev-bench,U,discovery,fevbench::australian_tourism::australian_tourism,australian_tourism,econ,Q,daily_or_coarser,linear-ar-specialist,baseline,baseline,,NOT_APPLICABLE,SQL,0.8947401071725938,1.0,5.0,22.280627705419004,chronos-2-synth,native_default,20,24,28,False,none,2,178,0.8947401071867247,1.57933220430714e-11,0.011466500000096858,,OK,,,1,"{""estimator"": ""linear_ar_specialist"", ""seasonality"": 4, ""ridge_alpha"": 1.0, ""fitted_on"": ""visible history of each series only""}","{""MASE"": 1.0994521121001988, ""WAPE"": 0.1130525185536693, ""WQL"": 0.09058706706474522}","{""model_name"": ""linear-ar-specialist"", ""dataset_path"": ""autogluon/fev_datasets"", ""dataset_config"": ""australian_tourism"", ""horizon"": 8, ""num_windows"": 2, ""initial_cutoff"": -16, ""window_step_size"": 8, ""min_context_length"": 1, ""seasonality"": 4, ""eval_metric"": ""SQL"", ""id_column"": ""id"", ""timestamp_column"": ""timestamp"", ""target"": ""target"", ""task_name"": ""australian_tourism"", ""test_error"": 0.8947401071725938, ""inference_time_s"": 0.011466500000096858, ""num_forecasts"": 178, ""dataset_fingerprint"": ""7013fcb0b68de2bf"", ""trained_on_this_dataset"": true, ""fev_version"": ""0.10.0"", ""SQL"": 0.8947401071725938, ""MASE"": 1.0994521121001988, ""WAPE"": 0.1130525185536693, ""WQL"": 0.09058706706474522}",2026-09-07T02:27:16.098876+00:00,8,2,4,36,89,1,0,0,False,False,False,0.222222
fev-bench,U,discovery,fevbench::australian_tourism::australian_tourism,australian_tourism,econ,Q,daily_or_coarser,seasonal-naive,baseline,baseline,,NOT_APPLICABLE,SQL,0.8947401071725938,1.0,5.0,22.280627705419004,chronos-2-synth,native_default,20,24,28,False,none,2,178,0.8947401071867247,1.57933220430714e-11,0.011404700024286285,,OK,,,1,"{""estimator"": ""seasonal_naive"", ""seasonality"": 4}","{""MASE"": 1.0994521121001988, ""WAPE"": 0.1130525185536693, ""WQL"": 0.09058706706474522}","{""model_name"": ""seasonal-naive"", ""dataset_path"": ""autogluon/fev_datasets"", ""dataset_config"": ""australian_tourism"", ""horizon"": 8, ""num_windows"": 2, ""initial_cutoff"": -16, ""window_step_size"": 8, ""min_context_length"": 1, ""seasonality"": 4, ""eval_metric"": ""SQL"", ""id_column"": ""id"", ""timestamp_column"": ""timestamp"", ""target"": ""target"", ""task_name"": ""australian_tourism"", ""test_error"": 0.8947401071725938, ""inference_time_s"": 0.011404700024286285, ""num_forecasts"": 178, ""dataset_fingerprint"": ""7013fcb0b68de2bf"", ""trained_on_this_dataset"": false, ""fev_version"": ""0.10.0"", ""SQL"": 0.8947401071725938, ""MASE"": 1.0994521121001988, ""WAPE"": 0.1130525185536693, ""WQL"": 0.09058706706474522}",2026-09-07T02:24:05.790036+00:00,8,2,4,36,89,1,0,0,False,False,False,0.222222
fev-bench,U,discovery,fevbench::australian_tourism::australian_tourism,australian_tourism,econ,Q,daily_or_coarser,timesfm-3.0,primary,transformer_patch_variate,43046b85ec22d584a13f8098c2ed39c889e129c2,CLEAN_BY_OFFICIAL_EXCLUSION,SQL,0.7906485073204472,0.8836627541140643,4.0,8.054836252967103,chronos-2-synth,native_default,20,24,28,False,none,2,178,0.790648508942529,2.0515839683399905e-09,0.8511368000181392,1276.10302734375,OK,,,1,"{""entry_point"": ""TimesFM3Evaluator.predict_batch"", ""per_core_batch_size"": 32, ""univariate_flag"": true}","{""MASE"": 0.975933123480165, ""WAPE"": 0.09948883994924068, ""WQL"": 0.07925758143679235}","{""model_name"": ""timesfm-3.0"", ""dataset_path"": ""autogluon/fev_datasets"", ""dataset_config"": ""australian_tourism"", ""horizon"": 8, ""num_windows"": 2, ""initial_cutoff"": -16, ""window_step_size"": 8, ""min_context_length"": 1, ""seasonality"": 4, ""eval_metric"": ""SQL"", ""id_column"": ""id"", ""timestamp_column"": ""timestamp"", ""target"": ""target"", ""task_name"": ""australian_tourism"", ""test_error"": 0.7906485073204472, ""inference_time_s"": 0.8511368000181392, ""num_forecasts"": 178, ""dataset_fingerprint"": ""7013fcb0b68de2bf"", ""trained_on_this_dataset"": false, ""fev_version"": ""0.10.0"", ""SQL"": 0.7906485073204472, ""MASE"": 0.975933123480165, ""WAPE"": 0.09948883994924068, ""WQL"": 0.07925758143679235}",2026-09-07T02:09:07.357752+00:00,8,2,4,36,89,1,0,0,False,False,False,0.222222
fev-bench,U,discovery,fevbench::australian_tourism::australian_tourism,australian_tourism,econ,Q,daily_or_coarser,tirex-2,primary,recurrent_xlstm,05e5b26db52bfb256f1ae1bdf785589850482de3,OVERLAP_RISK_UNKNOWN,SQL,0.7436990462039466,0.8311900184669919,3.0,1.6384372006225854,chronos-2-synth,native_default,20,24,28,False,none,2,178,0.7436990465006132,3.9890691365983147e-10,1.0271116999792866,633.27587890625,OK,,,1,"{""entry_point"": ""tirex2.ForecastModel.forecast"", ""batch_size"": 256, ""native_pytorch_kernels"": true, ""point_forecast"": ""median quantile (model emits no separate mean)""}","{""MASE"": 0.9473192906613972, ""WAPE"": 0.10267901512372825, ""WQL"": 0.0800594578405508}","{""model_name"": ""tirex-2"", ""dataset_path"": ""autogluon/fev_datasets"", ""dataset_config"": ""australian_tourism"", ""horizon"": 8, ""num_windows"": 2, ""initial_cutoff"": -16, ""window_step_size"": 8, ""min_context_length"": 1, ""seasonality"": 4, ""eval_metric"": ""SQL"", ""id_column"": ""id"", ""timestamp_column"": ""timestamp"", ""target"": ""target"", ""task_name"": ""australian_tourism"", ""test_error"": 0.7436990462039466, ""inference_time_s"": 1.0271116999792866, ""num_forecasts"": 178, ""dataset_fingerprint"": ""7013fcb0b68de2bf"", ""trained_on_this_dataset"": false, ""fev_version"": ""0.10.0"", ""SQL"": 0.7436990462039466, ""MASE"": 0.9473192906613972, ""WAPE"": 0.10267901512372825, ""WQL"": 0.0800594578405508}",2026-09-07T02:04:29.053348+00:00,8,2,4,36,89,1,0,0,False,False,False,0.222222
fev-bench,U,discovery,fevbench::bizitobs_l2c_1H::bizitobs_l2c_1H,bizitobs_l2c_1H,cloud,H,hourly,chronos-2,primary,transformer_encoder,29ec3766d36d6f73f0696f85560a422f50e8498c,OVERLAP_RISK_UNKNOWN,SQL,0.3276715918124343,0.3722035638661308,3.0,6.7044254692268765,timesfm-3.0,native_default,2184,2412,2640,False,none,20,20,0.32767159421928227,7.345305492788044e-09,1.016446199879283,510.3125,OK,,,7,"{""entry_point"": ""Chronos2Pipeline.predict_quantiles"", ""batch_size"": 256, ""default_context_length"": 2048}","{""MASE"": 0.4170539400193709, ""WAPE"": 0.3387895056512065, ""WQL"": 0.2668998313220564}","{""model_name"": ""chronos-2"", ""dataset_path"": ""autogluon/fev_datasets"", ""dataset_config"": ""bizitobs_l2c_1H"", ""horizon"": 24, ""num_windows"": 20, ""initial_cutoff"": -480, ""window_step_size"": 24, ""min_context_length"": 1, ""seasonality"": 24, ""eval_metric"": ""SQL"", ""id_column"": ""id"", ""timestamp_column"": ""timestamp"", ""task_name"": ""bizitobs_l2c_1H"", ""test_error"": 0.3276715918124343, ""inference_time_s"": 1.016446199879283, ""num_forecasts"": 140, ""dataset_fingerprint"": ""b0e17ddbdd539d9e"", ""trained_on_this_dataset"": false, ""fev_version"": ""0.10.0"", ""SQL"": 0.3276715918124343, ""MASE"": 0.4170539400193709, ""WAPE"": 0.3387895056512065, ""WQL"": 0.2668998313220564}",2026-09-07T02:01:31.372087+00:00,24,20,24,2664,1,7,0,0,True,False,False,0.009009
fev-bench,U,discovery,fevbench::bizitobs_l2c_1H::bizitobs_l2c_1H,bizitobs_l2c_1H,cloud,H,hourly,chronos-2-synth,diagnostic,transformer_encoder,3607918a9fd027d5c465d8213e46b98e2c041cea,SYNTH_ONLY_DIAGNOSTIC,SQL,0.3265575195688513,0.370938084435423,2.0,6.341634059617022,timesfm-3.0,native_default,2184,2412,2640,False,none,20,20,0.3265575159341097,1.1130479015137676e-08,1.040439400007017,509.8740234375,OK,,,7,"{""entry_point"": ""Chronos2Pipeline.predict_quantiles"", ""batch_size"": 256, ""default_context_length"": 2048}","{""MASE"": 0.41230445737487786, ""WAPE"": 0.33175657133134906, ""WQL"": 0.2630108252234477}","{""model_name"": ""chronos-2-synth"", ""dataset_path"": ""autogluon/fev_datasets"", ""dataset_config"": ""bizitobs_l2c_1H"", ""horizon"": 24, ""num_windows"": 20, ""initial_cutoff"": -480, ""window_step_size"": 24, ""min_context_length"": 1, ""seasonality"": 24, ""eval_metric"": ""SQL"", ""id_column"": ""id"", ""timestamp_column"": ""timestamp"", ""task_name"": ""bizitobs_l2c_1H"", ""test_error"": 0.3265575195688513, ""inference_time_s"": 1.040439400007017, ""num_forecasts"": 140, ""dataset_fingerprint"": ""b0e17ddbdd539d9e"", ""trained_on_this_dataset"": false, ""fev_version"": ""0.10.0"", ""SQL"": 0.3265575195688513, ""MASE"": 0.41230445737487786, ""WAPE"": 0.33175657133134906, ""WQL"": 0.2630108252234477}",2026-09-07T02:21:19.547090+00:00,24,20,24,2664,1,7,0,0,True,False,False,0.009009
fev-bench,U,discovery,fevbench::bizitobs_l2c_1H::bizitobs_l2c_1H,bizitobs_l2c_1H,cloud,H,hourly,linear-ar-specialist,baseline,baseline,,NOT_APPLICABLE,SQL,0.5425749453960447,0.616313203179598,5.0,76.68650340497754,timesfm-3.0,native_default,2184,2412,2640,False,none,20,20,0.5425749480724334,4.932754083058148e-09,0.06868810002924874,,OK,,,7,"{""estimator"": ""linear_ar_specialist"", ""seasonality"": 24, ""ridge_alpha"": 1.0, ""fitted_on"": ""visible history of each series only""}","{""MASE"": 0.6575507263223177, ""WAPE"": 1.2821868545400075, ""WQL"": 1.141427214294594}","{""model_name"": ""linear-ar-specialist"", ""dataset_path"": ""autogluon/fev_datasets"", ""dataset_config"": ""bizitobs_l2c_1H"", ""horizon"": 24, ""num_windows"": 20, ""initial_cutoff"": -480, ""window_step_size"": 24, ""min_context_length"": 1, ""seasonality"": 24, ""eval_metric"": ""SQL"", ""id_column"": ""id"", ""timestamp_column"": ""timestamp"", ""task_name"": ""bizitobs_l2c_1H"", ""test_error"": 0.5425749453960447, ""inference_time_s"": 0.06868810002924874, ""num_forecasts"": 140, ""dataset_fingerprint"": ""b0e17ddbdd539d9e"", ""trained_on_this_dataset"": true, ""fev_version"": ""0.10.0"", ""SQL"": 0.5425749453960447, ""MASE"": 0.6575507263223177, ""WAPE"": 1.2821868545400075, ""WQL"": 1.141427214294594}",2026-09-07T02:25:34.608351+00:00,24,20,24,2664,1,7,0,0,True,False,False,0.009009
fev-bench,U,discovery,fevbench::bizitobs_l2c_1H::bizitobs_l2c_1H,bizitobs_l2c_1H,cloud,H,hourly,seasonal-naive,baseline,baseline,,NOT_APPLICABLE,SQL,0.8803558687317858,1.0,6.0,186.68297627479163,timesfm-3.0,native_default,2184,2412,2640,False,none,20,20,0.8803558647632599,4.507865618047744e-09,0.012909000011859462,,OK,,,7,"{""estimator"": ""seasonal_naive"", ""seasonality"": 24}","{""MASE"": 1.0658712668050072, ""WAPE"": 2.2812914149165655, ""WQL"": 2.0794696654062754}","{""model_name"": ""seasonal-naive"", ""dataset_path"": ""autogluon/fev_datasets"", ""dataset_config"": ""bizitobs_l2c_1H"", ""horizon"": 24, ""num_windows"": 20, ""initial_cutoff"": -480, ""window_step_size"": 24, ""min_context_length"": 1, ""seasonality"": 24, ""eval_metric"": ""SQL"", ""id_column"": ""id"", ""timestamp_column"": ""timestamp"", ""task_name"": ""bizitobs_l2c_1H"", ""test_error"": 0.8803558687317858, ""inference_time_s"": 0.012909000011859462, ""num_forecasts"": 140, ""dataset_fingerprint"": ""b0e17ddbdd539d9e"", ""trained_on_this_dataset"": false, ""fev_version"": ""0.10.0"", ""SQL"": 0.8803558687317858, ""MASE"": 1.0658712668050072, ""WAPE"": 2.2812914149165655, ""WQL"": 2.0794696654062754}",2026-09-07T02:23:47.450970+00:00,24,20,24,2664,1,7,0,0,True,False,False,0.009009
fev-bench,U,discovery,fevbench::bizitobs_l2c_1H::bizitobs_l2c_1H,bizitobs_l2c_1H,cloud,H,hourly,timesfm-3.0,primary,transformer_patch_variate,43046b85ec22d584a13f8098c2ed39c889e129c2,CLEAN_BY_OFFICIAL_EXCLUSION,SQL,0.3070834132431869,0.34881736369357313,1.0,0.0,timesfm-3.0,native_default,2184,2412,2640,False,none,20,20,0.30708341458812355,4.3797111925900515e-09,7.055677700089291,1338.41162109375,OK,,,7,"{""entry_point"": ""TimesFM3Evaluator.predict_batch"", ""per_core_batch_size"": 32, ""univariate_flag"": true}","{""MASE"": 0.3883403101756614, ""WAPE"": 0.3088608672393801, ""WQL"": 0.24445208707524083}","{""model_name"": ""timesfm-3.0"", ""dataset_path"": ""autogluon/fev_datasets"", ""dataset_config"": ""bizitobs_l2c_1H"", ""horizon"": 24, ""num_windows"": 20, ""initial_cutoff"": -480, ""window_step_size"": 24, ""min_context_length"": 1, ""seasonality"": 24, ""eval_metric"": ""SQL"", ""id_column"": ""id"", ""timestamp_column"": ""timestamp"", ""task_name"": ""bizitobs_l2c_1H"", ""test_error"": 0.3070834132431869, ""inference_time_s"": 7.055677700089291, ""num_forecasts"": 140, ""dataset_fingerprint"": ""b0e17ddbdd539d9e"", ""trained_on_this_dataset"": false, ""fev_version"": ""0.10.0"", ""SQL"": 0.3070834132431869, ""MASE"": 0.3883403101756614, ""WAPE"": 0.3088608672393801, ""WQL"": 0.24445208707524083}",2026-09-07T02:07:21.210194+00:00,24,20,24,2664,1,7,0,0,True,False,False,0.009009
fev-bench,U,discovery,fevbench::bizitobs_l2c_1H::bizitobs_l2c_1H,bizitobs_l2c_1H,cloud,H,hourly,tirex-2,primary,recurrent_xlstm,05e5b26db52bfb256f1ae1bdf785589850482de3,OVERLAP_RISK_UNKNOWN,SQL,0.3385455532304182,0.3845553431910629,4.0,10.24547032838783,timesfm-3.0,native_default,2184,2412,2640,False,none,20,20,0.33854555496945976,5.1368023027175065e-09,3.7057361000042874,351.431640625,OK,,,7,"{""entry_point"": ""tirex2.ForecastModel.forecast"", ""batch_size"": 256, ""native_pytorch_kernels"": true, ""point_forecast"": ""median quantile (model emits no separate mean)""}","{""MASE"": 0.42932958620611406, ""WAPE"": 0.3456058921494839, ""WQL"": 0.28622998680482414}","{""model_name"": ""tirex-2"", ""dataset_path"": ""autogluon/fev_datasets"", ""dataset_config"": ""bizitobs_l2c_1H"", ""horizon"": 24, ""num_windows"": 20, ""initial_cutoff"": -480, ""window_step_size"": 24, ""min_context_length"": 1, ""seasonality"": 24, ""eval_metric"": ""SQL"", ""id_column"": ""id"", ""timestamp_column"": ""timestamp"", ""task_name"": ""bizitobs_l2c_1H"", ""test_error"": 0.3385455532304182, ""inference_time_s"": 3.7057361000042874, ""num_forecasts"": 140, ""dataset_fingerprint"": ""b0e17ddbdd539d9e"", ""trained_on_this_dataset"": false, ""fev_version"": ""0.10.0"", ""SQL"": 0.3385455532304182, ""MASE"": 0.42932958620611406, ""WAPE"": 0.3456058921494839, ""WQL"": 0.28622998680482414}",2026-09-07T02:04:06.226114+00:00,24,20,24,2664,1,7,0,0,True,False,False,0.009009
fev-bench,U,discovery,fevbench::boomlet_1062::boomlet_1062,boomlet_1062,cloud,5T,sub_hourly,chronos-2,primary,transformer_encoder,29ec3766d36d6f73f0696f85560a422f50e8498c,OVERLAP_RISK_UNKNOWN,SQL,0.5572701815919265,0.5649231603736393,3.0,1.1906281119434161,timesfm-3.0,native_default,10624,13360,16096,False,none,20,20,0.5572701841592789,4.607015439790789e-09,5.714397400035523,894.59619140625,OK,,,21,"{""entry_point"": ""Chronos2Pipeline.predict_quantiles"", ""batch_size"": 256, ""default_context_length"": 2048}","{""MASE"": 0.6840740803102104, ""WAPE"": 0.5722377420286275, ""WQL"": 0.46104492609919945}","{""model_name"": ""chronos-2"", ""dataset_path"": ""autogluon/fev_datasets"", ""dataset_config"": ""boomlet_1062"", ""horizon"": 288, ""num_windows"": 20, ""initial_cutoff"": -5760, ""window_step_size"": 288, ""min_context_length"": 1, ""seasonality"": 288, ""eval_metric"": ""SQL"", ""id_column"": ""id"", ""timestamp_column"": ""timestamp"", ""task_name"": ""boomlet_1062"", ""test_error"": 0.5572701815919265, ""inference_time_s"": 5.714397400035523, ""num_forecasts"": 420, ""dataset_fingerprint"": ""eec81c201b8778e1"", ""trained_on_this_dataset"": false, ""fev_version"": ""0.10.0"", ""SQL"": 0.5572701815919265, ""MASE"": 0.6840740803102104, ""WAPE"": 0.5722377420286275, ""WQL"": 0.46104492609919945}",2026-09-07T02:01:48.550516+00:00,288,20,288,16384,1,21,0,0,True,False,False,0.017578
fev-bench,U,discovery,fevbench::boomlet_1062::boomlet_1062,boomlet_1062,cloud,5T,sub_hourly,chronos-2-synth,diagnostic,transformer_encoder,3607918a9fd027d5c465d8213e46b98e2c041cea,SYNTH_ONLY_DIAGNOSTIC,SQL,0.565270518231396,0.5730333654549721,4.0,2.6433508959658396,timesfm-3.0,native_default,10624,13360,16096,False,none,20,20,0.5652705252170562,1.2358083514277873e-08,5.769982299942058,894.28759765625,OK,,,21,"{""entry_point"": ""Chronos2Pipeline.predict_quantiles"", ""batch_size"": 256, ""default_context_length"": 2048}","{""MASE"": 0.69564334168039, ""WAPE"": 0.5832368856025397, ""WQL"": 0.46932618849756597}","{""model_name"": ""chronos-2-synth"", ""dataset_path"": ""autogluon/fev_datasets"", ""dataset_config"": ""boomlet_1062"", ""horizon"": 288, ""num_windows"": 20, ""initial_cutoff"": -5760, ""window_step_size"": 288, ""min_context_length"": 1, ""seasonality"": 288, ""eval_metric"": ""SQL"", ""id_column"": ""id"", ""timestamp_column"": ""timestamp"", ""task_name"": ""boomlet_1062"", ""test_error"": 0.565270518231396, ""inference_time_s"": 5.769982299942058, ""num_forecasts"": 420, ""dataset_fingerprint"": ""eec81c201b8778e1"", ""trained_on_this_dataset"": false, ""fev_version"": ""0.10.0"", ""SQL"": 0.565270518231396, ""MASE"": 0.69564334168039, ""WAPE"": 0.5832368856025397, ""WQL"": 0.46932618849756597}",2026-09-07T02:21:36.459018+00:00,288,20,288,16384,1,21,0,0,True,False,False,0.017578
fev-bench,U,discovery,fevbench::boomlet_1062::boomlet_1062,boomlet_1062,cloud,5T,sub_hourly,linear-ar-specialist,baseline,baseline,,NOT_APPLICABLE,SQL,0.6961872390588765,0.7057479626443316,5.0,26.415563457285884,timesfm-3.0,native_default,10624,13360,16096,False,none,20,20,0.696187236905098,3.0936770570525455e-09,82.8728611000115,,OK,,,21,"{""estimator"": ""linear_ar_specialist"", ""seasonality"": 288, ""ridge_alpha"": 1.0, ""fitted_on"": ""visible history of each series only""}","{""MASE"": 0.806835512417627, ""WAPE"": 0.6683751093215593, ""WQL"": 0.5242450448496377}","{""model_name"": ""linear-ar-specialist"", ""dataset_path"": ""autogluon/fev_datasets"", ""dataset_config"": ""boomlet_1062"", ""horizon"": 288, ""num_windows"": 20, ""initial_cutoff"": -5760, ""window_step_size"": 288, ""min_context_length"": 1, ""seasonality"": 288, ""eval_metric"": ""SQL"", ""id_column"": ""id"", ""timestamp_column"": ""timestamp"", ""task_name"": ""boomlet_1062"", ""test_error"": 0.6961872390588765, ""inference_time_s"": 82.8728611000115, ""num_forecasts"": 420, ""dataset_fingerprint"": ""eec81c201b8778e1"", ""trained_on_this_dataset"": true, ""fev_version"": ""0.10.0"", ""SQL"": 0.6961872390588765, ""MASE"": 0.806835512417627, ""WAPE"": 0.6683751093215593, ""WQL"": 0.5242450448496377}",2026-09-07T02:27:09.710392+00:00,288,20,288,16384,1,21,0,0,True,False,False,0.017578
fev-bench,U,discovery,fevbench::boomlet_1062::boomlet_1062,boomlet_1062,cloud,5T,sub_hourly,seasonal-naive,baseline,baseline,,NOT_APPLICABLE,SQL,0.9864530624365779,1.0,6.0,79.12281742001176,timesfm-3.0,native_default,10624,13360,16096,False,none,20,20,0.9864530593156815,3.1637556301631804e-09,0.04220490003353916,,OK,,,21,"{""estimator"": ""seasonal_naive"", ""seasonality"": 288}","{""MASE"": 0.9949683404996525, ""WAPE"": 0.8355847054373309, ""WQL"": 0.7424716914739391}","{""model_name"": ""seasonal-naive"", ""dataset_path"": ""autogluon/fev_datasets"", ""dataset_config"": ""boomlet_1062"", ""horizon"": 288, ""num_windows"": 20, ""initial_cutoff"": -5760, ""window_step_size"": 288, ""min_context_length"": 1, ""seasonality"": 288, ""eval_metric"": ""SQL"", ""id_column"": ""id"", ""timestamp_column"": ""timestamp"", ""task_name"": ""boomlet_1062"", ""test_error"": 0.9864530624365779, ""inference_time_s"": 0.04220490003353916, ""num_forecasts"": 420, ""dataset_fingerprint"": ""eec81c201b8778e1"", ""trained_on_this_dataset"": false, ""fev_version"": ""0.10.0"", ""SQL"": 0.9864530624365779, ""MASE"": 0.9949683404996525, ""WAPE"": 0.8355847054373309, ""WQL"": 0.7424716914739391}",2026-09-07T02:23:59.015867+00:00,288,20,288,16384,1,21,0,0,True,False,False,0.017578
fev-bench,U,discovery,fevbench::boomlet_1062::boomlet_1062,boomlet_1062,cloud,5T,sub_hourly,timesfm-3.0,primary,transformer_patch_variate,43046b85ec22d584a13f8098c2ed39c889e129c2,CLEAN_BY_OFFICIAL_EXCLUSION,SQL,0.5507132349998256,0.558276167382503,1.0,0.0,timesfm-3.0,native_default,10624,13360,16096,False,none,20,20,0.5507132411003113,1.1077427024574698e-08,87.8242745999305,2845.6591796875,OK,,,21,"{""entry_point"": ""TimesFM3Evaluator.predict_batch"", ""per_core_batch_size"": 32, ""univariate_flag"": true}","{""MASE"": 0.6815844046276537, ""WAPE"": 0.5707269918404749, ""WQL"": 0.45578495095516847}","{""model_name"": ""timesfm-3.0"", ""dataset_path"": ""autogluon/fev_datasets"", ""dataset_config"": ""boomlet_1062"", ""horizon"": 288, ""num_windows"": 20, ""initial_cutoff"": -5760, ""window_step_size"": 288, ""min_context_length"": 1, ""seasonality"": 288, ""eval_metric"": ""SQL"", ""id_column"": ""id"", ""timestamp_column"": ""timestamp"", ""task_name"": ""boomlet_1062"", ""test_error"": 0.5507132349998256, ""inference_time_s"": 87.8242745999305, ""num_forecasts"": 420, ""dataset_fingerprint"": ""eec81c201b8778e1"", ""trained_on_this_dataset"": false, ""fev_version"": ""0.10.0"", ""SQL"": 0.5507132349998256, ""MASE"": 0.6815844046276537, ""WAPE"": 0.5707269918404749, ""WQL"": 0.45578495095516847}",2026-09-07T02:09:00.086243+00:00,288,20,288,16384,1,21,0,0,True,False,False,0.017578
fev-bench,U,discovery,fevbench::boomlet_1062::boomlet_1062,boomlet_1062,cloud,5T,sub_hourly,tirex-2,primary,recurrent_xlstm,05e5b26db52bfb256f1ae1bdf785589850482de3,OVERLAP_RISK_UNKNOWN,SQL,0.5560012183855674,0.563636770524309,2.0,0.9602063378308754,timesfm-3.0,native_default,10624,13360,16096,False,none,20,20,0.556001216173172,3.9791196581071654e-09,4.147703499998897,401.68017578125,OK,,,21,"{""entry_point"": ""tirex2.ForecastModel.forecast"", ""batch_size"": 256, ""native_pytorch_kernels"": true, ""point_forecast"": ""median quantile (model emits no separate mean)""}","{""MASE"": 0.6837830327552492, ""WAPE"": 0.5789125403147745, ""WQL"": 0.4652447337088839}","{""model_name"": ""tirex-2"", ""dataset_path"": ""autogluon/fev_datasets"", ""dataset_config"": ""boomlet_1062"", ""horizon"": 288, ""num_windows"": 20, ""initial_cutoff"": -5760, ""window_step_size"": 288, ""min_context_length"": 1, ""seasonality"": 288, ""eval_metric"": ""SQL"", ""id_column"": ""id"", ""timestamp_column"": ""timestamp"", ""task_name"": ""boomlet_1062"", ""test_error"": 0.5560012183855674, ""inference_time_s"": 4.147703499998897, ""num_forecasts"": 420, ""dataset_fingerprint"": ""eec81c201b8778e1"", ""trained_on_this_dataset"": false, ""fev_version"": ""0.10.0"", ""SQL"": 0.5560012183855674, ""MASE"": 0.6837830327552492, ""WAPE"": 0.5789125403147745, ""WQL"": 0.4652447337088839}",2026-09-07T02:04:21.783568+00:00,288,20,288,16384,1,21,0,0,True,False,False,0.017578
fev-bench,U,discovery,fevbench::ecdc_ili::ecdc_ili,ecdc_ili,healthcare,W,daily_or_coarser,chronos-2,primary,transformer_encoder,29ec3766d36d6f73f0696f85560a422f50e8498c,OVERLAP_RISK_UNKNOWN,SQL,2.466517888392235,0.653144487468705,3.0,15.009381212821948,timesfm-3.0,native_default,6,129,203,False,none,10,240,2.466517874817731,5.503509140221097e-09,0.4034743000229355,480.43310546875,OK,,,1,"{""entry_point"": ""Chronos2Pipeline.predict_quantiles"", ""batch_size"": 256, ""default_context_length"": 2048}","{""MASE"": 3.0069580860225105, ""WAPE"": 0.4172172844081432, ""WQL"": 0.347838937415081}","{""model_name"": ""chronos-2"", ""dataset_path"": ""autogluon/fev_datasets"", ""dataset_config"": ""ecdc_ili"", ""horizon"": 13, ""num_windows"": 10, ""initial_cutoff"": -130, ""window_step_size"": 13, ""min_context_length"": 1, ""seasonality"": 1, ""eval_metric"": ""SQL"", ""id_column"": ""id"", ""timestamp_column"": ""timestamp"", ""target"": ""target"", ""task_name"": ""ecdc_ili"", ""test_error"": 2.466517888392235, ""inference_time_s"": 0.4034743000229355, ""num_forecasts"": 240, ""dataset_fingerprint"": ""6c8b131f985e4218"", ""trained_on_this_dataset"": false, ""fev_version"": ""0.10.0"", ""SQL"": 2.466517888392235, ""MASE"": 3.0069580860225105, ""WAPE"": 0.4172172844081432, ""WQL"": 0.347838937415081}",2026-09-07T02:02:52.018820+00:00,13,10,1,201,25,1,0,0,False,False,False,0.064677
fev-bench,U,discovery,fevbench::ecdc_ili::ecdc_ili,ecdc_ili,healthcare,W,daily_or_coarser,chronos-2-synth,diagnostic,transformer_encoder,3607918a9fd027d5c465d8213e46b98e2c041cea,SYNTH_ONLY_DIAGNOSTIC,SQL,2.5595217341055827,0.677772303641025,4.0,19.345986593323417,timesfm-3.0,native_default,6,129,203,False,none,10,240,2.5595217284501497,2.2095663167960817e-09,0.42717589999665506,479.03076171875,OK,,,1,"{""entry_point"": ""Chronos2Pipeline.predict_quantiles"", ""batch_size"": 256, ""default_context_length"": 2048}","{""MASE"": 3.072645360062851, ""WAPE"": 0.44353434443659034, ""WQL"": 0.3678000681779837}","{""model_name"": ""chronos-2-synth"", ""dataset_path"": ""autogluon/fev_datasets"", ""dataset_config"": ""ecdc_ili"", ""horizon"": 13, ""num_windows"": 10, ""initial_cutoff"": -130, ""window_step_size"": 13, ""min_context_length"": 1, ""seasonality"": 1, ""eval_metric"": ""SQL"", ""id_column"": ""id"", ""timestamp_column"": ""timestamp"", ""target"": ""target"", ""task_name"": ""ecdc_ili"", ""test_error"": 2.5595217341055827, ""inference_time_s"": 0.42717589999665506, ""num_forecasts"": 240, ""dataset_fingerprint"": ""6c8b131f985e4218"", ""trained_on_this_dataset"": false, ""fev_version"": ""0.10.0"", ""SQL"": 2.5595217341055827, ""MASE"": 3.072645360062851, ""WAPE"": 0.44353434443659034, ""WQL"": 0.3678000681779837}",2026-09-07T02:22:41.868473+00:00,13,10,1,201,25,1,0,0,False,False,False,0.064677
fev-bench,U,discovery,fevbench::ecdc_ili::ecdc_ili,ecdc_ili,healthcare,W,daily_or_coarser,linear-ar-specialist,baseline,baseline,,NOT_APPLICABLE,SQL,3.0289360761303357,0.8020752293465696,5.0,41.23394988876966,timesfm-3.0,native_default,6,129,203,False,none,10,240,3.028936082673795,2.160316159704911e-09,0.03409440003451891,,OK,,,1,"{""estimator"": ""linear_ar_specialist"", ""seasonality"": 1, ""ridge_alpha"": 1.0, ""fitted_on"": ""visible history of each series only""}","{""MASE"": 3.5699855197780304, ""WAPE"": 0.6285647566146635, ""WQL"": 0.5208466615839382}","{""model_name"": ""linear-ar-specialist"", ""dataset_path"": ""autogluon/fev_datasets"", ""dataset_config"": ""ecdc_ili"", ""horizon"": 13, ""num_windows"": 10, ""initial_cutoff"": -130, ""window_step_size"": 13, ""min_context_length"": 1, ""seasonality"": 1, ""eval_metric"": ""SQL"", ""id_column"": ""id"", ""timestamp_column"": ""timestamp"", ""target"": ""target"", ""task_name"": ""ecdc_ili"", ""test_error"": 3.0289360761303357, ""inference_time_s"": 0.03409440003451891, ""num_forecasts"": 240, ""dataset_fingerprint"": ""6c8b131f985e4218"", ""trained_on_this_dataset"": true, ""fev_version"": ""0.10.0"", ""SQL"": 3.0289360761303357, ""MASE"": 3.5699855197780304, ""WAPE"": 0.6285647566146635, ""WQL"": 0.5208466615839382}",2026-09-07T02:31:18.366088+00:00,13,10,1,201,25,1,0,0,False,False,False,0.064677
fev-bench,U,discovery,fevbench::ecdc_ili::ecdc_ili,ecdc_ili,healthcare,W,daily_or_coarser,seasonal-naive,baseline,baseline,,NOT_APPLICABLE,SQL,3.7763740423674887,1.0,6.0,76.08566468737526,timesfm-3.0,native_default,6,129,203,False,none,10,240,3.7763740512945434,2.363922257408805e-09,0.01598670001840219,,OK,,,1,"{""estimator"": ""seasonal_naive"", ""seasonality"": 1}","{""MASE"": 4.168085051128342, ""WAPE"": 0.5534411820416224, ""WQL"": 0.5547015009624687}","{""model_name"": ""seasonal-naive"", ""dataset_path"": ""autogluon/fev_datasets"", ""dataset_config"": ""ecdc_ili"", ""horizon"": 13, ""num_windows"": 10, ""initial_cutoff"": -130, ""window_step_size"": 13, ""min_context_length"": 1, ""seasonality"": 1, ""eval_metric"": ""SQL"", ""id_column"": ""id"", ""timestamp_column"": ""timestamp"", ""target"": ""target"", ""task_name"": ""ecdc_ili"", ""test_error"": 3.7763740423674887, ""inference_time_s"": 0.01598670001840219, ""num_forecasts"": 240, ""dataset_fingerprint"": ""6c8b131f985e4218"", ""trained_on_this_dataset"": false, ""fev_version"": ""0.10.0"", ""SQL"": 3.7763740423674887, ""MASE"": 4.168085051128342, ""WAPE"": 0.5534411820416224, ""WQL"": 0.5547015009624687}",2026-09-07T02:24:43.833731+00:00,13,10,1,201,25,1,0,0,False,False,False,0.064677
fev-bench,U,discovery,fevbench::ecdc_ili::ecdc_ili,ecdc_ili,healthcare,W,daily_or_coarser,timesfm-3.0,primary,transformer_patch_variate,43046b85ec22d584a13f8098c2ed39c889e129c2,CLEAN_BY_OFFICIAL_EXCLUSION,SQL,2.144623214542826,0.5679054009168849,1.0,0.0,timesfm-3.0,native_default,6,129,203,False,none,10,240,2.144623218615455,1.898995065039704e-09,2.1878073000116274,1287.15625,OK,,,1,"{""entry_point"": ""TimesFM3Evaluator.predict_batch"", ""per_core_batch_size"": 32, ""univariate_flag"": true}","{""MASE"": 2.6151648080588146, ""WAPE"": 0.37696559849881794, ""WQL"": 0.32122872974411903}","{""model_name"": ""timesfm-3.0"", ""dataset_path"": ""autogluon/fev_datasets"", ""dataset_config"": ""ecdc_ili"", ""horizon"": 13, ""num_windows"": 10, ""initial_cutoff"": -130, ""window_step_size"": 13, ""min_context_length"": 1, ""seasonality"": 1, ""eval_metric"": ""SQL"", ""id_column"": ""id"", ""timestamp_column"": ""timestamp"", ""target"": ""target"", ""task_name"": ""ecdc_ili"", ""test_error"": 2.144623214542826, ""inference_time_s"": 2.1878073000116274, ""num_forecasts"": 240, ""dataset_fingerprint"": ""6c8b131f985e4218"", ""trained_on_this_dataset"": false, ""fev_version"": ""0.10.0"", ""SQL"": 2.144623214542826, ""MASE"": 2.6151648080588146, ""WAPE"": 0.37696559849881794, ""WQL"": 0.32122872974411903}",2026-09-07T02:17:13.553990+00:00,13,10,1,201,25,1,0,0,False,False,False,0.064677
fev-bench,U,discovery,fevbench::ecdc_ili::ecdc_ili,ecdc_ili,healthcare,W,daily_or_coarser,tirex-2,primary,recurrent_xlstm,05e5b26db52bfb256f1ae1bdf785589850482de3,OVERLAP_RISK_UNKNOWN,SQL,2.1979492045089684,0.5820263511638343,2.0,2.4864969102514394,timesfm-3.0,native_default,6,129,203,False,none,10,240,2.1979492039533723,2.5277927829303374e-10,2.274716099986108,408.95556640625,OK,,,1,"{""entry_point"": ""tirex2.ForecastModel.forecast"", ""batch_size"": 256, ""native_pytorch_kernels"": true, ""point_forecast"": ""median quantile (model emits no separate mean)""}","{""MASE"": 2.6860316292748543, ""WAPE"": 0.4233463052842593, ""WQL"": 0.3408124083607213}","{""model_name"": ""tirex-2"", ""dataset_path"": ""autogluon/fev_datasets"", ""dataset_config"": ""ecdc_ili"", ""horizon"": 13, ""num_windows"": 10, ""initial_cutoff"": -130, ""window_step_size"": 13, ""min_context_length"": 1, ""seasonality"": 1, ""eval_metric"": ""SQL"", ""id_column"": ""id"", ""timestamp_column"": ""timestamp"", ""target"": ""target"", ""task_name"": ""ecdc_ili"", ""test_error"": 2.1979492045089684, ""inference_time_s"": 2.274716099986108, ""num_forecasts"": 240, ""dataset_fingerprint"": ""6c8b131f985e4218"", ""trained_on_this_dataset"": false, ""fev_version"": ""0.10.0"", ""SQL"": 2.1979492045089684, ""MASE"": 2.6860316292748543, ""WAPE"": 0.4233463052842593, ""WQL"": 0.3408124083607213}",2026-09-07T02:05:20.947613+00:00,13,10,1,201,25,1,0,0,False,False,False,0.064677
fev-bench,U,discovery,fevbench::entsoe_1H::entsoe_1H,entsoe_1H,energy,H,hourly,chronos-2,primary,transformer_encoder,29ec3766d36d6f73f0696f85560a422f50e8498c,OVERLAP_RISK_UNKNOWN,SQL,0.43521240670261613,0.4052364379646903,2.0,22.789318045505517,timesfm-3.0,native_default,40462,42058,43654,False,none,20,120,0.4352124062677225,9.992675172339861e-10,1.7609069999016356,585.74072265625,OK,,,1,"{""entry_point"": ""Chronos2Pipeline.predict_quantiles"", ""batch_size"": 256, ""default_context_length"": 2048}","{""MASE"": 0.5408980310310867, ""WAPE"": 0.03255782738487108, ""WQL"": 0.02646839321525075}","{""model_name"": ""chronos-2"", ""dataset_path"": ""autogluon/fev_datasets"", ""dataset_config"": ""entsoe_1H"", ""horizon"": 168, ""num_windows"": 20, ""initial_cutoff"": -3360, ""window_step_size"": 168, ""min_context_length"": 1, ""seasonality"": 24, ""eval_metric"": ""SQL"", ""id_column"": ""id"", ""timestamp_column"": ""timestamp"", ""target"": ""target"", ""task_name"": ""entsoe_1H"", ""test_error"": 0.43521240670261613, ""inference_time_s"": 1.7609069999016356, ""num_forecasts"": 120, ""dataset_fingerprint"": ""c1b23331fc6093bc"", ""trained_on_this_dataset"": false, ""fev_version"": ""0.10.0"", ""SQL"": 0.43521240670261613, ""MASE"": 0.5408980310310867, ""WAPE"": 0.03255782738487108, ""WQL"": 0.02646839321525075}",2026-09-07T02:02:12.937501+00:00,168,20,24,43822,6,1,3,0,False,True,False,0.003834
fev-bench,U,discovery,fevbench::entsoe_1H::entsoe_1H,entsoe_1H,energy,H,hourly,chronos-2-synth,diagnostic,transformer_encoder,3607918a9fd027d5c465d8213e46b98e2c041cea,SYNTH_ONLY_DIAGNOSTIC,SQL,0.48149135640471963,0.44832784905776185,3.0,35.84630030581703,timesfm-3.0,native_default,40462,42058,43654,False,none,20,120,0.48149135683973626,9.034775558060578e-10,1.7673116000078153,585.30224609375,OK,,,1,"{""entry_point"": ""Chronos2Pipeline.predict_quantiles"", ""batch_size"": 256, ""default_context_length"": 2048}","{""MASE"": 0.5929094165567192, ""WAPE"": 0.0389850558870201, ""WQL"": 0.03226578698600078}","{""model_name"": ""chronos-2-synth"", ""dataset_path"": ""autogluon/fev_datasets"", ""dataset_config"": ""entsoe_1H"", ""horizon"": 168, ""num_windows"": 20, ""initial_cutoff"": -3360, ""window_step_size"": 168, ""min_context_length"": 1, ""seasonality"": 24, ""eval_metric"": ""SQL"", ""id_column"": ""id"", ""timestamp_column"": ""timestamp"", ""target"": ""target"", ""task_name"": ""entsoe_1H"", ""test_error"": 0.48149135640471963, ""inference_time_s"": 1.7673116000078153, ""num_forecasts"": 120, ""dataset_fingerprint"": ""c1b23331fc6093bc"", ""trained_on_this_dataset"": false, ""fev_version"": ""0.10.0"", ""SQL"": 0.48149135640471963, ""MASE"": 0.5929094165567192, ""WAPE"": 0.0389850558870201, ""WQL"": 0.03226578698600078}",2026-09-07T02:22:01.528168+00:00,168,20,24,43822,6,1,3,0,False,True,False,0.003834
fev-bench,U,discovery,fevbench::entsoe_1H::entsoe_1H,entsoe_1H,energy,H,hourly,linear-ar-specialist,baseline,baseline,,NOT_APPLICABLE,SQL,0.9794026680574028,0.9119447019990253,5.0,176.32526980071088,timesfm-3.0,native_default,40462,42058,43654,False,none,20,120,0.9794026672840118,7.896558209588927e-10,9.176108399988152,,OK,,,1,"{""estimator"": ""linear_ar_specialist"", ""seasonality"": 24, ""ridge_alpha"": 1.0, ""fitted_on"": ""visible history of each series only""}","{""MASE"": 1.2499313001674683, ""WAPE"": 0.0904737250981851, ""WQL"": 0.07035099757268977}","{""model_name"": ""linear-ar-specialist"", ""dataset_path"": ""autogluon/fev_datasets"", ""dataset_config"": ""entsoe_1H"", ""horizon"": 168, ""num_windows"": 20, ""initial_cutoff"": -3360, ""window_step_size"": 168, ""min_context_length"": 1, ""seasonality"": 24, ""eval_metric"": ""SQL"", ""id_column"": ""id"", ""timestamp_column"": ""timestamp"", ""target"": ""target"", ""task_name"": ""entsoe_1H"", ""test_error"": 0.9794026680574028, ""inference_time_s"": 9.176108399988152, ""num_forecasts"": 120, ""dataset_fingerprint"": ""c1b23331fc6093bc"", ""trained_on_this_dataset"": true, ""fev_version"": ""0.10.0"", ""SQL"": 0.9794026680574028, ""MASE"": 1.2499313001674683, ""WAPE"": 0.0904737250981851, ""WQL"": 0.07035099757268977}",2026-09-07T02:27:40.505540+00:00,168,20,24,43822,6,1,3,0,False,True,False,0.003834
fev-bench,U,discovery,fevbench::entsoe_1H::entsoe_1H,entsoe_1H,energy,H,hourly,seasonal-naive,baseline,baseline,,NOT_APPLICABLE,SQL,1.073971553220833,1.0,6.0,203.00660686442168,timesfm-3.0,native_default,40462,42058,43654,False,none,20,120,1.0739715531468392,6.889726253372449e-11,0.021487200050614774,,OK,,,1,"{""estimator"": ""seasonal_naive"", ""seasonality"": 24}","{""MASE"": 1.1014887288765456, ""WAPE"": 0.07924501159594827, ""WQL"": 0.08091814364366799}","{""model_name"": ""seasonal-naive"", ""dataset_path"": ""autogluon/fev_datasets"", ""dataset_config"": ""entsoe_1H"", ""horizon"": 168, ""num_windows"": 20, ""initial_cutoff"": -3360, ""window_step_size"": 168, ""min_context_length"": 1, ""seasonality"": 24, ""eval_metric"": ""SQL"", ""id_column"": ""id"", ""timestamp_column"": ""timestamp"", ""target"": ""target"", ""task_name"": ""entsoe_1H"", ""test_error"": 1.073971553220833, ""inference_time_s"": 0.021487200050614774, ""num_forecasts"": 120, ""dataset_fingerprint"": ""c1b23331fc6093bc"", ""trained_on_this_dataset"": false, ""fev_version"": ""0.10.0"", ""SQL"": 1.073971553220833, ""MASE"": 1.1014887288765456, ""WAPE"": 0.07924501159594827, ""WQL"": 0.08091814364366799}",2026-09-07T02:24:21.508917+00:00,168,20,24,43822,6,1,3,0,False,True,False,0.003834
fev-bench,U,discovery,fevbench::entsoe_1H::entsoe_1H,entsoe_1H,energy,H,hourly,timesfm-3.0,primary,transformer_patch_variate,43046b85ec22d584a13f8098c2ed39c889e129c2,CLEAN_BY_OFFICIAL_EXCLUSION,SQL,0.3544383286999991,0.33002580714269486,1.0,0.0,timesfm-3.0,native_default,40462,42058,43654,False,none,20,120,0.35443832955012716,2.398521858970883e-09,30.57711460001883,1851.29248046875,OK,,,1,"{""entry_point"": ""TimesFM3Evaluator.predict_batch"", ""per_core_batch_size"": 32, ""univariate_flag"": true}","{""MASE"": 0.44355498872947674, ""WAPE"": 0.02318406487259524, ""WQL"": 0.018372495835815884}","{""model_name"": ""timesfm-3.0"", ""dataset_path"": ""autogluon/fev_datasets"", ""dataset_config"": ""entsoe_1H"", ""horizon"": 168, ""num_windows"": 20, ""initial_cutoff"": -3360, ""window_step_size"": 168, ""min_context_length"": 1, ""seasonality"": 24, ""eval_metric"": ""SQL"", ""id_column"": ""id"", ""timestamp_column"": ""timestamp"", ""target"": ""target"", ""task_name"": ""entsoe_1H"", ""test_error"": 0.3544383286999991, ""inference_time_s"": 30.57711460001883, ""num_forecasts"": 120, ""dataset_fingerprint"": ""c1b23331fc6093bc"", ""trained_on_this_dataset"": false, ""fev_version"": ""0.10.0"", ""SQL"": 0.3544383286999991, ""MASE"": 0.44355498872947674, ""WAPE"": 0.02318406487259524, ""WQL"": 0.018372495835815884}",2026-09-07T02:09:56.535083+00:00,168,20,24,43822,6,1,3,0,False,True,False,0.003834
fev-bench,U,discovery,fevbench::entsoe_1H::entsoe_1H,entsoe_1H,energy,H,hourly,tirex-2,primary,recurrent_xlstm,05e5b26db52bfb256f1ae1bdf785589850482de3,OVERLAP_RISK_UNKNOWN,SQL,0.48443984501878007,0.45107325567976964,4.0,36.67817665081472,timesfm-3.0,native_default,40462,42058,43654,False,none,20,120,0.4844398421545823,5.9123909754738045e-09,4.568984299985459,350.75439453125,OK,,,1,"{""entry_point"": ""tirex2.ForecastModel.forecast"", ""batch_size"": 256, ""native_pytorch_kernels"": true, ""point_forecast"": ""median quantile (model emits no separate mean)""}","{""MASE"": 0.6031338889701019, ""WAPE"": 0.03691933917522112, ""WQL"": 0.029761694493511386}","{""model_name"": ""tirex-2"", ""dataset_path"": ""autogluon/fev_datasets"", ""dataset_config"": ""entsoe_1H"", ""horizon"": 168, ""num_windows"": 20, ""initial_cutoff"": -3360, ""window_step_size"": 168, ""min_context_length"": 1, ""seasonality"": 24, ""eval_metric"": ""SQL"", ""id_column"": ""id"", ""timestamp_column"": ""timestamp"", ""target"": ""target"", ""task_name"": ""entsoe_1H"", ""test_error"": 0.48443984501878007, ""inference_time_s"": 4.568984299985459, ""num_forecasts"": 120, ""dataset_fingerprint"": ""c1b23331fc6093bc"", ""trained_on_this_dataset"": false, ""fev_version"": ""0.10.0"", ""SQL"": 0.48443984501878007, ""MASE"": 0.6031338889701019, ""WAPE"": 0.03691933917522112, ""WQL"": 0.029761694493511386}",2026-09-07T02:04:51.912824+00:00,168,20,24,43822,6,1,3,0,False,True,False,0.003834
fev-bench,U,discovery,fevbench::hermes::hermes,hermes,retail,W,daily_or_coarser,chronos-2,primary,transformer_encoder,29ec3766d36d6f73f0696f85560a422f50e8498c,OVERLAP_RISK_UNKNOWN,SQL,0.6215553569758844,0.2896144231571696,3.0,2.088471029695107,timesfm-3.0,native_default,209,209,209,False,none,1,10000,0.6215553571105004,2.1657923709433202e-10,5.311016699997708,716.99755859375,OK,,,1,"{""entry_point"": ""Chronos2Pipeline.predict_quantiles"", ""batch_size"": 256, ""default_context_length"": 2048}","{""MASE"": 0.7921874863799081, ""WAPE"": 0.0029287994663710275, ""WQL"": 0.002293691060255268}","{""model_name"": ""chronos-2"", ""dataset_path"": ""autogluon/fev_datasets"", ""dataset_config"": ""hermes"", ""horizon"": 52, ""num_windows"": 1, ""initial_cutoff"": -52, ""window_step_size"": 52, ""min_context_length"": 1, ""seasonality"": 1, ""eval_metric"": ""SQL"", ""id_column"": ""id"", ""timestamp_column"": ""timestamp"", ""target"": ""target"", ""task_name"": ""hermes"", ""test_error"": 0.6215553569758844, ""inference_time_s"": 5.311016699997708, ""num_forecasts"": 10000, ""dataset_fingerprint"": ""003815c209114c79"", ""trained_on_this_dataset"": false, ""fev_version"": ""0.10.0"", ""SQL"": 0.6215553569758844, ""MASE"": 0.7921874863799081, ""WAPE"": 0.0029287994663710275, ""WQL"": 0.002293691060255268}",2026-09-07T02:03:44.762472+00:00,52,1,1,261,10000,1,1,0,False,True,False,0.199234
fev-bench,U,discovery,fevbench::hermes::hermes,hermes,retail,W,daily_or_coarser,chronos-2-synth,diagnostic,transformer_encoder,3607918a9fd027d5c465d8213e46b98e2c041cea,SYNTH_ONLY_DIAGNOSTIC,SQL,0.6199970562014682,0.288888331144893,2.0,1.8325251325532166,timesfm-3.0,native_default,209,209,209,False,none,1,10000,0.6199970560699701,2.1209461136642017e-10,5.416952700004913,716.55908203125,OK,,,1,"{""entry_point"": ""Chronos2Pipeline.predict_quantiles"", ""batch_size"": 256, ""default_context_length"": 2048}","{""MASE"": 0.7889136221825163, ""WAPE"": 0.002911123527218251, ""WQL"": 0.0022840155731590705}","{""model_name"": ""chronos-2-synth"", ""dataset_path"": ""autogluon/fev_datasets"", ""dataset_config"": ""hermes"", ""horizon"": 52, ""num_windows"": 1, ""initial_cutoff"": -52, ""window_step_size"": 52, ""min_context_length"": 1, ""seasonality"": 1, ""eval_metric"": ""SQL"", ""id_column"": ""id"", ""timestamp_column"": ""timestamp"", ""target"": ""target"", ""task_name"": ""hermes"", ""test_error"": 0.6199970562014682, ""inference_time_s"": 5.416952700004913, ""num_forecasts"": 10000, ""dataset_fingerprint"": ""003815c209114c79"", ""trained_on_this_dataset"": false, ""fev_version"": ""0.10.0"", ""SQL"": 0.6199970562014682, ""MASE"": 0.7889136221825163, ""WAPE"": 0.002911123527218251, ""WQL"": 0.0022840155731590705}",2026-09-07T02:23:30.735026+00:00,52,1,1,261,10000,1,1,0,False,True,False,0.199234
fev-bench,U,discovery,fevbench::hermes::hermes,hermes,retail,W,daily_or_coarser,linear-ar-specialist,baseline,baseline,,NOT_APPLICABLE,SQL,0.9746030125485566,0.4541173784742093,5.0,60.075414515134206,timesfm-3.0,native_default,209,209,209,False,none,1,10000,0.974603012508154,4.1455526691831815e-11,2.1189392999804113,,OK,,,1,"{""estimator"": ""linear_ar_specialist"", ""seasonality"": 1, ""ridge_alpha"": 1.0, ""fitted_on"": ""visible history of each series only""}","{""MASE"": 1.2408790564488592, ""WAPE"": 0.005076885467434737, ""WQL"": 0.003963173329893229}","{""model_name"": ""linear-ar-specialist"", ""dataset_path"": ""autogluon/fev_datasets"", ""dataset_config"": ""hermes"", ""horizon"": 52, ""num_windows"": 1, ""initial_cutoff"": -52, ""window_step_size"": 52, ""min_context_length"": 1, ""seasonality"": 1, ""eval_metric"": ""SQL"", ""id_column"": ""id"", ""timestamp_column"": ""timestamp"", ""target"": ""target"", ""task_name"": ""hermes"", ""test_error"": 0.9746030125485566, ""inference_time_s"": 2.1189392999804113, ""num_forecasts"": 10000, ""dataset_fingerprint"": ""003815c209114c79"", ""trained_on_this_dataset"": true, ""fev_version"": ""0.10.0"", ""SQL"": 0.9746030125485566, ""MASE"": 1.2408790564488592, ""WAPE"": 0.005076885467434737, ""WQL"": 0.003963173329893229}",2026-09-07T02:32:03.588838+00:00,52,1,1,261,10000,1,1,0,False,True,False,0.199234
fev-bench,U,discovery,fevbench::hermes::hermes,hermes,retail,W,daily_or_coarser,seasonal-naive,baseline,baseline,,NOT_APPLICABLE,SQL,2.1461477995471765,1.0,6.0,252.49788293276112,timesfm-3.0,native_default,209,209,209,False,none,1,10000,2.1461477987885473,3.5348411682174953e-10,0.6563541000068653,,OK,,,1,"{""estimator"": ""seasonal_naive"", ""seasonality"": 1}","{""MASE"": 1.994519344218574, ""WAPE"": 0.00870687132138103, ""WQL"": 0.008708311121876585}","{""model_name"": ""seasonal-naive"", ""dataset_path"": ""autogluon/fev_datasets"", ""dataset_config"": ""hermes"", ""horizon"": 52, ""num_windows"": 1, ""initial_cutoff"": -52, ""window_step_size"": 52, ""min_context_length"": 1, ""seasonality"": 1, ""eval_metric"": ""SQL"", ""id_column"": ""id"", ""timestamp_column"": ""timestamp"", ""target"": ""target"", ""task_name"": ""hermes"", ""test_error"": 2.1461477995471765, ""inference_time_s"": 0.6563541000068653, ""num_forecasts"": 10000, ""dataset_fingerprint"": ""003815c209114c79"", ""trained_on_this_dataset"": false, ""fev_version"": ""0.10.0"", ""SQL"": 2.1461477995471765, ""MASE"": 1.994519344218574, ""WAPE"": 0.00870687132138103, ""WQL"": 0.008708311121876585}",2026-09-07T02:25:17.363342+00:00,52,1,1,261,10000,1,1,0,False,True,False,0.199234
fev-bench,U,discovery,fevbench::hermes::hermes,hermes,retail,W,daily_or_coarser,timesfm-3.0,primary,transformer_patch_variate,43046b85ec22d584a13f8098c2ed39c889e129c2,CLEAN_BY_OFFICIAL_EXCLUSION,SQL,0.6088399118007054,0.2836896470639938,1.0,0.0,timesfm-3.0,native_default,209,209,209,False,none,1,10000,0.6088399115830659,3.574658260563651e-10,41.34018690002267,1287.2265625,OK,,,1,"{""entry_point"": ""TimesFM3Evaluator.predict_batch"", ""per_core_batch_size"": 32, ""univariate_flag"": true}","{""MASE"": 0.7738296164635636, ""WAPE"": 0.0028574870704046415, ""WQL"": 0.0022477869459825825}","{""model_name"": ""timesfm-3.0"", ""dataset_path"": ""autogluon/fev_datasets"", ""dataset_config"": ""hermes"", ""horizon"": 52, ""num_windows"": 1, ""initial_cutoff"": -52, ""window_step_size"": 52, ""min_context_length"": 1, ""seasonality"": 1, ""eval_metric"": ""SQL"", ""id_column"": ""id"", ""timestamp_column"": ""timestamp"", ""target"": ""target"", ""task_name"": ""hermes"", ""test_error"": 0.6088399118007054, ""inference_time_s"": 41.34018690002267, ""num_forecasts"": 10000, ""dataset_fingerprint"": ""003815c209114c79"", ""trained_on_this_dataset"": false, ""fev_version"": ""0.10.0"", ""SQL"": 0.6088399118007054, ""MASE"": 0.7738296164635636, ""WAPE"": 0.0028574870704046415, ""WQL"": 0.0022477869459825825}",2026-09-07T02:20:47.821249+00:00,52,1,1,261,10000,1,1,0,False,True,False,0.199234
fev-bench,U,discovery,fevbench::hermes::hermes,hermes,retail,W,daily_or_coarser,tirex-2,primary,recurrent_xlstm,05e5b26db52bfb256f1ae1bdf785589850482de3,OVERLAP_RISK_UNKNOWN,SQL,0.6488565655031809,0.3023354522181956,4.0,6.57260684243289,timesfm-3.0,native_default,209,209,209,False,none,1,10000,0.648856565348804,2.3792154363672084e-10,38.78186459999415,1193.01904296875,OK,,,1,"{""entry_point"": ""tirex2.ForecastModel.forecast"", ""batch_size"": 256, ""native_pytorch_kernels"": true, ""point_forecast"": ""median quantile (model emits no separate mean)""}","{""MASE"": 0.8273720267417205, ""WAPE"": 0.0031052377367437904, ""WQL"": 0.0024384116669401625}","{""model_name"": ""tirex-2"", ""dataset_path"": ""autogluon/fev_datasets"", ""dataset_config"": ""hermes"", ""horizon"": 52, ""num_windows"": 1, ""initial_cutoff"": -52, ""window_step_size"": 52, ""min_context_length"": 1, ""seasonality"": 1, ""eval_metric"": ""SQL"", ""id_column"": ""id"", ""timestamp_column"": ""timestamp"", ""target"": ""target"", ""task_name"": ""hermes"", ""test_error"": 0.6488565655031809, ""inference_time_s"": 38.78186459999415, ""num_forecasts"": 10000, ""dataset_fingerprint"": ""003815c209114c79"", ""trained_on_this_dataset"": false, ""fev_version"": ""0.10.0"", ""SQL"": 0.6488565655031809, ""MASE"": 0.8273720267417205, ""WAPE"": 0.0031052377367437904, ""WQL"": 0.0024384116669401625}",2026-09-07T02:06:52.787483+00:00,52,1,1,261,10000,1,1,0,False,True,False,0.199234
fev-bench,U,discovery,fevbench::kdd_cup_2022_10T::kdd_cup_2022_10T,kdd_cup_2022_10T,energy,10T,sub_hourly,chronos-2,primary,transformer_encoder,29ec3766d36d6f73f0696f85560a422f50e8498c,OVERLAP_RISK_UNKNOWN,SQL,0.47630925526413803,0.5954102357478731,3.0,8.887129018672963,timesfm-3.0,native_default,32399,33695,34991,False,none,10,1340,0.47620731200466854,0.00021402745872104015,19.103793999966,3256.29833984375,OK,,,1,"{""entry_point"": ""Chronos2Pipeline.predict_quantiles"", ""batch_size"": 256, ""default_context_length"": 2048}","{""MASE"": 0.6056198740804928, ""WAPE"": 1.6053699778516664, ""WQL"": 1.34902692370813}","{""model_name"": ""chronos-2"", ""dataset_path"": ""autogluon/fev_datasets"", ""dataset_config"": ""kdd_cup_2022_10T"", ""horizon"": 288, ""num_windows"": 10, ""initial_cutoff"": -2880, ""window_step_size"": 288, ""min_context_length"": 1, ""seasonality"": 144, ""eval_metric"": ""SQL"", ""id_column"": ""id"", ""timestamp_column"": ""timestamp"", ""target"": ""Patv"", ""task_name"": ""kdd_cup_2022_10T"", ""test_error"": 0.47630925526413803, ""inference_time_s"": 19.103793999966, ""num_forecasts"": 1340, ""dataset_fingerprint"": ""16cef2ee148416f8"", ""trained_on_this_dataset"": false, ""fev_version"": ""0.10.0"", ""SQL"": 0.47630925526413803, ""MASE"": 0.6056198740804928, ""WAPE"": 1.6053699778516664, ""WQL"": 1.34902692370813}",2026-09-07T02:02:44.873161+00:00,288,10,144,35279,134,1,0,9,False,False,True,0.008163
fev-bench,U,discovery,fevbench::kdd_cup_2022_10T::kdd_cup_2022_10T,kdd_cup_2022_10T,energy,10T,sub_hourly,chronos-2-synth,diagnostic,transformer_encoder,3607918a9fd027d5c465d8213e46b98e2c041cea,SYNTH_ONLY_DIAGNOSTIC,SQL,0.4846705143476048,0.6058622250531727,4.0,10.79856258104435,timesfm-3.0,native_default,32399,33695,34991,False,none,10,1340,0.4847141493000646,9.003013628461195e-05,19.61329609999666,3255.85986328125,OK,,,1,"{""entry_point"": ""Chronos2Pipeline.predict_quantiles"", ""batch_size"": 256, ""default_context_length"": 2048}","{""MASE"": 0.6315320071425775, ""WAPE"": 1.6652877726732034, ""WQL"": 1.471122392272547}","{""model_name"": ""chronos-2-synth"", ""dataset_path"": ""autogluon/fev_datasets"", ""dataset_config"": ""kdd_cup_2022_10T"", ""horizon"": 288, ""num_windows"": 10, ""initial_cutoff"": -2880, ""window_step_size"": 288, ""min_context_length"": 1, ""seasonality"": 144, ""eval_metric"": ""SQL"", ""id_column"": ""id"", ""timestamp_column"": ""timestamp"", ""target"": ""Patv"", ""task_name"": ""kdd_cup_2022_10T"", ""test_error"": 0.4846705143476048, ""inference_time_s"": 19.61329609999666, ""num_forecasts"": 1340, ""dataset_fingerprint"": ""16cef2ee148416f8"", ""trained_on_this_dataset"": false, ""fev_version"": ""0.10.0"", ""SQL"": 0.4846705143476048, ""MASE"": 0.6315320071425775, ""WAPE"": 1.6652877726732034, ""WQL"": 1.471122392272547}",2026-09-07T02:22:34.604127+00:00,288,10,144,35279,134,1,0,9,False,False,True,0.008163
fev-bench,U,discovery,fevbench::kdd_cup_2022_10T::kdd_cup_2022_10T,kdd_cup_2022_10T,energy,10T,sub_hourly,linear-ar-specialist,baseline,baseline,,NOT_APPLICABLE,SQL,0.563590845971805,0.7045165609459467,5.0,28.840219837935685,timesfm-3.0,native_default,32399,33695,34991,False,none,10,1340,0.5635730924223785,3.15007767662468e-05,198.46019510002225,,OK,,,1,"{""estimator"": ""linear_ar_specialist"", ""seasonality"": 144, ""ridge_alpha"": 1.0, ""fitted_on"": ""visible history of each series only""}","{""MASE"": 0.7736033589715009, ""WAPE"": 3.437242550258521, ""WQL"": 2.3679554523151114}","{""model_name"": ""linear-ar-specialist"", ""dataset_path"": ""autogluon/fev_datasets"", ""dataset_config"": ""kdd_cup_2022_10T"", ""horizon"": 288, ""num_windows"": 10, ""initial_cutoff"": -2880, ""window_step_size"": 288, ""min_context_length"": 1, ""seasonality"": 144, ""eval_metric"": ""SQL"", ""id_column"": ""id"", ""timestamp_column"": ""timestamp"", ""target"": ""Patv"", ""task_name"": ""kdd_cup_2022_10T"", ""test_error"": 0.563590845971805, ""inference_time_s"": 198.46019510002225, ""num_forecasts"": 1340, ""dataset_fingerprint"": ""16cef2ee148416f8"", ""trained_on_this_dataset"": true, ""fev_version"": ""0.10.0"", ""SQL"": 0.563590845971805, ""MASE"": 0.7736033589715009, ""WAPE"": 3.437242550258521, ""WQL"": 2.3679554523151114}",2026-09-07T02:31:11.629564+00:00,288,10,144,35279,134,1,0,9,False,False,True,0.008163
fev-bench,U,discovery,fevbench::kdd_cup_2022_10T::kdd_cup_2022_10T,kdd_cup_2022_10T,energy,10T,sub_hourly,seasonal-naive,baseline,baseline,,NOT_APPLICABLE,SQL,0.7999682011946996,1.0,6.0,82.87748930265502,timesfm-3.0,native_default,32399,33695,34991,False,none,10,1340,0.7998804317703888,0.00010971614144123564,0.24243409995688125,,OK,,,1,"{""estimator"": ""seasonal_naive"", ""seasonality"": 144}","{""MASE"": 0.8187679045335944, ""WAPE"": 3.3061580923182325, ""WQL"": 3.5615322126180144}","{""model_name"": ""seasonal-naive"", ""dataset_path"": ""autogluon/fev_datasets"", ""dataset_config"": ""kdd_cup_2022_10T"", ""horizon"": 288, ""num_windows"": 10, ""initial_cutoff"": -2880, ""window_step_size"": 288, ""min_context_length"": 1, ""seasonality"": 144, ""eval_metric"": ""SQL"", ""id_column"": ""id"", ""timestamp_column"": ""timestamp"", ""target"": ""Patv"", ""task_name"": ""kdd_cup_2022_10T"", ""test_error"": 0.7999682011946996, ""inference_time_s"": 0.24243409995688125, ""num_forecasts"": 1340, ""dataset_fingerprint"": ""16cef2ee148416f8"", ""trained_on_this_dataset"": false, ""fev_version"": ""0.10.0"", ""SQL"": 0.7999682011946996, ""MASE"": 0.8187679045335944, ""WAPE"": 3.3061580923182325, ""WQL"": 3.5615322126180144}",2026-09-07T02:24:36.827422+00:00,288,10,144,35279,134,1,0,9,False,False,True,0.008163
fev-bench,U,discovery,fevbench::kdd_cup_2022_10T::kdd_cup_2022_10T,kdd_cup_2022_10T,energy,10T,sub_hourly,timesfm-3.0,primary,transformer_patch_variate,43046b85ec22d584a13f8098c2ed39c889e129c2,CLEAN_BY_OFFICIAL_EXCLUSION,SQL,0.43743393691871163,0.5468141561944999,1.0,0.0,timesfm-3.0,native_default,32399,33695,34991,False,none,10,1340,0.43737805095403937,0.00012775863954663752,415.2283192000177,2846.0107421875,OK,,,1,"{""entry_point"": ""TimesFM3Evaluator.predict_batch"", ""per_core_batch_size"": 32, ""univariate_flag"": true}","{""MASE"": 0.5523705091088964, ""WAPE"": 1.7232329485558562, ""WQL"": 1.4516848747666917}","{""model_name"": ""timesfm-3.0"", ""dataset_path"": ""autogluon/fev_datasets"", ""dataset_config"": ""kdd_cup_2022_10T"", ""horizon"": 288, ""num_windows"": 10, ""initial_cutoff"": -2880, ""window_step_size"": 288, ""min_context_length"": 1, ""seasonality"": 144, ""eval_metric"": ""SQL"", ""id_column"": ""id"", ""timestamp_column"": ""timestamp"", ""target"": ""Patv"", ""task_name"": ""kdd_cup_2022_10T"", ""test_error"": 0.43743393691871163, ""inference_time_s"": 415.2283192000177, ""num_forecasts"": 1340, ""dataset_fingerprint"": ""16cef2ee148416f8"", ""trained_on_this_dataset"": false, ""fev_version"": ""0.10.0"", ""SQL"": 0.43743393691871163, ""MASE"": 0.5523705091088964, ""WAPE"": 1.7232329485558562, ""WQL"": 1.4516848747666917}",2026-09-07T02:17:04.896891+00:00,288,10,144,35279,134,1,0,9,False,False,True,0.008163
fev-bench,U,discovery,fevbench::kdd_cup_2022_10T::kdd_cup_2022_10T,kdd_cup_2022_10T,energy,10T,sub_hourly,tirex-2,primary,recurrent_xlstm,05e5b26db52bfb256f1ae1bdf785589850482de3,OVERLAP_RISK_UNKNOWN,SQL,0.44843293767835224,0.560563453658092,2.0,2.514436999817084,timesfm-3.0,native_default,32399,33695,34991,False,none,10,1340,0.44832506153398927,0.000240562490617826,7.501924199983478,832.57763671875,OK,,,1,"{""entry_point"": ""tirex2.ForecastModel.forecast"", ""batch_size"": 256, ""native_pytorch_kernels"": true, ""point_forecast"": ""median quantile (model emits no separate mean)""}","{""MASE"": 0.5447256374053282, ""WAPE"": 1.5162304325563878, ""WQL"": 1.2644006030073667}","{""model_name"": ""tirex-2"", ""dataset_path"": ""autogluon/fev_datasets"", ""dataset_config"": ""kdd_cup_2022_10T"", ""horizon"": 288, ""num_windows"": 10, ""initial_cutoff"": -2880, ""window_step_size"": 288, ""min_context_length"": 1, ""seasonality"": 144, ""eval_metric"": ""SQL"", ""id_column"": ""id"", ""timestamp_column"": ""timestamp"", ""target"": ""Patv"", ""task_name"": ""kdd_cup_2022_10T"", ""test_error"": 0.44843293767835224, ""inference_time_s"": 7.501924199983478, ""num_forecasts"": 1340, ""dataset_fingerprint"": ""16cef2ee148416f8"", ""trained_on_this_dataset"": false, ""fev_version"": ""0.10.0"", ""SQL"": 0.44843293767835224, ""MASE"": 0.5447256374053282, ""WAPE"": 1.5162304325563878, ""WQL"": 1.2644006030073667}",2026-09-07T02:05:12.269382+00:00,288,10,144,35279,134,1,0,9,False,False,True,0.008163
fev-bench,U,discovery,fevbench::uci_air_quality_1H::uci_air_quality_1H,uci_air_quality_1H,nature,H,hourly,chronos-2,primary,transformer_encoder,29ec3766d36d6f73f0696f85560a422f50e8498c,OVERLAP_RISK_UNKNOWN,SQL,0.9157026526805868,0.6954585973597533,3.0,8.042402603245764,timesfm-3.0,native_default,5997,7593,9189,False,none,20,20,0.9170887187123299,0.0015136638817039182,1.2058196000289172,545.45068359375,OK,,,4,"{""entry_point"": ""Chronos2Pipeline.predict_quantiles"", ""batch_size"": 256, ""default_context_length"": 2048}","{""MASE"": 1.1732177973493385, ""WAPE"": 0.3971700857536997, ""WQL"": 0.309567057306135}","{""model_name"": ""chronos-2"", ""dataset_path"": ""autogluon/fev_datasets"", ""dataset_config"": ""uci_air_quality_1H"", ""horizon"": 168, ""num_windows"": 20, ""initial_cutoff"": -3360, ""window_step_size"": 168, ""min_context_length"": 1, ""seasonality"": 24, ""eval_metric"": ""SQL"", ""id_column"": ""id"", ""timestamp_column"": ""timestamp"", ""task_name"": ""uci_air_quality_1H"", ""test_error"": 0.9157026526805868, ""inference_time_s"": 1.2058196000289172, ""num_forecasts"": 80, ""dataset_fingerprint"": ""770ea30aa1f2a0fd"", ""trained_on_this_dataset"": false, ""fev_version"": ""0.10.0"", ""SQL"": 0.9157026526805868, ""MASE"": 1.1732177973493385, ""WAPE"": 0.3971700857536997, ""WQL"": 0.309567057306135}",2026-09-07T02:03:53.827723+00:00,168,20,24,9357,1,4,3,0,True,True,False,0.017954
fev-bench,U,discovery,fevbench::uci_air_quality_1H::uci_air_quality_1H,uci_air_quality_1H,nature,H,hourly,chronos-2-synth,diagnostic,transformer_encoder,3607918a9fd027d5c465d8213e46b98e2c041cea,SYNTH_ONLY_DIAGNOSTIC,SQL,0.9775078915095292,0.7423984905441122,4.0,15.334711386013495,timesfm-3.0,native_default,5997,7593,9189,False,none,20,20,0.9758086800575256,0.0017383097024204583,1.1126687000505626,545.01220703125,OK,,,4,"{""entry_point"": ""Chronos2Pipeline.predict_quantiles"", ""batch_size"": 256, ""default_context_length"": 2048}","{""MASE"": 1.2149346647457584, ""WAPE"": 0.38491710136190277, ""WQL"": 0.31428242474812695}","{""model_name"": ""chronos-2-synth"", ""dataset_path"": ""autogluon/fev_datasets"", ""dataset_config"": ""uci_air_quality_1H"", ""horizon"": 168, ""num_windows"": 20, ""initial_cutoff"": -3360, ""window_step_size"": 168, ""min_context_length"": 1, ""seasonality"": 24, ""eval_metric"": ""SQL"", ""id_column"": ""id"", ""timestamp_column"": ""timestamp"", ""task_name"": ""uci_air_quality_1H"", ""test_error"": 0.9775078915095292, ""inference_time_s"": 1.1126687000505626, ""num_forecasts"": 80, ""dataset_fingerprint"": ""770ea30aa1f2a0fd"", ""trained_on_this_dataset"": false, ""fev_version"": ""0.10.0"", ""SQL"": 0.9775078915095292, ""MASE"": 1.2149346647457584, ""WAPE"": 0.38491710136190277, ""WQL"": 0.31428242474812695}",2026-09-07T02:23:39.457695+00:00,168,20,24,9357,1,4,3,0,True,True,False,0.017954
fev-bench,U,discovery,fevbench::uci_air_quality_1H::uci_air_quality_1H,uci_air_quality_1H,nature,H,hourly,linear-ar-specialist,baseline,baseline,,NOT_APPLICABLE,SQL,1.2048644436531455,0.9150714301621031,5.0,42.16017494591304,timesfm-3.0,native_default,5997,7593,9189,False,none,20,20,1.20936062335968,0.0037316892619904973,1.3065667999035213,,OK,,,4,"{""estimator"": ""linear_ar_specialist"", ""seasonality"": 24, ""ridge_alpha"": 1.0, ""fitted_on"": ""visible history of each series only""}","{""MASE"": 1.5247264072267277, ""WAPE"": 0.5061904642237237, ""WQL"": 0.39197332872554913}","{""model_name"": ""linear-ar-specialist"", ""dataset_path"": ""autogluon/fev_datasets"", ""dataset_config"": ""uci_air_quality_1H"", ""horizon"": 168, ""num_windows"": 20, ""initial_cutoff"": -3360, ""window_step_size"": 168, ""min_context_length"": 1, ""seasonality"": 24, ""eval_metric"": ""SQL"", ""id_column"": ""id"", ""timestamp_column"": ""timestamp"", ""task_name"": ""uci_air_quality_1H"", ""test_error"": 1.2048644436531455, ""inference_time_s"": 1.3065667999035213, ""num_forecasts"": 80, ""dataset_fingerprint"": ""770ea30aa1f2a0fd"", ""trained_on_this_dataset"": true, ""fev_version"": ""0.10.0"", ""SQL"": 1.2048644436531455, ""MASE"": 1.5247264072267277, ""WAPE"": 0.5061904642237237, ""WQL"": 0.39197332872554913}",2026-09-07T02:32:12.701252+00:00,168,20,24,9357,1,4,3,0,True,True,False,0.017954
fev-bench,U,discovery,fevbench::uci_air_quality_1H::uci_air_quality_1H,uci_air_quality_1H,nature,H,hourly,seasonal-naive,baseline,baseline,,NOT_APPLICABLE,SQL,1.3166889533855364,1.0,6.0,55.35418357529711,timesfm-3.0,native_default,5997,7593,9189,False,none,20,20,1.3140500098466874,0.0020042269907889687,0.011115200002677739,,OK,,,4,"{""estimator"": ""seasonal_naive"", ""seasonality"": 24}","{""MASE"": 1.4552842725891904, ""WAPE"": 0.46035849692003694, ""WQL"": 0.4381894823326452}","{""model_name"": ""seasonal-naive"", ""dataset_path"": ""autogluon/fev_datasets"", ""dataset_config"": ""uci_air_quality_1H"", ""horizon"": 168, ""num_windows"": 20, ""initial_cutoff"": -3360, ""window_step_size"": 168, ""min_context_length"": 1, ""seasonality"": 24, ""eval_metric"": ""SQL"", ""id_column"": ""id"", ""timestamp_column"": ""timestamp"", ""task_name"": ""uci_air_quality_1H"", ""test_error"": 1.3166889533855364, ""inference_time_s"": 0.011115200002677739, ""num_forecasts"": 80, ""dataset_fingerprint"": ""770ea30aa1f2a0fd"", ""trained_on_this_dataset"": false, ""fev_version"": ""0.10.0"", ""SQL"": 1.3166889533855364, ""MASE"": 1.4552842725891904, ""WAPE"": 0.46035849692003694, ""WQL"": 0.4381894823326452}",2026-09-07T02:25:25.575935+00:00,168,20,24,9357,1,4,3,0,True,True,False,0.017954
fev-bench,U,discovery,fevbench::uci_air_quality_1H::uci_air_quality_1H,uci_air_quality_1H,nature,H,hourly,timesfm-3.0,primary,transformer_patch_variate,43046b85ec22d584a13f8098c2ed39c889e129c2,CLEAN_BY_OFFICIAL_EXCLUSION,SQL,0.8475400681741945,0.6436904220962416,1.0,0.0,timesfm-3.0,native_default,5997,7593,9189,False,none,20,20,0.8496864691376687,0.0025325067735122507,13.523180899996078,1441.15185546875,OK,,,4,"{""entry_point"": ""TimesFM3Evaluator.predict_batch"", ""per_core_batch_size"": 32, ""univariate_flag"": true}","{""MASE"": 1.0910409792653593, ""WAPE"": 0.3557380426413564, ""WQL"": 0.27572809479887106}","{""model_name"": ""timesfm-3.0"", ""dataset_path"": ""autogluon/fev_datasets"", ""dataset_config"": ""uci_air_quality_1H"", ""horizon"": 168, ""num_windows"": 20, ""initial_cutoff"": -3360, ""window_step_size"": 168, ""min_context_length"": 1, ""seasonality"": 24, ""eval_metric"": ""SQL"", ""id_column"": ""id"", ""timestamp_column"": ""timestamp"", ""task_name"": ""uci_air_quality_1H"", ""test_error"": 0.8475400681741945, ""inference_time_s"": 13.523180899996078, ""num_forecasts"": 80, ""dataset_fingerprint"": ""770ea30aa1f2a0fd"", ""trained_on_this_dataset"": false, ""fev_version"": ""0.10.0"", ""SQL"": 0.8475400681741945, ""MASE"": 1.0910409792653593, ""WAPE"": 0.3557380426413564, ""WQL"": 0.27572809479887106}",2026-09-07T02:21:09.249665+00:00,168,20,24,9357,1,4,3,0,True,True,False,0.017954
fev-bench,U,discovery,fevbench::uci_air_quality_1H::uci_air_quality_1H,uci_air_quality_1H,nature,H,hourly,tirex-2,primary,recurrent_xlstm,05e5b26db52bfb256f1ae1bdf785589850482de3,OVERLAP_RISK_UNKNOWN,SQL,0.8543413436148345,0.6488558603139408,2.0,0.8024724371192982,timesfm-3.0,native_default,5997,7593,9189,False,none,20,20,0.8548481345176697,0.0005931948706718662,3.8474663000088185,338.42626953125,OK,,,4,"{""entry_point"": ""tirex2.ForecastModel.forecast"", ""batch_size"": 256, ""native_pytorch_kernels"": true, ""point_forecast"": ""median quantile (model emits no separate mean)""}","{""MASE"": 1.0954138942844913, ""WAPE"": 0.3620035430865906, ""WQL"": 0.28268312335571744}","{""model_name"": ""tirex-2"", ""dataset_path"": ""autogluon/fev_datasets"", ""dataset_config"": ""uci_air_quality_1H"", ""horizon"": 168, ""num_windows"": 20, ""initial_cutoff"": -3360, ""window_step_size"": 168, ""min_context_length"": 1, ""seasonality"": 24, ""eval_metric"": ""SQL"", ""id_column"": ""id"", ""timestamp_column"": ""timestamp"", ""task_name"": ""uci_air_quality_1H"", ""test_error"": 0.8543413436148345, ""inference_time_s"": 3.8474663000088185, ""num_forecasts"": 80, ""dataset_fingerprint"": ""770ea30aa1f2a0fd"", ""trained_on_this_dataset"": false, ""fev_version"": ""0.10.0"", ""SQL"": 0.8543413436148345, ""MASE"": 1.0954138942844913, ""WAPE"": 0.3620035430865906, ""WQL"": 0.28268312335571744}",2026-09-07T02:07:04.381308+00:00,168,20,24,9357,1,4,3,0,True,True,False,0.017954
