series_id,seed,alpha_v2,alpha_eval_oracle_posthoc,v2_gap_global_minus_chosen,v2_second_best_gap,eval_regret_individual_minus_global,eval_oracle_gain_global_minus_oracle,eval_chosen_rank_of_11,v2_f0_minus_lora_loss,eval_f0_minus_lora_loss
T1,24000,1.0,1.0,0.0,0.0016549910393480194,0.0,0.0,1,0.01787139708967317,0.014575529410881138
T10,24000,1.0,0.4,0.0,0.0012359943263351436,0.0,0.0003593445267481288,9,0.015757509976050188,0.0001927704277497888
T100,24000,0.0,1.0,0.014292482229594006,0.0012780844271065295,0.005725202105334892,0.0,11,-0.014292482229594006,0.005725202105334892
T101,24000,1.0,1.0,0.0,0.0013690790910899642,0.0,0.0,1,0.01534662584699914,0.013345788936481529
T102,24000,1.0,1.0,0.0,0.0014054575225913857,0.0,0.0,1,0.015140673840834673,0.005226364896544766
T103,24000,1.0,1.0,0.0,0.002637428706833145,0.0,0.0,1,0.02637428706833167,0.007961954913267566
T104,24000,1.0,1.0,0.0,0.0004320625654095078,0.0,0.0,1,0.006069262131069286,0.01214473150050821
T105,24000,1.0,0.2,0.0,0.003867156621308876,0.0,0.0011963952246442089,11,0.03872025125167322,-0.000886764480617086
T106,24000,1.0,0.1,0.0,0.0015292192273448357,0.0,0.007093093027210395,11,0.015292192273445693,-0.006999925749506364
T107,24000,1.0,1.0,0.0,0.0015528574354959357,0.0,0.0,1,0.015923233778492696,0.0026529441790823505
T108,24000,1.0,1.0,0.0,0.0008039528124743622,0.0,0.0,1,0.012358300326888672,0.013755718747804568
T109,24000,1.0,1.0,0.0,0.0020029746309231378,0.0,0.0,1,0.021284904976972108,0.0043908215937014106
T11,24000,0.9,0.0,2.0706022372141142e-05,8.220509889689254e-06,-0.0011808585225028256,0.009621143216272166,10,0.0011373255618739586,-0.009621143216272166
T110,24000,1.0,1.0,0.0,0.0001384720174624765,0.0,0.0,1,0.002480717343957828,0.009693939407581509
T111,24000,1.0,1.0,0.0,0.00032211262860615264,0.0,0.0,1,0.008173676621669568,0.0315307074806479
T112,24000,1.0,0.4,0.0,0.0001792633536119581,0.0,0.0003590660346661778,11,0.011215952407333418,-0.00013217582340896428
T113,24000,1.0,1.0,0.0,0.0010151937245891918,0.0,0.0,1,0.011962561643025449,0.0010493828723400211
T114,24000,1.0,1.0,0.0,0.000991672631167062,0.0,0.0,1,0.010430196569248595,0.00653232438782847
T115,24000,0.0,1.0,0.012357262731893526,0.0008371227430424844,0.0040582903195524045,0.0,11,-0.012357262731893526,0.0040582903195524045
T116,24000,1.0,1.0,0.0,0.00012442065292062043,0.0,0.0,1,0.0033273203419004194,0.004264038818436178
T117,24000,1.0,0.0,0.0,0.0009477305738678776,0.0,0.0016322823311581969,11,0.009777372698456133,-0.0016322823311581969
T118,24000,1.0,1.0,0.0,0.00021796928142159278,0.0,0.0,1,0.013343416860364443,0.02938781470426477
T119,24000,1.0,1.0,0.0,0.0009174305229833202,0.0,0.0,1,0.010834170056935877,0.006767615801866134
T12,24000,1.0,0.3,0.0,6.037279655513039e-05,0.0,0.0008330203318656082,11,0.003508617648819934,-0.0007670067510984202
T120,24000,0.0,1.0,0.05168399274435864,0.0043126466241525385,0.040253012739681515,0.0,11,-0.05168399274435864,0.040253012739681515
T121,24000,1.0,1.0,0.0,0.0017257094098196424,0.0,0.0,1,0.019595919068168044,0.038938355529220536
T122,24000,0.6,1.0,0.0006474168139781744,7.97132791918731e-06,0.00478579613542951,0.0,5,0.0012344678223259464,0.012996926388672558
T123,24000,0.0,0.0,0.004714317268403656,0.000410830359178993,-0.006314375565649066,0.006314375565649066,1,-0.004714317268403656,-0.006314375565649066
T124,24000,0.0,1.0,0.01097990301102092,0.0007109418130000211,0.011517014598100395,0.0,11,-0.01097990301102092,0.011517014598100395
T125,24000,1.0,1.0,0.0,0.0018946508875036239,0.0,0.0,1,0.02125199295629021,0.010331361217598034
T126,24000,1.0,1.0,0.0,0.001309612471120214,0.0,0.0,1,0.018970660172178966,0.018504146104115105
T127,24000,1.0,0.8,0.0,0.002271684640726357,0.0,1.1251041060034161e-05,4,0.023187785933428573,0.0008604712056311525
T128,24000,1.0,1.0,0.0,0.002010271071176517,0.0,0.0,1,0.021754507365637887,0.002976327842321491
T129,24000,1.0,1.0,0.0,0.0018980249002525929,0.0,0.0,1,0.02118904177033809,0.0077303121670082575
T13,24000,1.0,0.0,0.0,0.0006302779476645703,0.0,0.013732714254314438,11,0.006720663147901984,-0.013732714254314438
T130,24000,0.0,1.0,0.019933034892450574,0.0016372191936087077,0.03200827391786376,0.0,11,-0.019933034892450574,0.03200827391786376
T131,24000,1.0,1.0,0.0,0.0023134616630061666,0.0,0.0,1,0.026711418868434977,0.0343046039182493
T132,24000,1.0,1.0,0.0,0.0046812862143252865,0.0,0.0,1,0.050706710386221876,0.005583704918768251
T133,24000,1.0,1.0,0.0,0.0029329735504075582,0.0,0.0,1,0.03698202676875362,0.0028848293489195376
T134,24000,1.0,1.0,0.0,0.00039065799574755644,0.0,0.0,1,0.02376584667819065,0.018147847578671494
T135,24000,1.0,1.0,0.0,0.004510039428623491,0.0,0.0,1,0.048482310896431624,0.017983862247063387
T136,24000,1.0,1.0,0.0,0.0008367440316747743,0.0,0.0,1,0.014420757721606392,0.011394365978424192
T137,24000,1.0,1.0,0.0,0.00282504822783447,0.0,0.0,1,0.031597234937315644,0.012475362179032834
T138,24000,1.0,0.9,0.0,0.001545705500511474,0.0,1.2462943732249876e-05,2,0.016655124197978544,0.0051361318849653115
T139,24000,1.0,1.0,0.0,0.007133287694236046,0.0,0.0,1,0.07257367442638807,0.012519941901406928
T14,24000,1.0,0.8,0.0,0.0020644856450898197,0.0,0.0001749640630523963,6,0.023660916346297578,0.0005481916084609795
T140,24000,1.0,1.0,0.0,0.00015634267933140045,0.0,0.0,1,0.003586059369277139,0.00817348583092059
T141,24000,1.0,0.2,0.0,0.0016912036754963555,0.0,0.0021990415417936227,11,0.01990905746624383,-0.002078282037283663
T142,24000,1.0,0.0,0.0,0.000526254167847906,0.0,0.010046099665952823,11,0.006414151253190559,-0.010046099665952823
T143,24000,1.0,1.0,0.0,0.00016218585365679328,0.0,0.0,1,0.0016218585365663785,0.009385102251081578
T144,24000,0.0,1.0,0.004038107497549737,0.00012754019849203768,0.004398523095686446,0.0,11,-0.004038107497549737,0.004398523095686446
T145,24000,1.0,0.0,0.0,0.0007425581490709265,0.0,0.010900241168960267,11,0.00801686317322109,-0.010900241168960267
T146,24000,1.0,1.0,0.0,8.404034419928763e-06,0.0,0.0,1,0.00044538979987529537,0.012147334597681803
T147,24000,1.0,0.0,0.0,0.0024452789406818054,0.0,0.006296393128129796,11,0.026249608309269257,-0.006296393128129796
T148,24000,0.0,0.0,0.004566455971956707,0.00031821275649879244,-0.005661404657402169,0.005661404657402169,1,-0.004566455971956707,-0.005661404657402169
T149,24000,1.0,1.0,0.0,0.0009069557597074507,0.0,0.0,1,0.016074823987397235,0.001949123224132543
T15,24000,1.0,1.0,0.0,0.00021093535430466437,0.0,0.0,1,0.004106314626459051,0.0064200294493478305
T150,24000,0.0,0.0,0.02706487980098715,0.0022980047300138473,-0.0053701818333946605,0.0053701818333946605,1,-0.02706487980098715,-0.0053701818333946605
T151,24000,0.0,1.0,0.009630580023269886,0.0007315017515279187,0.0012227867476373167,0.0,11,-0.009630580023269886,0.0012227867476373167
T152,24000,0.0,1.0,0.011990077647052844,0.001045877162501263,0.010657877236921243,0.0,11,-0.011990077647052844,0.010657877236921243
T153,24000,1.0,1.0,0.0,4.44962515951941e-05,0.0,0.0,1,0.0057936324096866665,0.005427842749906153
T154,24000,1.0,0.0,0.0,0.0015474179732011262,0.0,0.0023762606899989658,11,0.01774894227984869,-0.0023762606899989658
T155,24000,0.0,1.0,0.012362661624981675,0.0009017151602832563,0.012433772969898116,0.0,11,-0.012362661624981675,0.012433772969898116
T156,24000,0.0,0.0,0.04421890737715417,0.0039596753637451965,-0.0041590885365019314,0.0041590885365019314,1,-0.04421890737715417,-0.0041590885365019314
T157,24000,1.0,1.0,0.0,0.015311912267318206,0.0,0.0,1,0.15648693567915783,0.0021275474080715284
T158,24000,1.0,1.0,0.0,0.0005024750279967183,0.0,0.0,1,0.006790486905839277,0.007524066601215185
T159,24000,0.0,0.0,0.021482250834437888,0.0014172599780791773,-0.027921592332188494,0.027921592332188494,1,-0.021482250834437888,-0.027921592332188494
T16,24000,1.0,1.0,0.0,0.0006802696235762018,0.0,0.0,1,0.0069669060904311575,0.006244172234550316
T160,24000,1.0,1.0,0.0,0.0029493814764840476,0.0,0.0,1,0.03229779252930387,0.04757907979726084
T161,24000,0.0,0.9,0.09285487231744427,0.008573822276372267,0.0017092518673091917,4.2130227809300536e-05,11,-0.09285487231744427,0.0017092518673091917
T162,24000,0.0,0.2,0.03267975361630149,0.002838647475747358,-0.0034472408272583355,0.003666653816452259,4,-0.03267975361630149,-0.0034472408272583355
T163,24000,1.0,1.0,0.0,0.0013801276949370056,0.0,0.0,1,0.01627578511443417,0.03674662177685872
T164,24000,1.0,0.0,0.0,0.0006759025324690748,0.0,0.015018863119896642,11,0.006759025324690637,-0.015018863119896642
T165,24000,1.0,0.0,0.0,0.0018599714571942982,0.0,0.002055363877698946,11,0.020636969787263815,-0.002055363877698946
T166,24000,0.0,0.0,0.0048799317723959845,0.00021981726265252188,-0.014021303298476284,0.014021303298476284,1,-0.0048799317723959845,-0.014021303298476284
T167,24000,1.0,0.0,0.0,0.0018714776829453772,0.0,0.0004386128597265726,11,0.02205088445050829,-0.0004386128597265726
T168,24000,0.0,0.0,0.003440423057192943,0.00012666250864679096,-0.011620809664045106,0.011620809664045106,1,-0.003440423057192943,-0.011620809664045106
T169,24000,1.0,0.0,0.0,0.0009378768662413606,0.0,0.012085759284084951,11,0.010057734398519425,-0.012085759284084951
T17,24000,0.0,0.0,0.007276739322167436,0.00047889936890654905,-0.007836584305914829,0.007836584305914829,1,-0.007276739322167436,-0.007836584305914829
T170,24000,1.0,0.0,0.0,0.008014136528606497,0.0,0.005796067721662079,11,0.08348271379166416,-0.005796067721662079
T171,24000,1.0,0.0,0.0,0.0009305734215122596,0.0,0.02116790447910233,11,0.00962159854012734,-0.02116790447910233
T172,24000,1.0,0.0,0.0,0.0014791937274317712,0.0,0.009105659214523665,11,0.015522843408219078,-0.009105659214523665
T173,24000,1.0,1.0,0.0,0.001641461925603993,0.0,0.0,1,0.01959641984310001,0.011995153727408447
T174,24000,1.0,0.0,0.0,0.0008417521435248876,0.0,0.019609399704699437,11,0.01474383922826239,-0.019609399704699437
T175,24000,1.0,1.0,0.0,0.00045763714029734004,0.0,0.0,1,0.006217533134519115,0.017719345191698432
T176,24000,1.0,1.0,0.0,0.0024384032975152126,0.0,0.0,1,0.02448001241833242,0.016844529141930242
T177,24000,1.0,1.0,0.0,0.0002790996015156477,0.0,0.0,1,0.0029923978014068375,0.028593536943704756
T178,24000,1.0,1.0,0.0,0.0007955154465039138,0.0,0.0,1,0.008070085099971758,0.020856873372555484
T179,24000,1.0,1.0,0.0,0.0001337579110922138,0.0,0.0,1,0.0014304112240526856,0.04110562657553052
T18,24000,1.0,0.0,0.0,4.2749629979965675e-05,0.0,0.012804672498457625,11,0.0035299527723658963,-0.012804672498457625
T180,24000,1.0,1.0,0.0,0.000805197412005354,0.0,0.0,1,0.008051974120053873,0.005866681563363452
T181,24000,1.0,1.0,0.0,0.001864537978071068,0.0,0.0,1,0.018896559909093558,0.020557953914901006
T182,24000,1.0,1.0,0.0,0.0005448759974724382,0.0,0.0,1,0.006873752572207237,0.008434816298196424
T183,24000,1.0,1.0,0.0,0.0005315182795013196,0.0,0.0,1,0.005790377744444963,0.014149068358302541
T184,24000,1.0,1.0,0.0,0.002225005489169929,0.0,0.0,1,0.0232089663892715,0.018882594789078555
T185,24000,1.0,1.0,0.0,0.0009472742564568537,0.0,0.0,1,0.010791107655952203,0.008022819913298174
T186,24000,1.0,1.0,0.0,0.0025886352652660927,0.0,0.0,1,0.02590407718468757,0.0039047415515448824
T187,24000,1.0,1.0,0.0,0.0010021478938453399,0.0,0.0,1,0.010786365830292577,0.0067702782117256
T188,24000,1.0,1.0,0.0,0.0008632159811165496,0.0,0.0,1,0.008978398839918078,0.011632714008261824
T189,24000,1.0,1.0,0.0,0.0013586907611178312,0.0,0.0,1,0.014195930401388834,0.021732067464615423
T19,24000,1.0,1.0,0.0,0.0015849878572244958,0.0,0.0,1,0.01722060447041618,0.02007518056568869
T190,24000,1.0,1.0,0.0,0.0016994504079311246,0.0,0.0,1,0.01699450407931169,0.004567112503565007
T191,24000,1.0,1.0,0.0,0.0024344120150369686,0.0,0.0,1,0.025081985445224164,0.014018662863769404
T192,24000,1.0,1.0,0.0,0.0006833621493206876,0.0,0.0,1,0.009274749881819533,0.0157109497455169
T193,24000,1.0,1.0,0.0,0.00076708472530157,0.0,0.0,1,0.00775752357274867,0.002175336843536102
T194,24000,1.0,1.0,0.0,0.0006244468338553189,0.0,0.0,1,0.006357989036439443,0.04603113672261794
T195,24000,0.0,1.0,0.017198747167455397,0.0014370544556790987,0.010610226453685978,0.0,11,-0.017198747167455397,0.010610226453685978
T196,24000,1.0,1.0,0.0,0.0008940574835202275,0.0,0.0,1,0.009370420552187453,0.03900470550067231
T197,24000,1.0,1.0,0.0,0.0006675235791372136,0.0,0.0,1,0.006876371893000333,0.07313433104234712
T198,24000,1.0,1.0,0.0,0.0017483909219669636,0.0,0.0,1,0.017582135789665027,0.021650038693615703
T199,24000,1.0,1.0,0.0,0.001259443669542587,0.0,0.0,1,0.012756094433834131,0.08351189557049188
T2,24000,1.0,1.0,0.0,0.0009680253156882923,0.0,0.0,1,0.011037932054977162,0.056965382746053894
T20,24000,1.0,1.0,0.0,0.0011376709243055005,0.0,0.0,1,0.012629088118392084,0.04571856916386752
T200,24000,1.0,1.0,0.0,0.0006789286602222333,0.0,0.0,1,0.0068910267169498,0.015392446837266371
T201,24000,1.0,1.0,0.0,0.006766482480190961,0.0,0.0,1,0.07136917705030799,0.026951372847467736
T202,24000,1.0,1.0,0.0,0.0026163493686482964,0.0,0.0,1,0.027556019718248836,0.004807958775351562
T203,24000,1.0,0.9,0.0,1.0075118783259285e-05,0.0,3.8038058572720246e-05,2,0.004468364227345867,0.0019811597034948836
T204,24000,0.0,0.0,0.009135378894029711,0.0008645019506452467,-0.008919981950575417,0.008919981950575417,1,-0.009135378894029711,-0.008919981950575417
T205,24000,0.0,1.0,0.004557521789795627,0.00031546500610013517,0.005553777883731015,0.0,11,-0.004557521789795627,0.005553777883731015
T206,24000,1.0,1.0,0.0,0.0002497982761633377,0.0,0.0,1,0.0032831508736330672,0.0043943394829591975
T207,24000,1.0,1.0,0.0,0.00031338837194350155,0.0,0.0,1,0.00446365323357667,0.0040737729810472745
T208,24000,1.0,0.0,0.0,0.00021348805526222314,0.0,0.0017133236119462047,11,0.0025491807056937654,-0.0017133236119462047
T209,24000,1.0,1.0,0.0,0.0012663554400266785,0.0,0.0,1,0.014731102975449495,0.0019976062890398882
T21,24000,1.0,1.0,0.0,0.0006845829884425392,0.0,0.0,1,0.007232084424447616,0.012956032881010382
T210,24000,0.0,0.0,0.0020534398662325204,0.00020534398662319653,-0.0070296869896619985,0.0070296869896619985,1,-0.0020534398662325204,-0.0070296869896619985
T211,24000,1.0,0.0,0.0,0.0006367796534747505,0.0,0.008816219508855916,11,0.007097578748475719,-0.008816219508855916
T212,24000,0.8,0.8,9.111913049514309e-05,3.6567944019127996e-05,-0.0003779795442904188,0.0003779795442904188,1,0.0011459455209342218,0.0011157971423679802
T213,24000,0.0,0.4,0.016109839961130357,0.0011625818753054906,-0.0005594871821278935,0.0011117789229705966,9,-0.016109839961130357,-0.0005594871821278935
T214,24000,0.0,1.0,0.009249953914266584,0.00025214424405750613,0.009478839897203772,0.0,11,-0.009249953914266584,0.009478839897203772
T215,24000,0.0,1.0,0.013215802605187177,0.0012350703939357777,0.011711731094874445,0.0,11,-0.013215802605187177,0.011711731094874445
T216,24000,0.0,1.0,0.001636429891602842,1.6750354571493098e-05,0.02295499657766864,0.0,11,-0.001636429891602842,0.02295499657766864
T217,24000,0.0,1.0,0.028011788759788825,0.002380995725424828,0.029536612826111197,0.0,11,-0.028011788759788825,0.029536612826111197
T218,24000,1.0,1.0,0.0,0.011792237345811252,0.0,0.0,1,0.12055936109068055,0.0036144793610154435
T219,24000,1.0,1.0,0.0,0.001919182133634012,0.0,0.0,1,0.019695722168889596,0.004997893219418681
T22,24000,1.0,1.0,0.0,0.0006692095264548836,0.0,0.0,1,0.008041222792084801,0.01012054558965203
T220,24000,1.0,1.0,0.0,0.0005038128520574725,0.0,0.0,1,0.007123809302057471,0.0033985172834295474
T221,24000,1.0,1.0,0.0,0.0013892896372686425,0.0,0.0,1,0.014689632847508571,0.0046232383449398284
T222,24000,0.0,1.0,0.008570738202127615,0.000717260385927232,0.011471534272068706,0.0,11,-0.008570738202127615,0.011471534272068706
T223,24000,0.0,1.0,0.01894983336402034,0.001454209429132769,0.00491626310244464,0.0,11,-0.01894983336402034,0.00491626310244464
T224,24000,0.0,0.1,0.0008614954606992464,6.347557079844357e-05,-0.0010748306716739098,0.001109207076748664,6,-0.0008614954606992464,-0.0010748306716739098
T225,24000,0.0,1.0,0.006428601013020563,0.00047546282076083024,0.008336261713963677,0.0,11,-0.006428601013020563,0.008336261713963677
T226,24000,1.0,0.0,0.0,0.0007275122418548274,0.0,0.008453681217927334,11,0.008560562192728605,-0.008453681217927334
T227,24000,0.0,1.0,0.005492731047330057,0.0005253757968995965,0.007822591382184996,0.0,11,-0.005492731047330057,0.007822591382184996
T228,24000,0.0,0.0,0.003557427449996209,0.0003432766684960953,-0.004268148103077962,0.004268148103077962,1,-0.003557427449996209,-0.004268148103077962
T229,24000,1.0,0.0,0.0,0.0007418086844201421,0.0,0.008000393482054613,11,0.007699895194539785,-0.008000393482054613
T23,24000,0.7,0.0,0.0006166031998379173,4.748479314686804e-05,-0.0027567344004313377,0.0057529905842094164,8,0.00023592184683374207,-0.0057529905842094164
T230,24000,1.0,1.0,0.0,0.0004436723601003445,0.0,0.0,1,0.0044367236010037225,0.0034092260896871895
T231,24000,0.7,1.0,0.00038496956511124836,6.309467228615695e-05,0.0004993513432360874,0.0,4,0.0005094197154955626,0.0017554660153391577
T232,24000,1.0,1.0,0.0,0.0003108814876213728,0.0,0.0,1,0.0047925770946446455,0.009547312144555287
T233,24000,0.0,0.6,0.016586079314799607,0.001156934471897908,0.0009512027448076443,0.00032524580047499363,11,-0.016586079314799607,0.0009512027448076443
T234,24000,1.0,1.0,0.0,0.0005177583639016103,0.0,0.0,1,0.005740246237647795,0.0027784073381622587
T235,24000,1.0,0.0,0.0,7.897265351142213e-05,0.0,0.0014996904345171425,11,0.0016803254802435497,-0.0014996904345171425
T236,24000,0.3,1.0,0.0015716681669427635,5.868330392311272e-05,0.002637043916268955,0.0,8,-0.0013339178488688264,0.003926035393327587
T237,24000,1.0,1.0,0.0,0.0017209607904624669,0.0,0.0,1,0.019033539141822375,0.00947475469826703
T238,24000,1.0,1.0,0.0,0.00024688758951163514,0.0,0.0,1,0.0025353653837691392,0.0031494134560293707
T239,24000,1.0,1.0,0.0,0.0018889439546270204,0.0,0.0,1,0.020261108064076272,0.004578023344235571
T24,24000,1.0,1.0,0.0,0.0002548613623660767,0.0,0.0,1,0.004844089193258905,0.011159977153101075
T240,24000,1.0,1.0,0.0,0.002738701367297258,0.0,0.0,1,0.02905625332016515,0.025364970740622717
T241,24000,0.0,1.0,0.0013739236471695948,7.753472013438678e-05,0.004182419675060389,0.0,11,-0.0013739236471695948,0.004182419675060389
T242,24000,1.0,1.0,0.0,0.0002676177228227994,0.0,0.0,1,0.0030428439322126577,0.0077886736336199025
T243,24000,0.0,1.0,0.0046385035475059455,0.0002735749793871811,0.005482506639527429,0.0,11,-0.0046385035475059455,0.005482506639527429
T244,24000,1.0,1.0,0.0,0.0007948096565279505,0.0,0.0,1,0.00910524682479319,0.007357742209153528
T245,24000,0.0,1.0,0.0034025401571157188,0.0002985251595376548,0.0034208465215324058,0.0,11,-0.0034025401571157188,0.0034208465215324058
T246,24000,1.0,0.0,0.0,8.025679300094346e-05,0.0,0.011625897653745776,11,0.0012986441835908247,-0.011625897653745776
T247,24000,1.0,1.0,0.0,0.00041839850110259036,0.0,0.0,1,0.0050326180172178825,0.0013603251398517924
T248,24000,1.0,1.0,0.0,0.0009462574465007312,0.0,0.0,1,0.012365636493753385,0.01060997484066406
T249,24000,1.0,1.0,0.0,0.001083833788606492,0.0,0.0,1,0.017780139952958463,0.019522734541795983
T25,24000,1.0,0.9,0.0,7.528923974176038e-05,0.0,3.71456736771858e-05,3,0.0025145900901049067,0.00234593512602016
T250,24000,0.0,1.0,0.0040056898579661215,0.00033556235662191014,0.003193669604185434,0.0,11,-0.0040056898579661215,0.003193669604185434
T251,24000,1.0,0.0,0.0,0.0007803143750758079,0.0,0.011165360769022303,11,0.010025609946330782,-0.011165360769022303
T252,24000,1.0,1.0,0.0,0.0005324380179931865,0.0,0.0,1,0.005651241973977983,0.0021173160668507274
T253,24000,0.0,1.0,0.04579640452354894,0.004239192614166387,0.0033741843828459794,0.0,11,-0.04579640452354894,0.0033741843828459794
T254,24000,0.0,1.0,0.029936380070833657,0.002905594815364787,0.004136381294126856,0.0,11,-0.029936380070833657,0.004136381294126856
T255,24000,1.0,1.0,0.0,0.0017995005494908511,0.0,0.0,1,0.020540111880423373,0.01629926497963341
T256,24000,1.0,1.0,0.0,0.0048229114633461245,0.0,0.0,1,0.0500252406746482,0.015456290366053338
T257,24000,1.0,0.9,0.0,0.0006033442176519577,0.0,5.2725966446343087e-05,2,0.008631908205279704,0.0034363743515047895
T258,24000,0.2,1.0,0.0014908860325345552,1.401195642958264e-06,0.008841830430932451,0.0,9,-0.0010537754029049662,0.011310568642516783
T259,24000,0.8,1.0,0.0007246573413695057,2.338664685774816e-05,0.00640036764270846,0.0,3,0.0022250887280095277,0.03272896650833412
T26,24000,0.7,1.0,0.000525567192763754,0.00017518906425451064,0.002424343711107557,0.0,4,0.002054421372968074,0.0087678717020232
T260,24000,0.0,1.0,0.006426420074173267,0.000450726631164744,0.019172881220723137,0.0,11,-0.006426420074173267,0.019172881220723137
T261,24000,0.0,1.0,0.002418542179918326,6.700968557815656e-07,0.004275981393167094,0.0,11,-0.002418542179918326,0.004275981393167094
T262,24000,0.0,1.0,0.005219767621855498,0.00020592594834711875,0.022045531193768286,0.0,11,-0.005219767621855498,0.022045531193768286
T263,24000,1.0,1.0,0.0,4.331334146012722e-06,0.0,0.0,1,0.0006474684904337336,0.00326363428147447
T264,24000,1.0,0.0,0.0,0.001592006955278391,0.0,0.013246209440246348,11,0.017145431392042165,-0.013246209440246348
T265,24000,0.3,1.0,0.0021598695042174265,8.856130554968367e-05,0.0006618067455897991,0.0,8,-0.0016368471796917028,0.0010540962089161665
T266,24000,1.0,0.0,0.0,0.0016601159812579258,0.0,0.000571940876125665,11,0.017462412418700834,-0.000571940876125665
T267,24000,1.0,1.0,0.0,0.001498999594996664,0.0,0.0,1,0.01615136125074268,0.009967358645819213
T268,24000,1.0,1.0,0.0,0.0003077586498819729,0.0,0.0,1,0.003930337300404818,0.00781895881507566
T269,24000,0.0,1.0,0.043026851292778945,0.004251327483029366,0.022023704668468147,0.0,11,-0.043026851292778945,0.022023704668468147
T27,24000,1.0,1.0,0.0,7.797683093679897e-05,0.0,0.0,1,0.0020489134368146256,0.013827655969187669
T270,24000,0.1,1.0,0.00177213894558792,5.408447778454395e-05,0.012150071451934474,0.0,10,-0.0013331196817696345,0.013728383832378399
T271,24000,1.0,0.0,0.0,0.0008610289711178387,0.0,0.01117834844110066,11,0.010688501117679605,-0.01117834844110066
T272,24000,0.0,0.7,0.0057091732302101406,0.0002284814576410943,0.0020105369735806677,1.0477925258545184e-06,11,-0.0057091732302101406,0.0020105369735806677
T273,24000,1.0,1.0,0.0,0.0007351784630722502,0.0,0.0,1,0.008347219059767985,0.007642483412583001
T274,24000,1.0,1.0,0.0,0.00017740070236305083,0.0,0.0,1,0.0049251455852339365,0.0036525313992621378
T275,24000,1.0,0.0,0.0,0.001206606708197333,0.0,0.010179716618015866,11,0.012393131302944616,-0.010179716618015866
T276,24000,1.0,1.0,0.0,0.0019140645458485261,0.0,0.0,1,0.01953827418096138,0.0074944587840661825
T277,24000,1.0,0.0,0.0,0.0017351538537689892,0.0,0.006688428032345928,11,0.019512909566113623,-0.006688428032345928
T278,24000,1.0,1.0,0.0,0.00015450660491600487,0.0,0.0,1,0.003996385117466916,0.02008922025306359
T279,24000,0.0,0.0,0.008634850560182983,0.0008518894905491514,-0.00753879101456012,0.00753879101456012,1,-0.008634850560182983,-0.00753879101456012
T28,24000,1.0,0.8,0.0,1.6419841229464716e-05,0.0,5.6771591936177757e-05,7,0.002340091881377293,0.00012123629881610754
T280,24000,1.0,0.0,0.0,0.0016583932561567982,0.0,0.03574066966320788,11,0.017919556789724123,-0.03574066966320788
T281,24000,1.0,0.0,0.0,0.002163477417714388,0.0,0.008811162137618345,11,0.023866965088685577,-0.008811162137618345
T282,24000,0.3,1.0,0.002427746867526004,9.718858570928468e-06,0.006521101428789811,0.0,8,-0.0021297714494418196,0.010191055818759787
T283,24000,1.0,1.0,0.0,0.00030468618633194833,0.0,0.0,1,0.00512912075886407,0.006207509681828038
T284,24000,0.0,1.0,0.030877243333829574,0.0022106943792417066,0.015193687031048952,0.0,11,-0.030877243333829574,0.015193687031048952
T285,24000,0.0,1.0,0.0680503775389103,0.006341459209424194,0.010245036506855987,0.0,11,-0.0680503775389103,0.010245036506855987
T286,24000,0.0,1.0,0.055406704747361424,0.0043441022578976085,0.012871623146870625,0.0,11,-0.055406704747361424,0.012871623146870625
T287,24000,1.0,1.0,0.0,0.001567975449218384,0.0,0.0,1,0.016281313977774492,0.0034324986773978106
T288,24000,1.0,1.0,0.0,0.0006002305794865492,0.0,0.0,1,0.008405359191327788,0.01569005984480687
T289,24000,0.0,1.0,0.013678917630696397,0.0011735055634688463,0.023104798403597138,0.0,11,-0.013678917630696397,0.023104798403597138
T29,24000,1.0,1.0,0.0,0.002585694977337405,0.0,0.0,1,0.02701361804254121,0.01285201989510576
T290,24000,1.0,1.0,0.0,0.001303545892677338,0.0,0.0,1,0.014814590607173994,0.044470167303311436
T291,24000,1.0,1.0,0.0,0.00017408774229865642,0.0,0.0,1,0.004321690050801297,0.017632239350147016
T292,24000,0.0,1.0,0.008921723729874265,0.0006189279384811175,0.06091395269812683,0.0,11,-0.008921723729874265,0.06091395269812683
T293,24000,0.0,1.0,0.05577379766725543,0.0045207640759801215,0.026498606291624816,0.0,11,-0.05577379766725543,0.026498606291624816
T294,24000,1.0,0.0,0.0,0.0020251215076105278,0.0,0.020131937174754477,11,0.02102149124393593,-0.020131937174754477
T295,24000,1.0,1.0,0.0,0.0013761783833112218,0.0,0.0,1,0.015619187184982064,0.02181337908515868
T296,24000,1.0,1.0,0.0,0.00020168144923465858,0.0,0.0,1,0.004784194366725059,0.005491933765301438
T297,24000,1.0,1.0,0.0,0.0016819312670460218,0.0,0.0,1,0.017146753749142707,0.02018434962095328
T298,24000,1.0,1.0,0.0,0.0017796106098226516,0.0,0.0,1,0.01851602178314979,0.011506002919311253
T299,24000,1.0,1.0,0.0,0.0018064644661386908,0.0,0.0,1,0.018688282081430307,0.009218913141315399
T3,24000,1.0,1.0,0.0,0.0007012485755233389,0.0,0.0,1,0.008476951404125688,0.010925213340099438
T30,24000,0.0,0.0,0.00040234019701346213,2.749716783478906e-05,-0.002860421651019074,0.002860421651019074,1,-0.00040234019701346213,-0.002860421651019074
T300,24000,1.0,0.0,0.0,0.00046422392559442027,0.0,0.004277921511837812,11,0.0047578393307755595,-0.004277921511837812
T301,24000,1.0,1.0,0.0,0.0016305035166862547,0.0,0.0,1,0.016719008565526994,0.008542841635431786
T302,24000,1.0,0.8,0.0,0.0008026842246913191,0.0,1.479939301440858e-05,4,0.01199546256963896,0.0006770591944571525
T303,24000,1.0,1.0,0.0,0.001189171299586067,0.0,0.0,1,0.013405318177459602,0.00839325070483854
T304,24000,0.0,0.0,0.005528664136073114,0.0004693454395917618,-0.0012056089827114924,0.0012056089827114924,1,-0.005528664136073114,-0.0012056089827114924
T305,24000,1.0,0.0,0.0,0.0003290019984231174,0.0,0.017405008717687798,11,0.003371338909434418,-0.017405008717687798
T306,24000,0.0,1.0,0.007764319950964271,0.0005247027855747044,0.0025338183266324643,0.0,11,-0.007764319950964271,0.0025338183266324643
T307,24000,1.0,1.0,0.0,0.0005719337122380708,0.0,0.0,1,0.0064763616098330035,0.007986641656595461
T308,24000,1.0,1.0,0.0,0.001727443068427148,0.0,0.0,1,0.01751480939810446,0.002278603796374512
T309,24000,1.0,1.0,0.0,9.948149446048493e-05,0.0,0.0,1,0.001139154897754624,0.004935941665935917
T31,24000,1.0,0.0,0.0,0.0006323474406860763,0.0,0.0005162594536664011,11,0.007279440674890947,-0.0005162594536664011
T310,24000,0.3,0.7,0.00033472256155081537,9.811038062301769e-06,0.0001667723312847591,4.003295797788686e-05,8,-0.00018381305876008502,0.00041723767738882644
T311,24000,1.0,0.0,0.0,0.0009115352463547333,0.0,0.0001943674139216478,11,0.009880365171956118,-0.0001943674139216478
T312,24000,1.0,1.0,0.0,0.00018783937739763612,0.0,0.0,1,0.002724756590131938,0.006442582140679498
T313,24000,1.0,0.0,0.0,0.00048015342151891405,0.0,0.004931091448909242,11,0.008042559521994064,-0.004931091448909242
T314,24000,1.0,1.0,0.0,0.0017657253567907039,0.0,0.0,1,0.019490142661114263,0.001217678035663583
T315,24000,1.0,0.0,0.0,0.00011064797107845914,0.0,0.00074634495463477,11,0.001546226837043696,-0.00074634495463477
T316,24000,0.0,0.0,0.002054059295396371,0.00014531023963015866,-0.0012432536530481153,0.0012432536530481153,1,-0.002054059295396371,-0.0012432536530481153
T317,24000,0.0,1.0,0.0027846631534663158,4.4685121048992915e-05,0.00589229252374962,0.0,11,-0.0027846631534663158,0.00589229252374962
T318,24000,1.0,0.0,0.0,0.0024377578454751747,0.0,0.0016376039716810564,11,0.024812093309195427,-0.0016376039716810564
T319,24000,1.0,0.0,0.0,0.0009575600717836585,0.0,0.012149101595047895,11,0.010641821251634542,-0.012149101595047895
T32,24000,1.0,1.0,0.0,0.0010489556779131326,0.0,0.0,1,0.011023049961520981,0.003361394249680072
T320,24000,1.0,1.0,0.0,0.0016924856570480484,0.0,0.0,1,0.01744295241108751,0.00470847176719591
T321,24000,0.0,1.0,0.008963628907500576,0.0006964825204113234,0.039168585346894935,0.0,11,-0.008963628907500576,0.039168585346894935
T322,24000,0.0,1.0,0.018146434725036742,0.0015975456394242693,0.01509043521686182,0.0,11,-0.018146434725036742,0.01509043521686182
T323,24000,1.0,0.3,0.0,0.0015679314368403086,0.0,0.0011093110896938096,11,0.015679314368402752,-0.0011068744578333067
T324,24000,0.0,1.0,0.007611082183975659,0.000626798633449166,0.008087231345536239,0.0,11,-0.007611082183975659,0.008087231345536239
T325,24000,1.0,0.0,0.0,0.0001804513351791881,0.0,0.00222435738027682,11,0.00309294782678593,-0.00222435738027682
T326,24000,1.0,1.0,0.0,0.000616229710520666,0.0,0.0,1,0.007607367947138788,0.0025958483209120864
T327,24000,0.0,0.3,0.0029344019204518013,0.00021254271657589197,-5.033818043331806e-05,0.00010858494912091565,8,-0.0029344019204518013,-5.033818043331806e-05
T328,24000,1.0,0.4,0.0,0.0007902045450629003,0.0,0.0004502359218925278,11,0.008380134375147064,-0.00012232778847587333
T329,24000,1.0,1.0,0.0,0.00014227740805294875,0.0,0.0,1,0.002732502276281412,0.006532174684479308
T33,24000,0.0,0.0,0.010951484239895892,0.000907650105585911,-0.006182204701594363,0.006182204701594363,1,-0.010951484239895892,-0.006182204701594363
T330,24000,0.0,1.0,0.016083413869982133,0.0015050728425858861,0.011360949239101581,0.0,11,-0.016083413869982133,0.011360949239101581
T331,24000,0.0,0.0,0.020995986584779525,0.0017797903932078585,-0.003809528066513357,0.003809528066513357,1,-0.020995986584779525,-0.003809528066513357
T332,24000,0.0,1.0,0.014690026670047707,0.0012845543346564625,0.0005945748906684978,0.0,11,-0.014690026670047707,0.0005945748906684978
T333,24000,1.0,0.0,0.0,0.0017251071508705418,0.0,0.001090874962994537,11,0.01800030181048118,-0.001090874962994537
T334,24000,0.0,1.0,0.012071124929342703,0.0012068635631607982,0.0010727489578321592,0.0,11,-0.012071124929342703,0.0010727489578321592
T335,24000,1.0,0.0,0.0,0.00027696384684627873,0.0,0.0015708166076248697,11,0.0039950630298587475,-0.0015708166076248697
T336,24000,1.0,1.0,0.0,9.362007942437245e-06,0.0,0.0,1,0.0016864460165845196,0.003835946467474538
T337,24000,0.3,0.0,0.00228770198339856,2.6983652931855673e-05,-0.0024179637096343187,0.003430961908829633,4,-0.002206751024602771,-0.003430961908829633
T338,24000,1.0,1.0,0.0,4.2832044244711653e-05,0.0,0.0,1,0.0011163516065161305,0.009221206797779435
T339,24000,1.0,0.0,0.0,0.0005926760274069798,0.0,0.003080018359838288,11,0.0069096190903438215,-0.003080018359838288
T34,24000,0.4,1.0,0.0006502105779959688,4.878369779515168e-05,0.00665985534167135,0.0,7,-0.00039215730245345526,0.011467165763818676
T340,24000,0.0,1.0,0.004553422314750755,0.0003126648258842124,0.00392308630535354,0.0,11,-0.004553422314750755,0.00392308630535354
T341,24000,1.0,1.0,0.0,0.0005443316069307924,0.0,0.0,1,0.00613543725449478,0.003916386575372188
T342,24000,1.0,0.3,0.0,0.0019916895637300813,0.0,0.0007629820994597969,11,0.02246120413803987,-0.0005970175439797831
T343,24000,0.0,0.0,0.014211065325743677,0.0013152426637619286,-0.005957904008615067,0.005957904008615067,1,-0.014211065325743677,-0.005957904008615067
T344,24000,0.0,1.0,0.006331586982298187,0.0005480721635389152,0.020942287468374232,0.0,11,-0.006331586982298187,0.020942287468374232
T345,24000,1.0,1.0,0.0,0.0004598426380624243,0.0,0.0,1,0.006505182981025537,0.003237543847293356
T346,24000,0.0,1.0,0.035413708655916754,0.003175076903099372,0.025248812687569178,0.0,11,-0.035413708655916754,0.025248812687569178
T347,24000,0.0,0.0,0.00450756755849302,9.863921133057563e-05,-0.007164478435925492,0.007164478435925492,1,-0.00450756755849302,-0.007164478435925492
T348,24000,1.0,1.0,0.0,0.0007473877598540568,0.0,0.0,1,0.008585721824105441,0.002394710567583447
T349,24000,1.0,1.0,0.0,0.0017022085483527905,0.0,0.0,1,0.01758723441904153,0.008283920227170394
T35,24000,0.8,1.0,0.00022893276382496275,6.473376858218138e-06,0.0027900138939129793,0.0,3,0.0011591636640431169,0.015271229844709189
T350,24000,0.0,1.0,0.025296527758706056,0.002519763222417426,0.0043694885993895705,0.0,11,-0.025296527758706056,0.0043694885993895705
T351,24000,0.9,1.0,0.00011405237708117522,4.628841301179687e-05,0.0005231274341466197,0.0,2,0.0013915575661114232,0.005968719924759447
T352,24000,0.0,1.0,0.012252735619436406,0.0008031836399757797,0.02282422115100413,0.0,11,-0.012252735619436406,0.02282422115100413
T353,24000,1.0,1.0,0.0,0.0018248916752824362,0.0,0.0,1,0.020653572370044837,0.007744397397926428
T354,24000,1.0,1.0,0.0,0.0018968845401740042,0.0,0.0,1,0.02448919405093275,0.005077539580536028
T355,24000,1.0,1.0,0.0,0.010505840629754015,0.0,0.0,1,0.10958495179628125,0.017689534145331365
T356,24000,1.0,0.0,0.0,0.00030276474979584744,0.0,0.003087031343307345,11,0.004613546042058658,-0.003087031343307345
T357,24000,0.4,0.5,0.0011617957980238347,1.71769298473734e-05,-0.000353162055604872,0.0004526893543906896,4,-0.0010915515000300413,0.0006319507231205002
T358,24000,1.0,0.0,0.0,0.0022983649159483144,0.0,0.004870259228378693,11,0.023977146581556807,-0.004870259228378693
T359,24000,1.0,0.0,0.0,0.0012008761262661816,0.0,0.0023832544700844727,11,0.012475617057597532,-0.0023832544700844727
T36,24000,0.0,0.0,0.008044023393294464,0.0005471755723208682,-0.00786641171693958,0.00786641171693958,1,-0.008044023393294464,-0.00786641171693958
T360,24000,1.0,0.3,0.0,0.0053611077028064,0.0,0.0013577590762210434,11,0.05647808329683657,-0.0011575840870728937
T361,24000,1.0,1.0,0.0,0.007289642796218243,0.0,0.0,1,0.07456785564460089,0.039429878407367
T362,24000,1.0,1.0,0.0,0.003428162900605769,0.0,0.0,1,0.03570423553582103,0.0030915115133089976
T363,24000,1.0,0.0,0.0,0.0023273469812759573,0.0,0.008037918131886757,11,0.026837671413747044,-0.008037918131886757
T364,24000,0.0,1.0,0.030322641409888162,0.0023676525586112662,0.04434808988961175,0.0,11,-0.030322641409888162,0.04434808988961175
T365,24000,1.0,1.0,0.0,0.0009438732341233713,0.0,0.0,1,0.01054546846833282,0.011358325396508662
T366,24000,1.0,1.0,0.0,0.0004285340922184355,0.0,0.0,1,0.005860356098131625,0.005963169981646033
T367,24000,1.0,1.0,0.0,0.001470065787649355,0.0,0.0,1,0.014974784773734595,0.014296060559862989
T368,24000,1.0,1.0,0.0,0.0022051699864606977,0.0,0.0,1,0.026950226010995615,0.013903433518987596
T369,24000,0.0,1.0,0.024077582674981612,0.002024586899236569,0.058107453202271286,0.0,11,-0.024077582674981612,0.058107453202271286
T37,24000,1.0,1.0,0.0,3.518666984447805e-05,0.0,0.0,1,0.0019309680750714264,0.01580737819877781
T370,24000,1.0,1.0,0.0,0.0002598167887282177,0.0,0.0,1,0.003386224741349919,0.01310753010205934
T371,24000,0.0,1.0,0.009519697018617101,0.00042245270002561064,0.0235254375408942,0.0,11,-0.009519697018617101,0.0235254375408942
T372,24000,0.8,1.0,0.0005271382747947806,5.37313209658663e-05,0.00707165390307285,0.0,3,0.0021622451454187397,0.0354200553111389
T373,24000,1.0,0.0,0.0,0.0008606655300740229,0.0,0.00824906230052791,11,0.00886331426659398,-0.00824906230052791
T374,24000,1.0,1.0,0.0,0.00013351345998402486,0.0,0.0,1,0.0030455619244299514,0.0025174587534317894
T375,24000,1.0,0.0,0.0,0.0013375626619052672,0.0,0.0017583519311752394,11,0.01434135681845633,-0.0017583519311752394
T376,24000,1.0,1.0,0.0,0.00039267154522298897,0.0,0.0,1,0.0044776706940458655,0.001819264089514494
T377,24000,0.0,1.0,0.01321672945192176,0.0012641747861198427,0.03918585032296318,0.0,11,-0.01321672945192176,0.03918585032296318
T378,24000,0.0,1.0,0.014647146356346674,0.0011771686299614226,0.004213458373184764,0.0,11,-0.014647146356346674,0.004213458373184764
T379,24000,1.0,1.0,0.0,0.0006468040498167349,0.0,0.0,1,0.007483506979375554,0.01784764544528339
T38,24000,1.0,1.0,0.0,0.00015659298300552127,0.0,0.0,1,0.002961790156119637,0.004083035511242006
T380,24000,0.0,0.0,0.007815412429975632,0.0002751635830791077,-0.008206314468469866,0.008206314468469866,1,-0.007815412429975632,-0.008206314468469866
T381,24000,1.0,1.0,0.0,0.004469146631119747,0.0,0.0,1,0.047434583957175036,0.014943355247758805
T382,24000,1.0,0.9,0.0,0.0004542525153244936,0.0,4.109694690812571e-05,2,0.005173531529600317,0.0019586870165311243
T383,24000,1.0,1.0,0.0,0.005009157176060652,0.0,0.0,1,0.053846364466148655,0.027254512841437983
T384,24000,1.0,1.0,0.0,0.0027816533083363515,0.0,0.0,1,0.03112361768308658,0.016278983316984075
T385,24000,1.0,1.0,0.0,0.0011010090207140832,0.0,0.0,1,0.01197645497156652,0.006424461985894414
T386,24000,0.0,1.0,0.030512896711356374,0.0027165922682383936,0.010188143988244747,0.0,11,-0.030512896711356374,0.010188143988244747
T387,24000,0.0,1.0,0.020703883415380542,0.001930714728061833,0.004895987387310674,0.0,11,-0.020703883415380542,0.004895987387310674
T388,24000,1.0,1.0,0.0,0.002645800816459487,0.0,0.0,1,0.027283067059136523,0.010844476136592673
T389,24000,0.0,1.0,0.031678687331861966,0.0020820075780254577,0.012697329135698432,0.0,11,-0.031678687331861966,0.012697329135698432
T39,24000,1.0,0.0,0.0,0.00019782607613805236,0.0,0.007158536473735211,11,0.00225798402431443,-0.007158536473735211
T390,24000,1.0,1.0,0.0,0.0005475631631676192,0.0,0.0,1,0.009308610808431261,0.01103123759112834
T391,24000,0.0,1.0,0.0032425706330835302,0.0001128822305094257,0.006862650955964167,0.0,11,-0.0032425706330835302,0.006862650955964167
T392,24000,0.6,1.0,0.00105236178053425,2.05789143901125e-05,0.003696754667970259,0.0,5,0.0006031819174562303,0.009838233312676081
T393,24000,1.0,0.7,0.0,0.002333876779850086,0.0,0.00019472051609215058,5,0.024069841444439466,0.001521721815553212
T394,24000,1.0,1.0,0.0,0.001380051277148464,0.0,0.0,1,0.016688251935822462,0.012452747723331714
T395,24000,1.0,0.0,0.0,0.0018454813116939306,0.0,0.010918262389783995,11,0.020209156518980254,-0.010918262389783995
T396,24000,1.0,1.0,0.0,3.7980010189397895e-05,0.0,0.0,1,0.0023378732829169024,0.0024744759785377823
T397,24000,0.0,0.0,0.00016089486185538737,7.655431104036658e-06,-0.005044210009406969,0.005044210009406969,1,-0.00016089486185538737,-0.005044210009406969
T398,24000,0.0,1.0,0.008464432684416101,0.0006705036124977637,0.005482833056346392,0.0,11,-0.008464432684416101,0.005482833056346392
T399,24000,0.0,1.0,0.01228711761915846,0.00039578644374338445,0.023110411235893524,0.0,11,-0.01228711761915846,0.023110411235893524
T4,24000,1.0,1.0,0.0,0.0035018370200008975,0.0,0.0,1,0.035871344750937006,0.01591723962469549
T40,24000,0.0,1.0,0.02579164288719682,0.00225809535469379,0.04600167644083408,0.0,11,-0.02579164288719682,0.04600167644083408
T400,24000,1.0,0.0,0.0,0.0017830524964354,0.0,0.022466684071748677,11,0.019382736770573283,-0.022466684071748677
T401,24000,1.0,1.0,0.0,0.000838103580012739,0.0,0.0,1,0.009313452133756117,0.021337256349186928
T402,24000,1.0,0.8,0.0,0.0019970571086981304,0.0,5.839236118365676e-05,5,0.020393960750496043,0.0004239177574938413
T403,24000,1.0,1.0,0.0,0.0002844343031730978,0.0,0.0,1,0.0031340633330562695,0.03673823476518012
T404,24000,1.0,1.0,0.0,0.005055403504336975,0.0,0.0,1,0.06951816001823985,0.052417845887641645
T405,24000,1.0,1.0,0.0,0.005416038903606091,0.0,0.0,1,0.05928291772988681,0.010079694437597264
T406,24000,0.0,1.0,0.06333433138079836,0.006035256340290784,0.01343902070709857,0.0,11,-0.06333433138079836,0.01343902070709857
T407,24000,1.0,0.0,0.0,0.0008171042955275598,0.0,0.009081174455279228,11,0.011544291819135688,-0.009081174455279228
T408,24000,1.0,1.0,0.0,0.001858669423811854,0.0,0.0,1,0.019124739368122423,0.09082261469512254
T409,24000,0.0,1.0,0.0014178618315793257,8.957710605606017e-06,0.010342790662187074,0.0,11,-0.0014178618315793257,0.010342790662187074
T41,24000,1.0,1.0,0.0,0.00012609575391864247,0.0,0.0,1,0.0020410534438796146,0.005981097581962858
T410,24000,0.0,0.0,0.004598860429179452,0.00035031617878233945,-0.0011921269567056747,0.0011921269567056747,1,-0.004598860429179452,-0.0011921269567056747
T411,24000,1.0,0.0,0.0,0.0011034030125923189,0.0,0.008526027579560336,11,0.01108993824641552,-0.008526027579560336
T412,24000,0.0,1.0,0.0012647555065963267,0.000120190857776592,0.01100974002668098,0.0,11,-0.0012647555065963267,0.01100974002668098
T413,24000,0.0,1.0,0.008083885821875247,0.0008039735192943986,0.003605871152702389,0.0,11,-0.008083885821875247,0.003605871152702389
T414,24000,1.0,0.0,0.0,0.0009123650652730353,0.0,0.0008629218761773139,11,0.009240710226507853,-0.0008629218761773139
T415,24000,1.0,1.0,0.0,0.006211221458853,0.0,0.0,1,0.06419508117795902,0.001542330603570119
T416,24000,0.0,1.0,0.013431024570303984,0.000829766702996837,0.0115278514219177,0.0,11,-0.013431024570303984,0.0115278514219177
T417,24000,1.0,1.0,0.0,0.002472755607736965,0.0,0.0,1,0.02576460651892365,0.00619755900443697
T418,24000,1.0,0.0,0.0,0.0006560931546146787,0.0,0.005520033105266942,11,0.008867634445249184,-0.005520033105266942
T419,24000,1.0,1.0,0.0,0.0008425641137954076,0.0,0.0,1,0.009468936205856315,0.0018847580659897556
T42,24000,0.0,1.0,0.02054566470145419,0.0020031520003346848,0.018775499568009113,0.0,11,-0.02054566470145419,0.018775499568009113
T420,24000,1.0,1.0,0.0,0.00011956007949176506,0.0,0.0,1,0.002876531598185461,0.007107698246595573
T421,24000,0.0,1.0,0.008823204986139532,0.000595762639987174,0.004883428068186757,0.0,11,-0.008823204986139532,0.004883428068186757
T422,24000,1.0,1.0,0.0,0.0013142927645855007,0.0,0.0,1,0.014855713275788829,0.0082188643295934
T423,24000,1.0,0.0,0.0,6.436996316372401e-05,0.0,0.013764662761671875,11,0.0007298348751656469,-0.013764662761671875
T424,24000,1.0,1.0,0.0,0.0006991322937484612,0.0,0.0,1,0.007006530866582705,0.002901054200931563
T425,24000,0.0,0.0,0.0026634533538474336,0.0002236654279654804,-0.07620553095755156,0.07620553095755156,1,-0.0026634533538474336,-0.07620553095755156
T426,24000,1.0,1.0,0.0,0.0003775920083432527,0.0,0.0,1,0.0048975371392585565,0.019315788243666976
T427,24000,1.0,1.0,0.0,0.002270846547067995,0.0,0.0,1,0.023188893068928573,0.011956650892542164
T428,24000,0.0,1.0,0.03596794011845883,0.0034390674391869824,0.021869538868788507,0.0,11,-0.03596794011845883,0.021869538868788507
T429,24000,1.0,1.0,0.0,0.0011039325283404566,0.0,0.0,1,0.012797183856803562,0.01105095168321496
T43,24000,1.0,1.0,0.0,0.000305814987298314,0.0,0.0,1,0.0040595622729427405,0.0015213012873360743
T430,24000,0.0,1.0,0.004362298169314771,0.00019678693169344896,0.009099246622817136,0.0,11,-0.004362298169314771,0.009099246622817136
T431,24000,1.0,1.0,0.0,0.0013298944281785463,0.0,0.0,1,0.013366624763987645,0.009361147872411157
T432,24000,1.0,1.0,0.0,0.0007638679371579915,0.0,0.0,1,0.009060519583917293,0.005170100761613727
T433,24000,1.0,1.0,0.0,0.00014346712804114148,0.0,0.0,1,0.003128416552915847,0.0035498481302358442
T434,24000,1.0,1.0,0.0,0.002633822460023083,0.0,0.0,1,0.028818576887921776,0.007811905084537996
T435,24000,1.0,0.0,0.0,0.0006415568303106411,0.0,0.010135312378211414,11,0.00689871040205392,-0.010135312378211414
T436,24000,0.0,1.0,0.0056160723149352165,0.0005536137899376792,0.01322712221882727,0.0,11,-0.0056160723149352165,0.01322712221882727
T437,24000,0.3,1.0,0.0022580211532949312,7.872615663068183e-05,0.0016750691131843798,0.0,8,-0.0019826669203957814,0.002440265482055559
T438,24000,1.0,0.2,0.0,0.00024569151049336213,0.0,0.003141823216723738,11,0.004198304171687983,-0.0029862272837768433
T439,24000,1.0,1.0,0.0,0.0010926774896584668,0.0,0.0,1,0.011407728537573048,0.007919332529887746
T44,24000,0.0,0.1,0.007413207443650038,0.0006625783591851508,-0.0005827945546690305,0.0005847550742000829,2,-0.007413207443650038,-0.0005827945546690305
T440,24000,1.0,1.0,0.0,0.0011867367110754978,0.0,0.0,1,0.013571247413262766,0.0041919629306449435
T441,24000,1.0,1.0,0.0,0.003942233970747888,0.0,0.0,1,0.04022775023031866,0.008000459613677569
T442,24000,1.0,1.0,0.0,0.0008716001606615675,0.0,0.0,1,0.010391684253958089,0.001978305049950335
T443,24000,0.0,1.0,0.036421468831663084,0.0033090389163683565,0.029231209073654174,0.0,11,-0.036421468831663084,0.029231209073654174
T444,24000,0.0,0.0,0.02282196315315166,0.001801710246938315,-0.0028106722528244976,0.0028106722528244976,1,-0.02282196315315166,-0.0028106722528244976
T445,24000,0.5,1.0,0.00044644505294938464,8.928901058991023e-05,0.008505373995053356,0.0,6,0.00023661775784888928,0.01727928335936979
T446,24000,0.0,1.0,0.010401474971911573,0.000955962551200451,0.009540079156482695,0.0,11,-0.010401474971911573,0.009540079156482695
T447,24000,1.0,1.0,0.0,0.0002025181472944393,0.0,0.0,1,0.0022557951728335857,0.0026285665865050656
T448,24000,1.0,1.0,0.0,0.002658269689994275,0.0,0.0,1,0.027018541978124477,0.015589495938241882
T449,24000,1.0,1.0,0.0,0.001231997080252456,0.0,0.0,1,0.013012082204673592,0.009765544831252693
T45,24000,1.0,0.0,0.0,0.0006179213641802628,0.0,0.011704210399892112,11,0.008061413235816106,-0.011704210399892112
T450,24000,1.0,0.0,0.0,0.0020806598022778955,0.0,0.0012211603241908953,11,0.021164453210693934,-0.0012211603241908953
T451,24000,1.0,1.0,0.0,0.0018680620825563543,0.0,0.0,1,0.019659430079195905,0.0008980076139649684
T452,24000,1.0,1.0,0.0,0.00038893508595261306,0.0,0.0,1,0.0061352494163062765,0.0061336442116974865
T453,24000,1.0,1.0,0.0,0.0014027602643268966,0.0,0.0,1,0.01549105151723107,0.009428746609977723
T454,24000,1.0,1.0,0.0,0.0010077314288829964,0.0,0.0,1,0.010077314288829464,0.010320102357945227
T455,24000,1.0,1.0,0.0,0.0024499758985664366,0.0,0.0,1,0.02463251181350845,0.016521881881093603
T456,24000,1.0,0.0,0.0,0.00043730082188470076,0.0,0.0030581288890242364,11,0.005246314712617828,-0.0030581288890242364
T457,24000,1.0,1.0,0.0,0.0019081838875266155,0.0,0.0,1,0.01959596798124502,0.013040333847997687
T458,24000,1.0,0.7,0.0,0.002298640081482839,0.0,0.00017134234767290923,5,0.02395523228166241,0.0025671332736181274
T459,24000,1.0,1.0,0.0,0.0003443986813740363,0.0,0.0,1,0.005057245766146301,0.0010710395147688345
T46,24000,0.0,1.0,0.01142224607904252,0.0009012746285663731,0.0024440705148872643,0.0,11,-0.01142224607904252,0.0024440705148872643
T460,24000,1.0,1.0,0.0,0.0017526347664798547,0.0,0.0,1,0.017906362198586545,0.018185130802027216
T461,24000,1.0,1.0,0.0,0.0011403165820622063,0.0,0.0,1,0.013594003815641464,0.008828935113362135
T462,24000,1.0,0.3,0.0,0.002077386934724368,0.0,0.0007223046777815045,11,0.022384037542833024,-0.000373355259232766
T463,24000,1.0,1.0,0.0,0.0010033756646370962,0.0,0.0,1,0.010033756646370462,0.008713750400069498
T464,24000,1.0,1.0,0.0,0.0003694333846877007,0.0,0.0,1,0.0064088547245804706,0.010664707040503651
T465,24000,1.0,1.0,0.0,0.0010939182164768635,0.0,0.0,1,0.011445937542589074,0.008602408175984011
T466,24000,1.0,1.0,0.0,0.0009479936257482391,0.0,0.0,1,0.010101885552678436,0.022663252894333658
T467,24000,1.0,1.0,0.0,0.0013999813819128015,0.0,0.0,1,0.014198858973209855,0.01728562480721177
T468,24000,1.0,1.0,0.0,0.0009728130071124386,0.0,0.0,1,0.011559132102745867,0.03992570737383461
T469,24000,1.0,1.0,0.0,0.0013347494176458308,0.0,0.0,1,0.014605096282624297,0.017293624007450104
T47,24000,1.0,1.0,0.0,0.0025780001891695936,0.0,0.0,1,0.026964077113502127,0.009638811479537435
T470,24000,0.0,0.1,0.00681971749165422,0.0004932455533405156,-0.00028652669297535294,0.000316717961053814,2,-0.00681971749165422,-0.00028652669297535294
T471,24000,0.0,1.0,0.004170081318766061,0.0003211099198305867,0.015766072444748203,0.0,11,-0.004170081318766061,0.015766072444748203
T472,24000,0.0,0.9,0.0045887585657103935,0.00034501628669392215,0.002903089106160328,1.1089304567946101e-06,11,-0.0045887585657103935,0.002903089106160328
T473,24000,1.0,1.0,0.0,0.0012484568140382901,0.0,0.0,1,0.0140486971039816,0.014578453129747038
T474,24000,0.0,0.0,0.02075599981420506,0.00162211948622204,-0.0011709686581857781,0.0011709686581857781,1,-0.02075599981420506,-0.0011709686581857781
T475,24000,1.0,1.0,0.0,0.000807165269248955,0.0,0.0,1,0.01023498633634301,0.003422283000159898
T476,24000,0.2,1.0,0.0003680897645751968,1.6915728305255673e-05,0.002010087024419127,0.0,9,-0.00033425830796457445,0.0026662682379590685
T477,24000,0.9,0.0,9.145966862744714e-07,9.145966862744714e-07,-0.00027692726754002805,0.0015892781127849753,10,0.00043478700499394174,-0.0015892781127849753
T478,24000,1.0,1.0,0.0,0.00017823866743837957,0.0,0.0,1,0.002271111801739778,0.0026740463806951276
T479,24000,1.0,1.0,0.0,0.0010202434899357904,0.0,0.0,1,0.010939954873493363,0.0045541836846438866
T48,24000,0.0,0.0,0.0017109295968860128,2.709679849755009e-05,-0.003029069449498323,0.003029069449498323,1,-0.0017109295968860128,-0.003029069449498323
T480,24000,1.0,1.0,0.0,0.0015855562928977496,0.0,0.0,1,0.016096674930101418,0.0035201247609709663
T481,24000,1.0,0.9,0.0,0.0005572415799592889,0.0,6.860008181952537e-06,2,0.006178314683055908,0.0014179844266363761
T482,24000,1.0,0.0,0.0,0.0010692010704127508,0.0,0.012111214272271353,11,0.011157814045406833,-0.012111214272271353
T483,24000,0.0,0.0,0.006507068230005575,0.0004981782144558577,-0.01002282624097739,0.01002282624097739,1,-0.006507068230005575,-0.01002282624097739
T484,24000,0.0,0.0,0.0016516760626338334,0.0001316483162744353,-0.016550278114261685,0.016550278114261685,1,-0.0016516760626338334,-0.016550278114261685
T485,24000,1.0,1.0,0.0,0.0007148530188312852,0.0,0.0,1,0.007184572321736027,0.006079721066525101
T486,24000,1.0,1.0,0.0,0.001319107126807939,0.0,0.0,1,0.01625600886017453,0.009088203596945399
T487,24000,1.0,1.0,0.0,0.000581166071420891,0.0,0.0,1,0.006698210880263233,0.006723442983123884
T488,24000,1.0,1.0,0.0,0.001132587235153304,0.0,0.0,1,0.01220702858310091,0.006817312377012219
T489,24000,0.0,0.0,0.006947093410772265,0.00033339788779107593,-0.006426529542088,0.006426529542088,1,-0.006947093410772265,-0.006426529542088
T49,24000,1.0,1.0,0.0,0.0007568182387955869,0.0,0.0,1,0.008329142728683347,0.003684416250240685
T490,24000,0.3,1.0,0.0013998624948323712,2.7219566385960903e-05,0.007826797753310522,0.0,8,-0.001161677294119312,0.011561549397086424
T491,24000,0.0,1.0,0.02018111595161609,0.0018854677003873332,0.025170742479940666,0.0,11,-0.02018111595161609,0.025170742479940666
T492,24000,0.0,1.0,0.003435383973877437,0.0003435383973877659,0.002433093161277766,0.0,11,-0.003435383973877437,0.002433093161277766
T493,24000,1.0,1.0,0.0,0.000806378271357655,0.0,0.0,1,0.009501069825961883,0.007790942411672053
T494,24000,0.0,0.0,0.003745242212529698,0.0002560536655518142,-0.004170598050833529,0.004170598050833529,1,-0.003745242212529698,-0.004170598050833529
T495,24000,1.0,1.0,0.0,0.0017484845684220263,0.0,0.0,1,0.018129052131482082,0.01159149180438368
T496,24000,0.0,1.0,0.002022580121753381,0.00011965822034509799,0.000862648592856563,0.0,11,-0.002022580121753381,0.000862648592856563
T497,24000,1.0,0.0,0.0,0.00011820805576662208,0.0,0.027127286044422938,11,0.0023930187302478867,-0.027127286044422938
T498,24000,0.5,1.0,0.0007343866350468797,9.076043766431674e-06,0.0005868164390279151,0.0,6,-0.00023173658297759303,0.0019566132677100168
T499,24000,0.0,1.0,0.031211590154838542,0.0020990091251585907,0.02549674405294411,0.0,11,-0.031211590154838542,0.02549674405294411
T5,24000,1.0,1.0,0.0,0.0008398843744464868,0.0,0.0,1,0.009508387863333134,0.003990421972689395
T50,24000,0.0,1.0,0.027613751424190758,0.0027396437050752898,0.02094869402229027,0.0,11,-0.027613751424190758,0.02094869402229027
T500,24000,1.0,1.0,0.0,0.005711620434494136,0.0,0.0,1,0.05962283371452426,0.0066526853773370975
T501,24000,1.0,1.0,0.0,0.005211992609247984,0.0,0.0,1,0.05284871387224954,0.013680936551728529
T502,24000,1.0,0.0,0.0,0.0009934918545446703,0.0,0.01725115466629734,11,0.0116352615176335,-0.01725115466629734
T503,24000,1.0,0.0,0.0,0.003308996205609538,0.0,0.012565953926578555,11,0.03867659458556416,-0.012565953926578555
T504,24000,0.0,1.0,0.02584310916273025,0.0019437157972350683,0.022139474441632667,0.0,11,-0.02584310916273025,0.022139474441632667
T505,24000,1.0,1.0,0.0,0.001209553655953044,0.0,0.0,1,0.013745224673081646,0.0067602754170402735
T506,24000,0.0,1.0,0.035705618557605234,0.002835109500744837,0.05439735742018148,0.0,11,-0.035705618557605234,0.05439735742018148
T507,24000,0.8,1.0,9.936698961710011e-05,3.475012611803274e-05,0.0009941912784667828,0.0,3,0.0017310774613908952,0.005940070622510563
T508,24000,0.5,0.8,0.0007277867691468654,3.9161797350972805e-05,1.2821945694740933e-05,0.0001558794664880958,6,3.0512386559655713e-05,0.001357846701758425
T509,24000,1.0,0.0,0.0,0.0014824742137763414,0.0,0.046809578289359166,11,0.01634227497992924,-0.046809578289359166
T51,24000,0.0,1.0,0.07585754648493104,0.007050513542011361,0.011781119671429918,0.0,11,-0.07585754648493104,0.011781119671429918
T510,24000,1.0,1.0,0.0,0.000952720326324985,0.0,0.0,1,0.009937225891608892,0.0033598040924021078
T511,24000,1.0,1.0,0.0,0.0009125490337366648,0.0,0.0,1,0.00966625870769472,0.002746193248245987
T512,24000,0.1,1.0,0.0007894706253095407,3.574743784284795e-05,0.008203930647741942,0.0,10,-0.0007010914650119604,0.00919268434573206
T513,24000,0.0,1.0,0.01781677616840316,0.0017265474993319874,0.00944683455705686,0.0,11,-0.01781677616840316,0.00944683455705686
T514,24000,0.0,1.0,0.008369493462926036,0.0006465947099493219,0.0049340378831309595,0.0,11,-0.008369493462926036,0.0049340378831309595
T515,24000,0.0,0.0,0.0017755143187488942,7.496108751281483e-05,-0.0041256506408208216,0.0041256506408208216,1,-0.0017755143187488942,-0.0041256506408208216
T516,24000,0.3,0.0,0.0012536452166060919,2.8439521096990106e-05,-0.00280995652613536,0.003945243695404055,4,-0.0011683266533150105,-0.003945243695404055
T517,24000,1.0,0.0,0.0,0.00015283260333365245,0.0,0.005411703073506802,11,0.00216804048889796,-0.005411703073506802
T518,24000,1.0,1.0,0.0,0.00021815539133041018,0.0,0.0,1,0.004540069110164802,0.004697632924202444
T519,24000,1.0,1.0,0.0,0.0013986169833323792,0.0,0.0,1,0.01480421113733954,0.009784960570436763
T52,24000,0.0,1.0,0.028059526595458406,0.0019762224336961065,0.01979011520769114,0.0,11,-0.028059526595458406,0.01979011520769114
T520,24000,0.0,0.0,0.026871594903352003,0.002410557212540132,-0.012204324396344335,0.012204324396344335,1,-0.026871594903352003,-0.012204324396344335
T521,24000,1.0,0.0,0.0,0.0005607095629803771,0.0,0.009289709260700607,11,0.007883743673857913,-0.009289709260700607
T522,24000,0.2,1.0,0.001259743922425005,2.5125058591646265e-05,0.007256393557912855,0.0,9,-0.0011413427394032505,0.00931101720624472
T523,24000,1.0,1.0,0.0,4.092500966546009e-05,0.0,0.0,1,0.0028871162085967184,0.019897848675590746
T524,24000,0.0,0.0,0.007148255876837983,0.0005229679315976732,-0.005005495335553001,0.005005495335553001,1,-0.007148255876837983,-0.005005495335553001
T525,24000,1.0,1.0,0.0,0.00047220335333053587,0.0,0.0,1,0.0052619356505581305,0.0022152804349024335
T526,24000,1.0,1.0,0.0,0.0006296850114811403,0.0,0.0,1,0.00629685011481107,0.005702959582156331
T527,24000,1.0,1.0,0.0,0.0010614058557848471,0.0,0.0,1,0.01173097543476731,0.020845762734480133
T528,24000,1.0,1.0,0.0,0.0009145348114742435,0.0,0.0,1,0.010836530214451134,0.002728483351524591
T529,24000,0.0,1.0,0.00939554031535128,0.00025608733464310696,0.010946309554960676,0.0,11,-0.00939554031535128,0.010946309554960676
T53,24000,1.0,1.0,0.0,0.001835901694793196,0.0,0.0,1,0.01862794384192301,0.011299752256079598
T530,24000,0.0,1.0,0.00210213666270076,4.881386910537966e-05,0.0071035520449196365,0.0,11,-0.00210213666270076,0.0071035520449196365
T531,24000,1.0,1.0,0.0,0.0007633952581432291,0.0,0.0,1,0.015464178700662357,0.005767724314251765
T532,24000,0.0,0.0,0.014323566237123497,0.0011111299163923949,-0.003444455937416935,0.003444455937416935,1,-0.014323566237123497,-0.003444455937416935
T533,24000,1.0,1.0,0.0,0.0002846997355349101,0.0,0.0,1,0.0037688007164270454,0.022168872697397868
T534,24000,0.0,1.0,0.00413300273902073,0.00010183735158153517,0.008229314820313638,0.0,11,-0.00413300273902073,0.008229314820313638
T535,24000,1.0,1.0,0.0,0.0005754367715213871,0.0,0.0,1,0.006059502672545014,0.0009243611068230906
T536,24000,1.0,1.0,0.0,0.0017956770729088412,0.0,0.0,1,0.01876181389641396,0.0022885221166693004
T537,24000,1.0,0.0,0.0,0.0010909023707913468,0.0,0.008275326988064435,11,0.012230765419681378,-0.008275326988064435
T538,24000,1.0,1.0,0.0,4.520613185987621e-05,0.0,0.0,1,0.005798244608289038,0.014699387870522995
T539,24000,0.0,0.4,0.028706780990605862,0.0026250209486706755,-0.001164548038458113,0.0016255095550592458,7,-0.028706780990605862,-0.001164548038458113
T54,24000,1.0,1.0,0.0,0.002367983531745277,0.0,0.0,1,0.02667055475673563,0.0018269248168524266
T540,24000,1.0,1.0,0.0,0.00043335356511770007,0.0,0.0,1,0.006269134153786438,0.011704541439086058
T541,24000,0.0,1.0,0.006613222425848053,0.0006009818787272581,0.007142679734593371,0.0,11,-0.006613222425848053,0.007142679734593371
T542,24000,1.0,1.0,0.0,0.0026280691655446997,0.0,0.0,1,0.028313094280282836,0.004106550257663655
T543,24000,0.0,0.0,0.0024132929297885353,0.0001229166231568879,-0.0024779692299740086,0.0024779692299740086,1,-0.0024132929297885353,-0.0024779692299740086
T544,24000,0.0,1.0,0.05581643891474819,0.005205642686340717,0.06655801369731407,0.0,11,-0.05581643891474819,0.06655801369731407
T545,24000,1.0,0.0,0.0,0.0006818443985960876,0.0,0.007122611436667814,11,0.008520985819020499,-0.007122611436667814
T546,24000,1.0,1.0,0.0,0.0019272110481617366,0.0,0.0,1,0.02072341828344526,0.00608032252038615
T547,24000,1.0,1.0,0.0,0.00020746954056061195,0.0,0.0,1,0.003382377322953989,0.001027286843068298
T548,24000,1.0,1.0,0.0,0.0006339308720110237,0.0,0.0,1,0.007694019241647698,0.0034538322694963597
T549,24000,1.0,0.0,0.0,0.00035497373740484006,0.0,0.0007934349173562838,11,0.0038363510101176446,-0.0007934349173562838
T55,24000,0.0,0.8,0.020841530394880903,0.0019241448405975525,0.001254208466642981,2.6769917890689943e-05,11,-0.020841530394880903,0.001254208466642981
T550,24000,0.0,1.0,0.02564412218225931,0.0021627177498972916,0.0068899109025508665,0.0,11,-0.02564412218225931,0.0068899109025508665
T551,24000,1.0,1.0,0.0,0.0005462528604753825,0.0,0.0,1,0.006056589709121818,0.00455634443937325
T552,24000,0.6,0.0,0.0005178568087387259,5.500777544553692e-05,-0.007107438790664222,0.017317948158417362,7,0.0004332324059264092,-0.017317948158417362
T553,24000,1.0,1.0,0.0,0.0004918930370498842,0.0,0.0,1,0.004918930370499064,0.002297075382644953
T554,24000,1.0,1.0,0.0,0.004700717907332397,0.0,0.0,1,0.05088071091637025,0.006869142271727524
T555,24000,1.0,1.0,0.0,0.005696145586450596,0.0,0.0,1,0.058226903465405155,0.004290037015980519
T556,24000,0.0,1.0,0.01547427635008869,0.0014220689381587714,0.006164671232721464,0.0,11,-0.01547427635008869,0.006164671232721464
T557,24000,1.0,0.0,0.0,0.00043795276789837523,0.0,0.012563870728112936,11,0.008698261922844841,-0.012563870728112936
T558,24000,1.0,1.0,0.0,0.00019500204152972378,0.0,0.0,1,0.003965416286883017,0.0021050611091566473
T559,24000,0.0,1.0,0.06482852713504894,0.006357148997046536,0.03011140053341599,0.0,11,-0.06482852713504894,0.03011140053341599
T56,24000,1.0,0.0,0.0,0.000263297978261412,0.0,0.013397986744392076,11,0.003970667261347649,-0.013397986744392076
T560,24000,0.0,1.0,0.03275473970453602,0.002947476315613873,0.012822025854563102,0.0,11,-0.03275473970453602,0.012822025854563102
T561,24000,1.0,1.0,0.0,0.0013335742802009776,0.0,0.0,1,0.013916573353334516,0.009524784604939551
T562,24000,1.0,1.0,0.0,0.0026813855322637137,0.0,0.0,1,0.02681385532263636,0.03309629820712989
T563,24000,0.0,1.0,0.01664517610785199,0.001255660527313629,0.028034512719006477,0.0,11,-0.01664517610785199,0.028034512719006477
T564,24000,1.0,1.0,0.0,0.00171656308646978,0.0,0.0,1,0.01716563086469708,0.02439051742058851
T565,24000,0.9,1.0,0.00048068461288419684,2.199487490850416e-05,0.0024753433136573966,0.0,2,0.00083717746704004,0.025525631608858457
T566,24000,0.0,1.0,0.032420822164370144,0.0029820282885318905,0.017078162028670074,0.0,11,-0.032420822164370144,0.017078162028670074
T567,24000,0.6,1.0,0.00017665425737822815,1.848544686378073e-05,0.014404327555539442,0.0,5,0.0009554433528666806,0.03632990757929322
T568,24000,1.0,1.0,0.0,0.0017154907727602309,0.0,0.0,1,0.017312854199167726,0.008228487992003153
T569,24000,1.0,1.0,0.0,0.0012095127036906295,0.0,0.0,1,0.012890112974598966,0.01429803939092733
T57,24000,0.0,1.0,0.023343215666939643,0.0020945774483840385,0.027445294955762867,0.0,11,-0.023343215666939643,0.027445294955762867
T570,24000,1.0,1.0,0.0,0.0016468526474147094,0.0,0.0,1,0.01740833660550889,0.009267189995565306
T571,24000,1.0,1.0,0.0,0.0005267549743270261,0.0,0.0,1,0.006303900352413461,0.01564890654547413
T572,24000,0.6,0.1,0.0006780374858673666,5.2632699249488546e-05,-0.0014514506953492434,0.001713391172521228,7,0.0008343323632163946,-0.0016709564875646565
T573,24000,1.0,1.0,0.0,0.0002663589666428434,0.0,0.0,1,0.004773687266168891,0.05760265982297058
T574,24000,1.0,1.0,0.0,0.0023316036559742903,0.0,0.0,1,0.024018808237015077,0.008019422310681312
T575,24000,1.0,1.0,0.0,0.0011157343202154446,0.0,0.0,1,0.015862778014530288,0.0049770625341512
T576,24000,1.0,1.0,0.0,0.0018142747984359886,0.0,0.0,1,0.018893726547486056,0.012702636988111027
T577,24000,1.0,1.0,0.0,0.000998771509783225,0.0,0.0,1,0.010746912853232649,0.0032834266519634614
T578,24000,1.0,1.0,0.0,0.0016152199082122287,0.0,0.0,1,0.017127877021986482,0.006641979161784328
T579,24000,1.0,0.0,0.0,0.0004705399244236963,0.0,0.006851368736736307,11,0.006509456320705542,-0.006851368736736307
T58,24000,0.0,1.0,0.06629052543548108,0.005947308855837052,0.02478958819693622,0.0,11,-0.06629052543548108,0.02478958819693622
T580,24000,1.0,1.0,0.0,0.004108949773537041,0.0,0.0,1,0.044731070828056385,0.013934667230414921
T581,24000,1.0,1.0,0.0,0.0030031974088804425,0.0,0.0,1,0.03053415355911182,0.010434172799116292
T582,24000,1.0,1.0,0.0,0.00035507595440886774,0.0,0.0,1,0.005857812550977726,0.0011672553950539122
T583,24000,0.7,1.0,0.0002168740852355744,5.412157648204685e-05,0.004528574309074607,0.0,4,0.002183052876822522,0.01828299069007866
T584,24000,1.0,0.0,0.0,0.0007380743643694565,0.0,0.0003567245487849924,11,0.007766187606631669,-0.0003567245487849924
T585,24000,0.0,1.0,0.0037263431711634376,0.0003155847571732484,0.0016391768539205653,0.0,11,-0.0037263431711634376,0.0016391768539205653
T586,24000,1.0,1.0,0.0,0.00013631759805898813,0.0,0.0,1,0.003980602979303582,0.0044177257121991165
T587,24000,1.0,1.0,0.0,0.0003404549812400237,0.0,0.0,1,0.005387718690161858,0.024663113045008567
T588,24000,0.4,1.0,0.0004256257285776277,2.1272958297124944e-06,0.004647808776040485,0.0,7,-0.0002752216281904918,0.008136559344458283
T589,24000,1.0,1.0,0.0,0.0006980804717880984,0.0,0.0,1,0.009197721946859527,0.028793961947571445
T59,24000,0.0,1.0,0.04171677149736985,0.0035457230955335817,0.02727769046849604,0.0,11,-0.04171677149736985,0.02727769046849604
T590,24000,0.0,1.0,0.004011819841258424,0.0003094490222235735,0.0049344215072503195,0.0,11,-0.004011819841258424,0.0049344215072503195
T591,24000,1.0,1.0,0.0,0.0016649563102594245,0.0,0.0,1,0.017889688241169877,0.0032781914828851066
T592,24000,1.0,1.0,0.0,0.0038150774788419106,0.0,0.0,1,0.038815845223029444,0.0006718185628759032
T593,24000,1.0,1.0,0.0,0.0008631714727424522,0.0,0.0,1,0.010218658589396079,0.008416739708556553
T594,24000,1.0,0.8,0.0,0.0011741623675010082,0.0,0.00017154853628253974,4,0.012784537150052788,0.002107631675838606
T595,24000,0.5,0.0,8.31923718955796e-05,1.621023475883998e-05,-0.00042369064181102534,0.0007283235006857458,6,0.0010392095229110332,-0.0007283235006857458
T596,24000,1.0,1.0,0.0,0.0007694854705274645,0.0,0.0,1,0.008034188836676337,0.005915262863247284
T597,24000,1.0,0.0,0.0,0.00011064284314332706,0.0,0.002889656672267371,11,0.001702997562592401,-0.002889656672267371
T598,24000,1.0,0.0,0.0,0.0006002143186050746,0.0,0.006536237244269272,11,0.006954301045213329,-0.006536237244269272
T599,24000,1.0,0.0,0.0,0.001041835494318577,0.0,0.0049277353217289654,11,0.010653344788478902,-0.0049277353217289654
T6,24000,1.0,1.0,0.0,0.000915130214370119,0.0,0.0,1,0.009181374312141388,0.0045107158519845925
T60,24000,0.0,1.0,0.008262006594221494,0.0007773172880186641,0.01830696665287923,0.0,11,-0.008262006594221494,0.01830696665287923
T600,24000,0.0,1.0,0.008499054679962259,0.0004524438476672943,0.02281449486074738,0.0,11,-0.008499054679962259,0.02281449486074738
T601,24000,0.0,1.0,0.002345551090932041,0.00013047225440498966,0.0013247036481850438,0.0,11,-0.002345551090932041,0.0013247036481850438
T602,24000,1.0,0.2,0.0,0.00021985176560190833,0.0,0.0005730090115920738,11,0.004718469423343308,-0.0005239008168712589
T603,24000,1.0,1.0,0.0,0.00043773024648374737,0.0,0.0,1,0.005898684794045872,0.002033809593681324
T604,24000,0.5,1.0,0.0005070855006426012,6.811437888554206e-05,0.0027010763305308494,0.0,6,1.4575348089462814e-05,0.005537197423384432
T605,24000,1.0,0.9,0.0,3.098413857449689e-05,0.0,1.0246985541750853e-05,2,0.0007107953806821388,0.0005205088568107641
T606,24000,0.0,1.0,0.009424701346550601,0.0008821820779469913,0.012020982112208034,0.0,11,-0.009424701346550601,0.012020982112208034
T607,24000,1.0,1.0,0.0,0.0010238318674172242,0.0,0.0,1,0.010509371393922218,0.007861423313909155
T608,24000,0.0,1.0,0.006442101227660035,0.0006109214559970044,0.008978174619030221,0.0,11,-0.006442101227660035,0.008978174619030221
T609,24000,1.0,0.0,0.0,0.0028034080535606076,0.0,0.007603496823667344,11,0.031714525531595206,-0.007603496823667344
T61,24000,0.0,0.0,0.03240329017734256,0.0029946208945341724,-0.05540626736622123,0.05540626736622123,1,-0.03240329017734256,-0.05540626736622123
T610,24000,1.0,1.0,0.0,0.0006126066181053602,0.0,0.0,1,0.013394011118270988,0.01441666654183188
T611,24000,1.0,1.0,0.0,0.001155181054421972,0.0,0.0,1,0.01667101414286748,0.00953020191341658
T612,24000,1.0,1.0,0.0,0.002005895487455639,0.0,0.0,1,0.02090686027674704,0.011324328429353797
T613,24000,0.0,1.0,0.004266639305215758,0.000426663930521598,0.015991197188555684,0.0,11,-0.004266639305215758,0.015991197188555684
T614,24000,1.0,0.6,0.0,0.0017063187816400704,0.0,1.3704311381368406e-05,6,0.020703635862102054,0.000389157743295232
T615,24000,0.0,1.0,0.024343928218076516,0.0023508342803229554,0.0009062659451867239,0.0,11,-0.024343928218076516,0.0009062659451867239
T616,24000,0.0,1.0,0.008704597628758193,0.0007945063293822163,0.010685698938678101,0.0,11,-0.008704597628758193,0.010685698938678101
T617,24000,0.0,0.0,0.006696878160576181,0.0005266564018263642,-0.009741580012225026,0.009741580012225026,1,-0.006696878160576181,-0.009741580012225026
T618,24000,1.0,0.0,0.0,0.00027888814365140124,0.0,0.002196533191473782,11,0.0034770920753842693,-0.002196533191473782
T619,24000,1.0,1.0,0.0,0.0008516811163883364,0.0,0.0,1,0.008865852582435496,0.005770518733819896
T62,24000,0.0,1.0,0.003940354026847448,0.00029663431964876974,0.0019567351157626645,0.0,11,-0.003940354026847448,0.0019567351157626645
T620,24000,1.0,1.0,0.0,0.002687861743025821,0.0,0.0,1,0.030467159605563676,0.0044526647544000375
T621,24000,1.0,1.0,0.0,0.00014603703821511327,0.0,0.0,1,0.002392098256456504,0.002697259067255875
T622,24000,1.0,1.0,0.0,0.006927169067425576,0.0,0.0,1,0.07902441304525942,0.02109029865501577
T623,24000,1.0,1.0,0.0,0.00010873319397233794,0.0,0.0,1,0.001723368466176406,0.00044127541465954767
T624,24000,1.0,1.0,0.0,0.00054259373689583,0.0,0.0,1,0.00569522719737689,0.0039311373716647835
T625,24000,0.8,1.0,4.027809696746654e-05,1.3431459037233084e-05,0.0003902391966680019,0.0,3,0.0010674626392912778,0.0022555064511049494
T626,24000,0.0,0.6,0.006299567440335441,0.000599710390964403,0.00019950461579104628,6.297678646352556e-05,11,-0.006299567440335441,0.00019950461579104628
T627,24000,1.0,1.0,0.0,0.00031884506897292275,0.0,0.0,1,0.003997763614956129,0.0009668190961057976
T628,24000,0.0,1.0,0.013912787661200687,0.0010028913126614025,0.012069310987215809,0.0,11,-0.013912787661200687,0.012069310987215809
T629,24000,0.0,0.5,0.02085866052980445,0.001700751662045752,4.499530452262146e-05,0.00013597830948541834,11,-0.02085866052980445,4.499530452262146e-05
T63,24000,0.0,0.0,0.011477183827280024,0.0008640221464664144,-0.004823376275340019,0.004823376275340019,1,-0.011477183827280024,-0.004823376275340019
T630,24000,1.0,1.0,0.0,0.0004207058308540734,0.0,0.0,1,0.00579773453538085,0.008025072628039531
T631,24000,1.0,1.0,0.0,0.0005425507810788988,0.0,0.0,1,0.00893181769577911,0.004458109372743269
T632,24000,1.0,0.6,0.0,0.0008539177179050506,0.0,0.0001347005599187101,11,0.00919699526557538,-0.0001053011018778971
T633,24000,1.0,1.0,0.0,0.0013421405063537284,0.0,0.0,1,0.014025700262989327,0.002743035776296865
T634,24000,1.0,0.9,0.0,0.00025977762556639306,0.0,2.1565719277027995e-07,2,0.002774108048115176,0.0013411270152067223
T635,24000,0.0,1.0,0.036078449167955995,0.0025599776406544095,0.02861389220416477,0.0,11,-0.036078449167955995,0.02861389220416477
T636,24000,1.0,0.0,0.0,0.0005085370031169822,0.0,0.0022745518911784224,11,0.006383542403857356,-0.0022745518911784224
T637,24000,1.0,1.0,0.0,0.001444571063807687,0.0,0.0,1,0.014649803917268722,0.006830508773594812
T638,24000,0.0,1.0,0.009967785349950964,0.0006382844226708873,0.017170761316482652,0.0,11,-0.009967785349950964,0.017170761316482652
T639,24000,1.0,1.0,0.0,0.0006405665750547351,0.0,0.0,1,0.006768636157868657,0.048332262901609135
T64,24000,0.0,1.0,0.007012931930533428,0.000481997890109942,0.030921334342528195,0.0,11,-0.007012931930533428,0.030921334342528195
T640,24000,1.0,1.0,0.0,0.0006223498980741926,0.0,0.0,1,0.006519402246482953,0.027260093281729847
T641,24000,1.0,1.0,0.0,0.0008623492822073531,0.0,0.0,1,0.008776852579287175,0.006161170547322459
T642,24000,1.0,1.0,0.0,0.0027289154215856537,0.0,0.0,1,0.027415078291866568,0.010369310617548921
T643,24000,0.0,1.0,0.004944954359143938,0.0002444603020199665,0.0030664979574162587,0.0,11,-0.004944954359143938,0.0030664979574162587
T644,24000,1.0,1.0,0.0,0.0020202025355656184,0.0,0.0,1,0.022863156092467002,0.007790515363391537
T645,24000,1.0,0.0,0.0,0.0004626494655217417,0.0,0.0026787234486428946,11,0.004868315449511523,-0.0026787234486428946
T646,24000,0.0,0.0,0.016452657671993637,0.0014420803303394625,-0.005639086563376028,0.005639086563376028,1,-0.016452657671993637,-0.005639086563376028
T647,24000,1.0,1.0,0.0,0.004602733488317745,0.0,0.0,1,0.04694931196470675,0.0010585228350006304
T648,24000,1.0,0.0,0.0,5.249521288036574e-05,0.0,0.010137537482695469,11,0.0012874779143283166,-0.010137537482695469
T649,24000,0.0,0.0,0.0375088004390669,0.003532458072828204,-0.018438089558842963,0.018438089558842963,1,-0.0375088004390669,-0.018438089558842963
T65,24000,1.0,0.0,0.0,0.0016519192772319613,0.0,0.01548531777786577,11,0.01848819362168108,-0.01548531777786577
T650,24000,0.0,0.0,0.004045827253638445,8.527061762841903e-05,-0.006356181341188094,0.006356181341188094,1,-0.004045827253638445,-0.006356181341188094
T651,24000,0.0,1.0,0.05400084929055193,0.005023977767723231,0.0030871028121130517,0.0,11,-0.05400084929055193,0.0030871028121130517
T652,24000,1.0,0.0,0.0,0.00312287951735829,0.0,0.007406863365957861,11,0.0341783366994175,-0.007406863365957861
T653,24000,1.0,1.0,0.0,0.0014930944395279422,0.0,0.0,1,0.015274829167102377,0.0010994655495081274
T654,24000,0.0,1.0,0.0017788774153374431,7.532825671974219e-05,0.0012095401828650654,0.0,11,-0.0017788774153374431,0.0012095401828650654
T655,24000,1.0,0.0,0.0,0.00047085483513059634,0.0,0.0008202572521091023,11,0.004764132463544735,-0.0008202572521091023
T656,24000,1.0,1.0,0.0,0.014378758296073268,0.0,0.0,1,0.17777069786823146,0.037604669800966634
T657,24000,1.0,0.0,0.0,0.0014796040543756384,0.0,0.005589949575909525,11,0.015013780990968617,-0.005589949575909525
T658,24000,0.5,0.0,0.0008911075197488572,7.223544583478958e-05,-0.006863972932743323,0.012073970717832339,6,-0.00024138992093014622,-0.012073970717832339
T659,24000,1.0,1.0,0.0,0.0002142682130594764,0.0,0.0,1,0.0023762694806043205,0.001993619975572125
T66,24000,1.0,1.0,0.0,0.023287382886345576,0.0,0.0,1,0.25382586934648455,0.057099482845900607
T660,24000,1.0,1.0,0.0,0.006897178129953385,0.0,0.0,1,0.07297359567482098,0.014386403964176286
T661,24000,1.0,0.0,0.0,0.00029862398145363844,0.0,0.014454952018606582,11,0.0030757447658859016,-0.014454952018606582
T662,24000,1.0,1.0,0.0,0.0006291127119037454,0.0,0.0,1,0.006291127119038342,0.0040986528013611245
T663,24000,1.0,1.0,0.0,0.005938266470522313,0.0,0.0,1,0.06162631055699719,0.009315662880515663
T664,24000,0.0,1.0,0.006641014793520306,0.000473680518930375,0.022547400590435362,0.0,11,-0.006641014793520306,0.022547400590435362
T665,24000,1.0,1.0,0.0,0.0013241390109507978,0.0,0.0,1,0.014998493150166214,0.0033176416652716534
T666,24000,1.0,0.0,0.0,0.0005666078440159095,0.0,0.014724335680575185,11,0.006106954488576621,-0.014724335680575185
T667,24000,0.0,1.0,0.003659097521627852,0.0003491156873296486,0.003424243465344423,0.0,11,-0.003659097521627852,0.003424243465344423
T668,24000,1.0,1.0,0.0,0.0004907513170055167,0.0,0.0,1,0.005418386968078309,0.011091545315019158
T669,24000,1.0,0.0,0.0,0.0016414185098361234,0.0,0.017765916674866933,11,0.017332538292471222,-0.017765916674866933
T67,24000,0.0,1.0,0.01245699334677508,0.0009148604540397676,0.003098475312397042,0.0,11,-0.01245699334677508,0.003098475312397042
T670,24000,1.0,0.0,0.0,0.0006649659702861466,0.0,0.00759209672189276,11,0.006787705451975157,-0.00759209672189276
T671,24000,1.0,0.0,0.0,0.001456957287640115,0.0,0.002093139477884587,11,0.015263900256385465,-0.002093139477884587
T672,24000,0.2,1.0,0.002309842069943502,2.0991789187629895e-05,0.0011982189210751337,0.0,9,-0.002259868097314821,0.0015600603907023336
T673,24000,0.0,1.0,0.06454429683764096,0.005047418502362233,0.008402792559760175,0.0,11,-0.06454429683764096,0.008402792559760175
T674,24000,1.0,0.0,0.0,0.0008294030353209747,0.0,0.006241390247805567,11,0.00847725331583793,-0.006241390247805567
T675,24000,1.0,1.0,0.0,0.0005390490517043212,0.0,0.0,1,0.005702844664162654,0.0008497475111179931
T676,24000,1.0,0.0,0.0,0.0014759654179045678,0.0,0.029023465856300223,11,0.014759654179046233,-0.029023465856300223
T677,24000,1.0,1.0,0.0,0.0011474388801010482,0.0,0.0,1,0.012721922552893561,0.007033878627924317
T678,24000,1.0,1.0,0.0,0.0024970064378589396,0.0,0.0,1,0.030251817593593022,0.011308193800853794
T679,24000,1.0,0.0,0.0,4.427190719058505e-05,0.0,0.003484587202982836,11,0.001532419218296055,-0.003484587202982836
T68,24000,0.0,0.4,0.006749877361919232,0.0006262352459184273,-0.0003836230118257067,0.0006056374388140329,8,-0.006749877361919232,-0.0003836230118257067
T680,24000,1.0,0.3,0.0,0.001337160199606835,0.0,0.0008540002420933668,11,0.020798672770974025,-0.0004737626861355815
T681,24000,1.0,1.0,0.0,0.0006588509209878302,0.0,0.0,1,0.008406067888557356,0.0126754274902951
T682,24000,1.0,1.0,0.0,0.0028945104041219194,0.0,0.0,1,0.028945104041219638,0.031903556778978936
T683,24000,1.0,1.0,0.0,0.0008051537549590426,0.0,0.0,1,0.008613423158485983,0.04475794091932295
T684,24000,1.0,1.0,0.0,0.00010118971786127196,0.0,0.0,1,0.0011808506784497519,0.054974577694489435
T685,24000,1.0,1.0,0.0,0.0007401964567964048,0.0,0.0,1,0.007750332043677366,0.0026355498242186526
T686,24000,1.0,1.0,0.0,0.000860162700371564,0.0,0.0,1,0.00886767497262192,0.0200983769155669
T687,24000,0.0,1.0,0.012952563617384283,0.0007823071617388266,0.015536200764501462,0.0,11,-0.012952563617384283,0.015536200764501462
T688,24000,0.0,1.0,0.01514621463835819,0.0011853864664053138,0.010752404763499035,0.0,11,-0.01514621463835819,0.010752404763499035
T689,24000,1.0,1.0,0.0,0.00011670736913771407,0.0,0.0,1,0.0017729782010824646,0.003760483107106971
T69,24000,0.0,1.0,0.0035002464083421225,0.000309532485398889,0.002339774489708679,0.0,11,-0.0035002464083421225,0.002339774489708679
T690,24000,1.0,0.0,0.0,0.0004901333776510253,0.0,0.0009299120012049578,11,0.005432901842131854,-0.0009299120012049578
T691,24000,0.8,1.0,2.0801089247124427e-05,1.0400544623478947e-05,0.0001728920325071437,0.0,3,0.0011893887691865057,0.0012555536443721316
T692,24000,1.0,1.0,0.0,0.00212791302913784,0.0,0.0,1,0.0232963293878633,0.012097049346208366
T693,24000,0.0,1.0,0.0205588346852148,0.001743674621622393,0.007672719564501773,0.0,11,-0.0205588346852148,0.007672719564501773
T694,24000,1.0,0.0,0.0,0.000988573225028766,0.0,0.015521083784159728,11,0.010941270186159424,-0.015521083784159728
T695,24000,0.0,1.0,0.02011139924811156,0.0015808932514258522,0.041923923929025886,0.0,11,-0.02011139924811156,0.041923923929025886
T696,24000,1.0,1.0,0.0,0.004611997738854567,0.0,0.0,1,0.048692848646276765,0.015194949314883244
T697,24000,1.0,1.0,0.0,0.001963858153113285,0.0,0.0,1,0.02155572789031568,0.002223683405697674
T698,24000,1.0,1.0,0.0,0.002249430264348984,0.0,0.0,1,0.024739629858806733,0.006091177421497007
T699,24000,1.0,1.0,0.0,0.0013967551417012891,0.0,0.0,1,0.013967551417012891,0.0013006296976382226
T7,24000,0.4,1.0,0.0011304008694874579,2.0674591832636757e-05,0.001697816011986375,0.0,7,-0.0009397554956809273,0.0029679122092400867
T70,24000,1.0,0.0,0.0,0.00043698728401764253,0.0,0.0018307994241517633,11,0.005572611531452887,-0.0018307994241517633
T700,24000,1.0,1.0,0.0,0.007883736730745272,0.0,0.0,1,0.08478702489154799,0.0015983744395519084
T701,24000,1.0,1.0,0.0,0.002076273337339729,0.0,0.0,1,0.02507952281134329,0.0113846495635066
T702,24000,0.0,0.0,0.025051798241090717,0.0022705165989558296,-0.009113237809430741,0.009113237809430741,1,-0.025051798241090717,-0.009113237809430741
T703,24000,0.0,0.0,0.0072712119872793135,0.00041731780703513355,-0.003260144498574924,0.003260144498574924,1,-0.0072712119872793135,-0.003260144498574924
T704,24000,0.0,0.0,0.01710107360573465,0.0010686094117309253,-0.006726873870113614,0.006726873870113614,1,-0.01710107360573465,-0.006726873870113614
T705,24000,1.0,1.0,0.0,0.0039002739093365046,0.0,0.0,1,0.045108342449010796,0.028169460163416093
T706,24000,1.0,1.0,0.0,0.000803336604589977,0.0,0.0,1,0.014403996926313611,0.013371899074047788
T707,24000,1.0,1.0,0.0,0.0015541450025712833,0.0,0.0,1,0.02646796216278524,0.010751753152356658
T708,24000,1.0,0.9,0.0,0.00019008612133719627,0.0,1.737761776809954e-06,2,0.0031353418728574667,0.00030905754077514835
T709,24000,0.0,0.0,0.014384668764024888,0.0012587733202408802,-0.005549734509876059,0.005549734509876059,1,-0.014384668764024888,-0.005549734509876059
T71,24000,1.0,1.0,0.0,0.0022425626110118557,0.0,0.0,1,0.022804023928343964,0.0056510622387364595
T710,24000,0.1,0.2,0.0035436704718950773,2.8120480200177767e-05,-0.001916139314204146,0.0019946542640775222,4,-0.0035155499916948996,-0.001779775225270841
T711,24000,0.1,1.0,0.0044184581578308735,1.519609504474495e-05,0.011919391268843671,0.0,10,-0.0044032620627861285,0.013564793707970257
T712,24000,0.0,1.0,0.008928270171945862,0.0007827423603894434,0.011291147169774085,0.0,11,-0.008928270171945862,0.011291147169774085
T713,24000,1.0,0.0,0.0,0.0001294972900113267,0.0,0.0002505744620198147,11,0.0037745165869430553,-0.0002505744620198147
T714,24000,1.0,0.4,0.0,0.00020808280535500323,0.0,0.00021923826538106095,11,0.00245796848132096,-0.00010267362810678637
T715,24000,0.0,0.0,0.006870658888169345,0.0006031333939531813,-0.0008184756001362592,0.0008184756001362592,1,-0.006870658888169345,-0.0008184756001362592
T716,24000,1.0,0.6,0.0,0.0012993629228881254,0.0,0.00011422199183541704,9,0.014296715867761822,7.971536024475867e-05
T717,24000,0.2,0.0,0.0015961897606261433,2.844614583463745e-05,-0.02049171608362088,0.024883677879299126,3,-0.00140642462145113,-0.024883677879299126
T718,24000,0.0,1.0,0.032342831783757076,0.0029257692060792317,0.04222102580926834,0.0,11,-0.032342831783757076,0.04222102580926834
T719,24000,1.0,1.0,0.0,0.0016844288980513156,0.0,0.0,1,0.02037291907319766,0.027981172700388413
T72,24000,1.0,0.9,0.0,0.0007965054961129869,0.0,2.9248563854111786e-05,3,0.010548372324435618,0.0014057392716106953
T720,24000,0.0,0.0,0.011521323791465865,0.000884740955689578,-0.0052546471236656345,0.0052546471236656345,1,-0.011521323791465865,-0.0052546471236656345
T721,24000,1.0,1.0,0.0,0.00045606350857330114,0.0,0.0,1,0.005603160092930715,0.004147980041292965
T722,24000,1.0,1.0,0.0,0.0028059042643828747,0.0,0.0,1,0.028615864183587247,0.008085616986319683
T723,24000,1.0,1.0,0.0,0.00757160146638336,0.0,0.0,1,0.08069457139480674,0.012296202963075431
T724,24000,0.0,1.0,0.02903631329141365,0.0026148658084729215,0.010348048739964644,0.0,11,-0.02903631329141365,0.010348048739964644
T725,24000,1.0,1.0,0.0,0.007390972398559736,0.0,0.0,1,0.09245463734956288,0.028996002465598913
T726,24000,1.0,0.8,0.0,0.0007126043188431797,0.0,4.1699126059613345e-05,3,0.013225052923944991,0.0007113246386936667
T727,24000,1.0,0.0,0.0,0.0018421831582299264,0.0,0.0017868987878884024,11,0.022761210873741722,-0.0017868987878884024
T728,24000,1.0,0.0,0.0,0.0006610114843790815,0.0,0.0019519986079215013,11,0.007117731185959153,-0.0019519986079215013
T729,24000,0.0,0.0,0.027485243982529828,0.002694994338272916,-0.0087420914829206,0.0087420914829206,1,-0.027485243982529828,-0.0087420914829206
T73,24000,1.0,0.0,0.0,0.0029713841843210798,0.0,0.022293159189580525,11,0.03073873102077973,-0.022293159189580525
T730,24000,1.0,0.0,0.0,0.0016318033713422775,0.0,0.01800908993190692,11,0.018515308785981288,-0.01800908993190692
T731,24000,1.0,1.0,0.0,0.0023727792273184334,0.0,0.0,1,0.024042124155203126,0.017144828205763463
T732,24000,0.3,1.0,0.0006342171707501842,1.8131544720134674e-05,0.004427800022975242,0.0,8,-0.00038249749680363543,0.007046697051367873
T733,24000,1.0,1.0,0.0,0.0023643833824183447,0.0,0.0,1,0.023965893682099892,0.017702615606015604
T734,24000,0.0,0.0,0.006366296383850001,0.000368370091890724,-0.015622616323526906,0.015622616323526906,1,-0.006366296383850001,-0.015622616323526906
T735,24000,1.0,1.0,0.0,0.0006884838837089569,0.0,0.0,1,0.008328173022678798,0.002479502553072055
T736,24000,1.0,1.0,0.0,0.00022256720160174215,0.0,0.0,1,0.0027937305313147087,0.03959637794094906
T737,24000,0.8,1.0,0.00014209035293077932,7.104517646538966e-05,0.0050867124376947626,0.0,3,0.003546340065809561,0.0258716647260393
T738,24000,1.0,1.0,0.0,0.00014536831161149344,0.0,0.0,1,0.002694675139161551,0.004068510325198504
T739,24000,0.0,0.1,0.007176583329842556,0.0005678188941446449,-0.0017984989623180958,0.0018351331879502553,2,-0.007176583329842556,-0.0017984989623180958
T74,24000,1.0,1.0,0.0,0.0012522275386973591,0.0,0.0,1,0.013603993939666492,0.002630191329673126
T740,24000,1.0,0.0,0.0,0.0007868325332276438,0.0,0.0034841589650227434,11,0.00934407583845509,-0.0034841589650227434
T741,24000,1.0,0.0,0.0,0.004789428416282826,0.0,0.004990794521709363,11,0.05288573960075804,-0.004990794521709363
T742,24000,0.0,1.0,0.029722761610402992,0.002813861656304928,0.00605583074466387,0.0,11,-0.029722761610402992,0.00605583074466387
T743,24000,0.0,1.0,0.012850838010445509,0.0008317986526620302,0.031690403188835314,0.0,11,-0.012850838010445509,0.031690403188835314
T744,24000,0.0,1.0,0.12016194963902782,0.010040197659935801,0.04729029095882642,0.0,11,-0.12016194963902782,0.04729029095882642
T745,24000,0.9,0.4,5.251348659685018e-05,5.251348659685018e-05,-0.0003039946119769432,0.001458501494457809,10,0.0009036071928706368,-0.0011911129901915896
T746,24000,1.0,1.0,0.0,0.0003652618385648343,0.0,0.0,1,0.008160860132375436,0.006125558516135332
T747,24000,0.0,1.0,0.08056352436337755,0.0071171204676745425,0.04639499565661942,0.0,11,-0.08056352436337755,0.04639499565661942
T748,24000,0.7,0.0,0.0003605845926142326,9.41984680069563e-06,-0.0015063816519109707,0.003509565251657909,8,0.0003971580172879019,-0.003509565251657909
T749,24000,1.0,1.0,0.0,0.0004430782860347926,0.0,0.0,1,0.007278507096802389,0.005658378933491137
T75,24000,0.0,1.0,0.05832182630339666,0.00518840938996612,0.01612593629572512,0.0,11,-0.05832182630339666,0.01612593629572512
T750,24000,1.0,1.0,0.0,0.0006153978738502319,0.0,0.0,1,0.007698979263246031,0.0023875679627853863
T751,24000,1.0,1.0,0.0,0.0012443515557219453,0.0,0.0,1,0.013733307693049646,0.007164872791998511
T752,24000,1.0,0.0,0.0,0.00047532508227898784,0.0,0.002427635422161456,11,0.00661968406151181,-0.002427635422161456
T753,24000,0.0,1.0,0.024959289573550092,0.0022801970440621266,0.003186555001613356,0.0,11,-0.024959289573550092,0.003186555001613356
T754,24000,0.0,1.0,0.0026586263453279857,0.00022430820776531135,0.007594575549954352,0.0,11,-0.0026586263453279857,0.007594575549954352
T755,24000,0.0,1.0,0.00631940360205141,0.00034475962082070044,0.012677068790324597,0.0,11,-0.00631940360205141,0.012677068790324597
T756,24000,1.0,0.0,0.0,0.0011845367169556198,0.0,0.0028011608163831525,11,0.012638000109139513,-0.0028011608163831525
T757,24000,0.0,1.0,0.020358899464499258,0.0015921453946326491,0.012819147174893963,0.0,11,-0.020358899464499258,0.012819147174893963
T758,24000,0.0,1.0,0.04841931185085846,0.004288323129713056,0.050730769560453304,0.0,11,-0.04841931185085846,0.050730769560453304
T759,24000,1.0,1.0,0.0,0.0006505007617945702,0.0,0.0,1,0.013893206927292123,0.015085779452606363
T76,24000,0.9,1.0,1.1462033898124169e-06,1.1462033898124169e-06,0.0004014003506693786,0.0,2,0.0029583180010598342,0.0050294725054673695
T760,24000,1.0,1.0,0.0,0.006431033175602563,0.0,0.0,1,0.076073475910655,0.03600379191335279
T761,24000,1.0,1.0,0.0,0.0007770836826740957,0.0,0.0,1,0.008260108246126219,0.06332742800987845
T762,24000,1.0,1.0,0.0,0.004979668467014475,0.0,0.0,1,0.05156977684919711,0.016443415402773054
T763,24000,1.0,1.0,0.0,0.0019155229517424655,0.0,0.0,1,0.019692913146534596,0.002921602280849922
T764,24000,1.0,1.0,0.0,0.0016765434917365707,0.0,0.0,1,0.017215039720726744,0.0034450486815732484
T765,24000,1.0,1.0,0.0,0.0003797549420744284,0.0,0.0,1,0.006554921831363469,0.005874032967769449
T766,24000,1.0,1.0,0.0,0.00018254539832870953,0.0,0.0,1,0.002198591788656279,0.021466194584368214
T767,24000,1.0,1.0,0.0,0.0016321004387042648,0.0,0.0,1,0.01765278491038713,0.005621975441737981
T77,24000,1.0,1.0,0.0,0.00032414745453235305,0.0,0.0,1,0.006742790687446432,0.006436036842842108
T78,24000,1.0,1.0,0.0,0.00021963049805873158,0.0,0.0,1,0.0030831455864946955,0.005007409681743902
T79,24000,1.0,0.9,0.0,0.0020330681898653724,0.0,1.9648979433739555e-05,2,0.022248887526883254,0.0018011775996311652
T8,24000,0.0,0.0,0.0048309875077998665,0.00026082024038354135,-0.022672595428744446,0.022672595428744446,1,-0.0048309875077998665,-0.022672595428744446
T80,24000,1.0,0.0,0.0,0.0016448068440682029,0.0,0.0016752050983168676,11,0.016567715137511096,-0.0016752050983168676
T81,24000,0.0,1.0,0.006235252315887285,0.0005923965144929433,0.010554386147710315,0.0,11,-0.006235252315887285,0.010554386147710315
T82,24000,0.0,0.6,0.005457274020236436,0.0003408037180012702,-0.0003811475571176004,0.0006505303341857172,9,-0.005457274020236436,-0.0003811475571176004
T83,24000,1.0,1.0,0.0,0.0007162706779444972,0.0,0.0,1,0.007900867019258406,0.00298594984126177
T84,24000,1.0,1.0,0.0,0.0012511792754615891,0.0,0.0,1,0.013667045120969945,0.01925619032046355
T85,24000,1.0,1.0,0.0,0.0018271675108324503,0.0,0.0,1,0.018669956417051048,0.0019767190529889067
T86,24000,1.0,1.0,0.0,0.0033940316856444497,0.0,0.0,1,0.039495362375819965,0.017912841978984684
T87,24000,1.0,1.0,0.0,0.0021297458072324083,0.0,0.0,1,0.021953549176648657,0.011874005545256638
T88,24000,1.0,1.0,0.0,0.0031966401689378365,0.0,0.0,1,0.03433153644906439,0.014568476051971313
T89,24000,0.3,1.0,0.001135786825390006,9.719547168607345e-06,0.009504321124580939,0.0,8,-0.0007547815430168359,0.01474437023492986
T9,24000,1.0,0.5,0.0,0.0006403540168745669,0.0,0.00032441637339009066,8,0.0064035401687456694,0.00038633480507710427
T90,24000,0.0,1.0,0.05992820911920116,0.005609754203645401,0.017637391906005995,0.0,11,-0.05992820911920116,0.017637391906005995
T91,24000,0.0,1.0,0.01974258913318705,0.0018739395245896961,0.021268516094367973,0.0,11,-0.01974258913318705,0.021268516094367973
T92,24000,0.0,1.0,0.010455152635490461,0.0007098288756686166,0.046947339753218964,0.0,11,-0.010455152635490461,0.046947339753218964
T93,24000,0.0,1.0,0.00809985894484233,0.0006622735685440917,0.004972673170052455,0.0,11,-0.00809985894484233,0.004972673170052455
T94,24000,0.0,1.0,0.01247537456996839,0.00105803417249839,0.00896056070384088,0.0,11,-0.01247537456996839,0.00896056070384088
T95,24000,0.4,0.3,0.0006900262707119076,8.414397639322502e-06,-0.0031024920124558264,0.003192138879511197,4,0.00017214286514161126,-0.0030615311805711753
T96,24000,1.0,1.0,0.0,0.000303754852687077,0.0,0.0,1,0.00533917977142645,0.009315856734483208
T97,24000,1.0,1.0,0.0,3.947685624794417e-05,0.0,0.0,1,0.003149768791411489,0.009907631009086815
T98,24000,1.0,1.0,0.0,0.0005911613471309418,0.0,0.0,1,0.008978447049594662,0.02055257370700836
T99,24000,1.0,1.0,0.0,0.00023960298055536455,0.0,0.0,1,0.00320602723100305,0.005421952775558347
T1,24001,1.0,1.0,0.0,0.001581985083680626,0.0,0.0,1,0.017815730387526263,0.014124358586131258
T10,24001,1.0,0.0,0.0,0.0016158933189640012,0.0,0.00351236253450804,11,0.01748038357432813,-0.00351236253450804
T100,24001,0.0,1.0,0.006763562504789933,0.0005615776278302675,0.00981271706395137,0.0,11,-0.006763562504789933,0.00981271706395137
T101,24001,1.0,1.0,0.0,0.0013108964476841733,0.0,0.0,1,0.01476479941294212,0.014031657618691407
T102,24001,1.0,1.0,0.0,0.0011466220621539902,0.0,0.0,1,0.012552319236460802,0.005037418817932349
T103,24001,1.0,1.0,0.0,0.0032055442761921293,0.0,0.0,1,0.03205544276192074,0.007731502815819025
T104,24001,1.0,1.0,0.0,0.0007272458328375642,0.0,0.0,1,0.008720550148984318,0.015393713111270135
T105,24001,1.0,1.0,0.0,0.004460844126152996,0.0,0.0,1,0.044657126300115646,0.0016094614304515975
T106,24001,1.0,1.0,0.0,0.0014452180007920035,0.0,0.0,1,0.014452180007922255,0.012360490506384325
T107,24001,1.0,1.0,0.0,0.0018094207702337162,0.0,0.0,1,0.0184888671258705,0.006192856699906324
T108,24001,1.0,1.0,0.0,0.00031416170609893657,0.0,0.0,1,0.00842305891985462,0.018050383243405133
T109,24001,1.0,1.0,0.0,0.0015024858765433358,0.0,0.0,1,0.016026787805028198,0.006870482907920472
T11,24001,1.0,0.0,0.0,0.0001932334022985982,0.0,0.007248289315352818,11,0.0030163810182248785,-0.007248289315352818
T110,24001,0.1,1.0,0.001450689343370004,5.671985316230144e-05,0.007423139444576288,0.0,10,-0.0013100394555376482,0.008320553225679095
T111,24001,0.9,1.0,0.0002189563046006704,6.209664478074028e-05,0.00347003070556684,0.0,2,0.003038912473752764,0.03771436752386648
T112,24001,0.9,0.0,2.6452666015031046e-05,2.6452666015031046e-05,-0.0003098883979734124,0.002214415791607971,10,0.009504882311061225,-0.002214415791607971
T113,24001,1.0,1.0,0.0,0.0001704538982209569,0.0,0.0,1,0.0038117348329830825,0.003518781287365158
T114,24001,1.0,1.0,0.0,0.000428551701993074,0.0,0.0,1,0.005096956342935388,0.0035487845838009235
T115,24001,0.0,1.0,0.014347811864378057,0.0011193674716563073,0.005510972263705893,0.0,11,-0.014347811864378057,0.005510972263705893
T116,24001,1.0,0.3,0.0,0.0003795939832056394,0.0,0.00043933726896472347,11,0.005479819685874521,-0.00016755658617795266
T117,24001,1.0,1.0,0.0,0.0010488463227704692,0.0,0.0,1,0.01078853018748227,0.0010225605263326498
T118,24001,1.0,1.0,0.0,0.00038467932087615786,0.0,0.0,1,0.01537561195311421,0.027575405775307482
T119,24001,1.0,1.0,0.0,0.0008642422413316364,0.0,0.0,1,0.01030228724041915,0.008218493054591214
T12,24001,1.0,0.0,0.0,0.0005902857843984588,0.0,0.0020297784313101364,11,0.007315706354921181,-0.0020297784313101364
T120,24001,0.0,1.0,0.03806596333853052,0.0032239551737847094,0.03585430446620297,0.0,11,-0.03806596333853052,0.03585430446620297
T121,24001,1.0,1.0,0.0,0.0020717071978412216,0.0,0.0,1,0.023424555161188354,0.04137374927977655
T122,24001,0.5,1.0,0.001601270307025282,2.3142033636514014e-05,0.00396836438647169,0.0,6,-0.0010924897948405565,0.008720288485616345
T123,24001,0.0,0.0,0.003400816723903688,0.00029124411764192004,-0.002044663032657712,0.002044663032657712,1,-0.003400816723903688,-0.002044663032657712
T124,24001,0.0,1.0,0.004292107950669699,8.784719765564386e-05,0.01556373052106419,0.0,11,-0.004292107950669699,0.01556373052106419
T125,24001,1.0,1.0,0.0,0.0007541803634938393,0.0,0.0,1,0.010230315138936241,0.006139962431791601
T126,24001,1.0,1.0,0.0,0.0008648910963691137,0.0,0.0,1,0.014936907461131466,0.017682499273981245
T127,24001,1.0,1.0,0.0,0.002596596847629251,0.0,0.0,1,0.026436908002458626,0.003271909531031292
T128,24001,1.0,0.5,0.0,0.0012297409526910164,0.0,0.00016157050137910467,11,0.015487066106952219,-8.105074933428824e-07
T129,24001,1.0,1.0,0.0,0.0023434216250847184,0.0,0.0,1,0.024952103033064055,0.006109225540075425
T13,24001,1.0,0.0,0.0,0.0004843240561226425,0.0,0.01042794315218254,11,0.005412208126043594,-0.01042794315218254
T130,24001,0.0,1.0,0.02646297844050194,0.002167773269310058,0.04316369279307297,0.0,11,-0.02646297844050194,0.04316369279307297
T131,24001,1.0,1.0,0.0,0.0017068500933513642,0.0,0.0,1,0.022262927407739386,0.02930713723178746
T132,24001,1.0,1.0,0.0,0.004339613776200069,0.0,0.0,1,0.04874218987876411,0.006640041563009458
T133,24001,1.0,1.0,0.0,0.002943877521231264,0.0,0.0,1,0.037454326662627824,0.002524211580051783
T134,24001,1.0,1.0,0.0,0.0005475883083967403,0.0,0.0,1,0.02089422061460161,0.014815152880194637
T135,24001,1.0,1.0,0.0,0.00494097306074881,0.0,0.0,1,0.05246657311209524,0.014539622023975407
T136,24001,1.0,1.0,0.0,0.0006320659198082446,0.0,0.0,1,0.011533848973725003,0.011029825023730733
T137,24001,1.0,1.0,0.0,0.002435949312698027,0.0,0.0,1,0.027327314923283885,0.011778059750020387
T138,24001,1.0,1.0,0.0,0.0020272107619757618,0.0,0.0,1,0.021670505254019146,0.008035891075602875
T139,24001,1.0,1.0,0.0,0.00834881066954074,0.0,0.0,1,0.0850941586358207,0.01275774009711278
T14,24001,1.0,1.0,0.0,0.0020652920492026383,0.0,0.0,1,0.02495293992073544,0.0016305287276385805
T140,24001,1.0,1.0,0.0,0.0009598464974791554,0.0,0.0,1,0.01151456299465825,0.008057751111726574
T141,24001,1.0,0.2,0.0,0.0021208729766618584,0.0,0.0012553457423785108,11,0.0232372119256663,-0.0010346461734213053
T142,24001,1.0,0.0,0.0,0.0005487713472379641,0.0,0.009889506759591105,11,0.00655303789509698,-0.009889506759591105
T143,24001,1.0,1.0,0.0,0.000526643916779368,0.0,0.0,1,0.005266439167793235,0.004679191133318383
T144,24001,0.8,1.0,0.0004745643686242529,6.516139752676953e-05,0.0009495015781333382,0.0,3,0.0012301207430776007,0.005048373160543296
T145,24001,1.0,0.0,0.0,0.0005062451676543511,0.0,0.004022694744065358,11,0.006110446233987765,-0.004022694744065358
T146,24001,1.0,1.0,0.0,0.0007032465822598422,0.0,0.0,1,0.007327149048872661,0.012176608672665346
T147,24001,1.0,0.0,0.0,0.0024539961431131463,0.0,0.003742816312551467,11,0.02661566232159629,-0.003742816312551467
T148,24001,0.0,0.0,0.002997646724035241,0.00019420179522366965,-0.0036041065016574336,0.0036041065016574336,1,-0.002997646724035241,-0.0036041065016574336
T149,24001,1.0,0.1,0.0,0.0015997687231227298,0.0,0.0016924437256210512,11,0.019441110349603163,-0.0016205267302830118
T15,24001,1.0,1.0,0.0,0.0006427426212190501,0.0,0.0,1,0.0072973496568111695,0.004455988892899332
T150,24001,0.0,1.0,0.01752648401016943,0.0014534915059531972,0.0023153967617672855,0.0,11,-0.01752648401016943,0.0023153967617672855
T151,24001,0.8,0.0,0.00015726485855349637,6.316072269085815e-05,-0.0008786610856890142,0.0034986208280642916,9,0.001184544002710064,-0.0034986208280642916
T152,24001,0.0,1.0,0.009309142697217943,0.0008189200818443654,0.009495936437508012,0.0,11,-0.009309142697217943,0.009495936437508012
T153,24001,1.0,1.0,0.0,0.0008929896648957047,0.0,0.0,1,0.01427856654269144,0.008795480045975301
T154,24001,1.0,0.0,0.0,0.0016991659742316978,0.0,0.004260939280924081,11,0.018933352486227184,-0.004260939280924081
T155,24001,0.0,1.0,0.0025801943525674,4.343305273035725e-05,0.013941950827251914,0.0,11,-0.0025801943525674,0.013941950827251914
T156,24001,0.0,0.0,0.03244263252261259,0.0029084310774725175,-0.0049925842525821995,0.0049925842525821995,1,-0.03244263252261259,-0.0049925842525821995
T157,24001,1.0,0.4,0.0,0.019571259179838485,0.0,1.1325735084444233e-05,7,0.19846191348939923,0.0011510744760143687
T158,24001,1.0,1.0,0.0,0.0011198830791583347,0.0,0.0,1,0.012964567417453776,0.008006678075229479
T159,24001,0.0,0.0,0.008945829706863084,0.0003492013308875608,-0.01666813663149025,0.01666813663149025,1,-0.008945829706863084,-0.01666813663149025
T16,24001,1.0,1.0,0.0,0.0008378416350591777,0.0,0.0,1,0.009460222513897776,0.005647845706197252
T160,24001,1.0,1.0,0.0,0.004057846761003181,0.0,0.0,1,0.04338244537449598,0.05871177995550214
T161,24001,0.0,1.0,0.0568382058178829,0.005159829042810982,0.0048621087935843965,0.0,11,-0.0568382058178829,0.0048621087935843965
T162,24001,0.0,0.2,0.027883499886641516,0.0024997839720786175,-0.00195793600570604,0.0021337426092418177,5,-0.027883499886641516,-0.00195793600570604
T163,24001,1.0,1.0,0.0,0.003496972998741299,0.0,0.0,1,0.03744423815247755,0.042805165263581246
T164,24001,1.0,0.0,0.0,0.001124697971355726,0.0,0.015120946215429365,11,0.011246979713557592,-0.015120946215429365
T165,24001,1.0,0.0,0.0,0.0026955156606588426,0.0,0.005419262503822686,11,0.027640545596279598,-0.005419262503822686
T166,24001,0.0,0.0,0.0037470526453521336,0.00015194142771313146,-0.0171574367329117,0.0171574367329117,1,-0.0037470526453521336,-0.0171574367329117
T167,24001,1.0,0.0,0.0,0.0020008843914605112,0.0,0.005121379234154233,11,0.023770967456831604,-0.005121379234154233
T168,24001,0.0,0.0,0.004043132800147675,0.00014139834994364442,-0.009213949289776036,0.009213949289776036,1,-0.004043132800147675,-0.009213949289776036
T169,24001,1.0,0.0,0.0,0.0011067862485638624,0.0,0.015729721504479155,11,0.011870839208151573,-0.015729721504479155
T17,24001,0.0,0.0,0.006556899048039022,0.0004411375299152587,-0.008947769364739955,0.008947769364739955,1,-0.006556899048039022,-0.008947769364739955
T170,24001,1.0,0.0,0.0,0.00922570245749621,0.0,0.00785200608645753,11,0.09587041237084237,-0.00785200608645753
T171,24001,1.0,0.0,0.0,0.0013715163232812522,0.0,0.022845289616538533,11,0.014765143274285686,-0.022845289616538533
T172,24001,1.0,0.0,0.0,0.003305958975425516,0.0,0.013264877992611224,11,0.03305958975425549,-0.013264877992611224
T173,24001,1.0,0.1,0.0,0.0011297192114011478,0.0,0.005546366600678088,11,0.013814846796591063,-0.005544692072319779
T174,24001,1.0,0.0,0.0,0.0032791758139021354,0.0,0.022081170297613584,11,0.03639335271687605,-0.022081170297613584
T175,24001,1.0,1.0,0.0,6.637330885139736e-05,0.0,0.0,1,0.002304894820059855,0.014296015254607775
T176,24001,1.0,1.0,0.0,0.002661348426353294,0.0,0.0,1,0.027339995765376934,0.014461412808624619
T177,24001,0.0,1.0,0.006166432496704288,0.0005703139157049175,0.025120624806836828,0.0,11,-0.006166432496704288,0.025120624806836828
T178,24001,1.0,1.0,0.0,0.0007976101956886361,0.0,0.0,1,0.00835294607132836,0.01885960726544217
T179,24001,0.0,1.0,0.008553103384944805,0.0008361286421159075,0.03392768187945283,0.0,11,-0.008553103384944805,0.03392768187945283
T18,24001,1.0,0.0,0.0,0.00035842476100445,0.0,0.01110685233822406,11,0.00636982042389711,-0.01110685233822406
T180,24001,0.0,0.8,0.0031092562940897017,0.00031092562940904234,0.0010155458785203741,3.3665705059804374e-05,11,-0.0031092562940897017,0.0010155458785203741
T181,24001,1.0,1.0,0.0,0.001381682381395577,0.0,0.0,1,0.01402797795694416,0.01719537975185026
T182,24001,1.0,1.0,0.0,0.002493049129867364,0.0,0.0,1,0.02596684383995773,0.010412263369011465
T183,24001,1.0,1.0,0.0,0.0009864413178485298,0.0,0.0,1,0.010321947982610158,0.010738099904335496
T184,24001,1.0,1.0,0.0,0.0028482040358001615,0.0,0.0,1,0.03086909231388918,0.018345671081488296
T185,24001,1.0,1.0,0.0,0.0010551972676136612,0.0,0.0,1,0.011870337767520889,0.010881564070182759
T186,24001,1.0,1.0,0.0,0.0018581056987254652,0.0,0.0,1,0.018752256463910766,0.003011302628761814
T187,24001,1.0,0.0,0.0,0.00026371563689719935,0.0,0.0032960792074219203,11,0.0038122283539183677,-0.0032960792074219203
T188,24001,1.0,1.0,0.0,0.0009873659242937705,0.0,0.0,1,0.010952553806738652,0.009262550848648576
T189,24001,1.0,1.0,0.0,0.0013532660857334122,0.0,0.0,1,0.014094362183635384,0.011883156665187411
T19,24001,1.0,1.0,0.0,0.0031001949822963004,0.0,0.0,1,0.032918181908139776,0.013124072043045665
T190,24001,1.0,0.1,0.0,0.0009423235433227428,0.0,0.0006704099814248132,11,0.009659732698507117,-0.0006702827935393119
T191,24001,1.0,1.0,0.0,0.0034011723874753375,0.0,0.0,1,0.03565824749747071,0.006992377533342475
T192,24001,1.0,1.0,0.0,0.0014922397381157415,0.0,0.0,1,0.01553738329849741,0.010284759299288515
T193,24001,1.0,1.0,0.0,0.0005060784484059999,0.0,0.0,1,0.005498173627027592,0.006081089395782668
T194,24001,1.0,1.0,0.0,0.00034194094876485726,0.0,0.0,1,0.003606225961914261,0.037235490321791076
T195,24001,0.0,1.0,0.016890875111718662,0.0013591942116305544,0.00951137920550249,0.0,11,-0.016890875111718662,0.00951137920550249
T196,24001,1.0,1.0,0.0,0.0005301366645908134,0.0,0.0,1,0.005800044861203502,0.0366490369312612
T197,24001,0.0,1.0,0.001078564530904963,8.16704509616073e-05,0.07184880093220841,0.0,11,-0.001078564530904963,0.07184880093220841
T198,24001,1.0,1.0,0.0,0.0013247602401330327,0.0,0.0,1,0.01343021296829619,0.025944335976076927
T199,24001,1.0,1.0,0.0,0.0009665998983310331,0.0,0.0,1,0.009894221050956442,0.08229896962718752
T2,24001,1.0,1.0,0.0,0.0008624596862411571,0.0,0.0,1,0.009565843376134808,0.07792012376516577
T20,24001,0.4,1.0,0.0009652389462131983,1.4419606749083158e-05,0.026960412077577156,0.0,7,-0.0009052282652143862,0.046321761435170195
T200,24001,1.0,1.0,0.0,0.0004929278587440522,0.0,0.0,1,0.005635157275000968,0.01958641164805941
T201,24001,1.0,1.0,0.0,0.006776365970038389,0.0,0.0,1,0.07098760071150445,0.027973993512458772
T202,24001,1.0,1.0,0.0,0.0028518855375018193,0.0,0.0,1,0.03141272665279804,0.004279118214362554
T203,24001,0.9,1.0,6.734527890561726e-05,6.734527890561726e-05,3.0585910566038876e-05,0.0,2,0.0021176550979814524,0.00246973636301695
T204,24001,0.0,0.0,0.004933583123751917,0.00046862351280030357,-0.010669072366233934,0.010669072366233934,1,-0.004933583123751917,-0.010669072366233934
T205,24001,0.0,1.0,0.004002437248233792,0.0002424821569512181,0.003390183935783053,0.0,11,-0.004002437248233792,0.003390183935783053
T206,24001,1.0,1.0,0.0,0.0005617570736986544,0.0,0.0,1,0.006402738848984457,0.004208528527151589
T207,24001,0.8,1.0,2.7413111338803198e-05,2.3812938659828475e-06,0.0005873103254272483,0.0,3,0.0012833060518754325,0.003751657821472243
T208,24001,1.0,0.0,0.0,0.0003814263802381923,0.0,0.00335287123103023,11,0.003962398312569393,-0.00335287123103023
T209,24001,1.0,1.0,0.0,0.0004201011153012746,0.0,0.0,1,0.009477366389202768,0.00360923049822659
T21,24001,1.0,1.0,0.0,0.0009691182849610458,0.0,0.0,1,0.010149085163687843,0.00904376073629315
T210,24001,1.0,0.0,0.0,0.00023982147368639684,0.0,0.005713526250683554,11,0.0023982147368644124,-0.005713526250683554
T211,24001,1.0,0.0,0.0,0.0004807004129500081,0.0,0.006779576177927016,11,0.005359559502751465,-0.006779576177927016
T212,24001,0.0,1.0,0.001393043929706017,3.8753240954148005e-05,0.0043766906071931455,0.0,11,-0.001393043929706017,0.0043766906071931455
T213,24001,0.0,0.7,0.012567581576927722,0.0008710265264781913,0.0014946293257087628,0.00010359152739852773,11,-0.012567581576927722,0.0014946293257087628
T214,24001,0.0,1.0,0.009126576147910515,0.00034392919843506675,0.006907389718417756,0.0,11,-0.009126576147910515,0.006907389718417756
T215,24001,0.0,1.0,0.010532259850160597,0.0009821693938304454,0.007340298602446449,0.0,11,-0.010532259850160597,0.007340298602446449
T216,24001,0.9,1.0,6.394684343991042e-05,2.531282613282837e-05,0.0015283180607726932,0.0,2,0.001140527925901913,0.017006174505776128
T217,24001,0.0,1.0,0.020444516690687697,0.0017190455426099316,0.01947129219043653,0.0,11,-0.020444516690687697,0.01947129219043653
T218,24001,1.0,1.0,0.0,0.011011159719800379,0.0,0.0,1,0.11266688535518787,0.0029826709385638583
T219,24001,1.0,1.0,0.0,0.0015433978251538916,0.0,0.0,1,0.0164803904318504,0.0071494712887639755
T22,24001,1.0,1.0,0.0,0.0006834069124616038,0.0,0.0,1,0.007612843084430998,0.001922590209851971
T220,24001,1.0,1.0,0.0,0.0005235032315124011,0.0,0.0,1,0.007346654191601409,0.003849144676067451
T221,24001,1.0,1.0,0.0,0.0018617473104475257,0.0,0.0,1,0.019164494424932288,0.00544180178604714
T222,24001,0.5,1.0,0.00045817361015143554,1.3410444030914626e-05,0.005055597902188902,0.0,6,-5.3265322550122285e-05,0.011413031565749132
T223,24001,0.0,1.0,0.013493506416377699,0.0010572110688216174,0.0019655722961180455,0.0,11,-0.013493506416377699,0.0019655722961180455
T224,24001,0.0,0.0,0.00468226631717783,0.00046348750404734407,-0.010985721375095236,0.010985721375095236,1,-0.00468226631717783,-0.010985721375095236
T225,24001,1.0,1.0,0.0,0.00032615520602918835,0.0,0.0,1,0.0052025436155709315,0.008260579645463006
T226,24001,1.0,0.0,0.0,0.0005082933113041976,0.0,0.010025410867383011,11,0.006368372887222029,-0.010025410867383011
T227,24001,0.0,1.0,0.0018432210800529703,0.0001623845878305774,0.011774985117484427,0.0,11,-0.0018432210800529703,0.011774985117484427
T228,24001,0.0,0.0,0.005067909833112116,0.00048585531138001237,-0.005033449170549376,0.005033449170549376,1,-0.005067909833112116,-0.005033449170549376
T229,24001,1.0,0.0,0.0,0.0005166680292382764,0.0,0.010107093282101798,11,0.00577287874532989,-0.010107093282101798
T23,24001,1.0,0.1,0.0,0.00030953367377917207,0.0,0.002011022131280349,11,0.004892697914348654,-0.0019981397492868647
T230,24001,1.0,1.0,0.0,0.0003695837434045113,0.0,0.0,1,0.0036958374340450018,0.0032884919645043698
T231,24001,0.0,1.0,0.001377601645104698,6.552162169826126e-06,0.003909526890289228,0.0,11,-0.001377601645104698,0.003909526890289228
T232,24001,0.0,1.0,0.005912062633164683,0.00018518735488159965,0.008771455498505776,0.0,11,-0.005912062633164683,0.008771455498505776
T233,24001,0.0,1.0,0.006746804361813741,0.0003505706499643546,0.0021763141056003743,0.0,11,-0.006746804361813741,0.0021763141056003743
T234,24001,1.0,1.0,0.0,0.0004658570433414,0.0,0.0,1,0.005147731339863515,0.0020515371592361165
T235,24001,0.3,1.0,0.0005877283915256548,1.6371331662989874e-05,0.0029378098583187073,0.0,8,-0.0005136835146397623,0.0043002021539841895
T236,24001,1.0,1.0,0.0,0.00013745187110592028,0.0,0.0,1,0.002972128586629541,0.0015361954061682281
T237,24001,1.0,1.0,0.0,0.002296946569708913,0.0,0.0,1,0.024793396934286727,0.010295794582132034
T238,24001,1.0,1.0,0.0,0.0007015721920170526,0.0,0.0,1,0.007622023592163629,0.0007275827334950469
T239,24001,1.0,1.0,0.0,0.0020624555032769387,0.0,0.0,1,0.022319518281637585,0.004481103489223481
T24,24001,1.0,1.0,0.0,0.0011887910369709487,0.0,0.0,1,0.013048549124387632,0.007374592821143444
T240,24001,1.0,1.0,0.0,0.0027718411135490006,0.0,0.0,1,0.030076348841475253,0.026445689465625866
T241,24001,1.0,1.0,0.0,3.067930759492743e-05,0.0,0.0,1,0.000820119817954712,0.0019848367350044915
T242,24001,0.0,1.0,0.004452276926186327,0.00041980190916579563,0.00486276551732856,0.0,11,-0.004452276926186327,0.00486276551732856
T243,24001,0.8,1.0,0.0007318554052003767,0.00010846214185777914,0.0005223899109267904,0.0,3,0.00021293125618226938,0.0037125276390805872
T244,24001,1.0,1.0,0.0,0.0006025737242487672,0.0,0.0,1,0.006323335979722122,0.004754859772153397
T245,24001,0.0,1.0,0.001718565933235383,0.0001404020644170112,0.005558714577039714,0.0,11,-0.001718565933235383,0.005558714577039714
T246,24001,1.0,0.0,0.0,0.0007078788234122779,0.0,0.012049788466118594,11,0.007574864487703614,-0.012049788466118594
T247,24001,1.0,1.0,0.0,0.0003876768210732684,0.0,0.0,1,0.004467238217568614,0.0017648437257734573
T248,24001,1.0,1.0,0.0,0.0008938917947378111,0.0,0.0,1,0.012960274444374642,0.009302668207648246
T249,24001,1.0,1.0,0.0,0.0006742615749331105,0.0,0.0,1,0.015009038230913041,0.009511320245621624
T25,24001,1.0,0.0,0.0,0.0012854585050861567,0.0,0.003094834028889437,11,0.014413550782032547,-0.003094834028889437
T250,24001,0.0,1.0,0.0036531536136287235,0.00029311627247019523,0.001467895573489919,0.0,11,-0.0036531536136287235,0.001467895573489919
T251,24001,1.0,0.0,0.0,0.0015562416989862715,0.0,0.015035040891651752,11,0.016687072358017807,-0.015035040891651752
T252,24001,1.0,0.4,0.0,0.000934107542665763,0.0,0.0002815090375740681,10,0.009341522312108053,3.914814301742009e-05
T253,24001,0.0,0.0,0.016163673660686273,0.0015551516777154717,-0.004896989764972215,0.004896989764972215,1,-0.016163673660686273,-0.004896989764972215
T254,24001,0.0,0.3,0.014718659209901563,0.0014704951800693644,-0.0008969413911599222,0.0009011046937579259,4,-0.014718659209901563,-0.0008969413911599222
T255,24001,1.0,1.0,0.0,0.002977312868484683,0.0,0.0,1,0.030742451451131636,0.01694089002155763
T256,24001,1.0,1.0,0.0,0.0053054570222296205,0.0,0.0,1,0.054850696263482046,0.013900744929825404
T257,24001,1.0,1.0,0.0,0.0010250324274316824,0.0,0.0,1,0.01102279886708557,0.014192576918009459
T258,24001,1.0,1.0,0.0,0.00039540531620096964,0.0,0.0,1,0.006072644176895126,0.011641758958452653
T259,24001,1.0,1.0,0.0,0.0020996579859688946,0.0,0.0,1,0.02100884005562942,0.02552844340355298
T26,24001,1.0,1.0,0.0,0.0003321185927680492,0.0,0.0,1,0.007127497943192562,0.006556305169445054
T260,24001,1.0,1.0,0.0,0.0003913377781740168,0.0,0.0,1,0.004824396396414965,0.0203104566155603
T261,24001,0.0,1.0,0.0032602325027464296,9.696506031486862e-05,0.005073326051585725,0.0,11,-0.0032602325027464296,0.005073326051585725
T262,24001,0.5,1.0,0.0007501578008616283,7.631577038536008e-06,0.011652977214291038,0.0,6,-0.0001476494788408278,0.023683319459459895
T263,24001,1.0,1.0,0.0,0.0002245405264932332,0.0,0.0,1,0.0028495604139060493,0.002563558331128646
T264,24001,1.0,0.0,0.0,0.0020192983211824167,0.0,0.005695310388261321,11,0.021256646296243242,-0.005695310388261321
T265,24001,0.4,1.0,0.00140802520969463,8.350314477834075e-05,0.00015602006728610007,0.0,7,-0.0005360882139737733,0.00042607957188156576
T266,24001,1.0,0.0,0.0,0.0018988489623721905,0.0,0.0010275084829119985,11,0.019101728610517232,-0.0010275084829119985
T267,24001,1.0,1.0,0.0,0.002138192103535941,0.0,0.0,1,0.022391841717119165,0.010679843887399842
T268,24001,1.0,1.0,0.0,0.0005796206447815644,0.0,0.0,1,0.006645739500238723,0.013895224976458564
T269,24001,0.0,1.0,0.0318257390182759,0.0031269817534556044,0.022701078273950515,0.0,11,-0.0318257390182759,0.022701078273950515
T27,24001,1.0,1.0,0.0,0.00012491800858543955,0.0,0.0,1,0.002933753549951401,0.01440853264357922
T270,24001,1.0,1.0,0.0,0.00038211076850958037,0.0,0.0,1,0.0049937311333575485,0.012079636257741333
T271,24001,1.0,0.0,0.0,0.0009364023671930566,0.0,0.004921675532012393,11,0.011442235078431673,-0.004921675532012393
T272,24001,0.4,1.0,0.0011079536489386754,4.628996764455273e-06,0.00306723597953662,0.0,7,-0.0008272174513574981,0.00611577326291346
T273,24001,1.0,1.0,0.0,0.0008931111691730109,0.0,0.0,1,0.009458393056537173,0.006999343516659984
T274,24001,1.0,1.0,0.0,0.0008413603394422653,0.0,0.0,1,0.010150138298715139,0.004107097131421877
T275,24001,1.0,0.0,0.0,0.000895511453642639,0.0,0.009327581148006747,11,0.009532576903699685,-0.009327581148006747
T276,24001,1.0,1.0,0.0,0.001972876870032114,0.0,0.0,1,0.020126397422797815,0.009233117288294013
T277,24001,1.0,0.0,0.0,0.002712510418654168,0.0,0.004425562106834979,11,0.02890438507651638,-0.004425562106834979
T278,24001,1.0,1.0,0.0,0.001195328196838763,0.0,0.0,1,0.014618460916225096,0.01861774285682305
T279,24001,0.0,0.0,0.0020068209462118514,0.00018872063869501687,-0.005069253025985931,0.005069253025985931,1,-0.0020068209462118514,-0.005069253025985931
T28,24001,1.0,0.0,0.0,7.247162484602665e-05,0.0,0.0004546646877315874,11,0.0029006097175433565,-0.0004546646877315874
T280,24001,1.0,0.0,0.0,0.001709457392383873,0.0,0.027505273799903085,11,0.018356435423900974,-0.027505273799903085
T281,24001,1.0,0.0,0.0,0.002501021066922293,0.0,0.009229654021689404,11,0.026535270641847908,-0.009229654021689404
T282,24001,1.0,1.0,0.0,0.0005619408057953024,0.0,0.0,1,0.009860872079847982,0.00986820846910541
T283,24001,1.0,1.0,0.0,0.00046748151757824985,0.0,0.0,1,0.006169290382200265,0.005176038229977142
T284,24001,0.0,1.0,0.01709281057928491,0.0011390105839301778,0.01409760040001451,0.0,11,-0.01709281057928491,0.01409760040001451
T285,24001,0.0,1.0,0.03800260831558533,0.003509842682154707,0.008776515852844391,0.0,11,-0.03800260831558533,0.008776515852844391
T286,24001,0.0,1.0,0.032641545738682165,0.002352385093207676,0.011328708188469427,0.0,11,-0.032641545738682165,0.011328708188469427
T287,24001,1.0,1.0,0.0,0.0016045446769561433,0.0,0.0,1,0.01673947650793861,0.0015193719723443078
T288,24001,1.0,1.0,0.0,7.77983118899761e-05,0.0,0.0,1,0.0042934301301778,0.01951653176037771
T289,24001,0.0,1.0,0.004527784956677605,0.0003221778210877879,0.02583024206186768,0.0,11,-0.004527784956677605,0.02583024206186768
T29,24001,1.0,1.0,0.0,0.0025954364838041144,0.0,0.0,1,0.02858487705177315,0.014091369025767353
T290,24001,1.0,1.0,0.0,0.0013935609664437743,0.0,0.0,1,0.015714741344837913,0.0553600721810128
T291,24001,1.0,1.0,0.0,0.0010186491759247573,0.0,0.0,1,0.01268274202322417,0.014715692659288182
T292,24001,0.0,1.0,0.0030340552676024757,0.00015211252965680044,0.05362894574244825,0.0,11,-0.0030340552676024757,0.05362894574244825
T293,24001,0.0,1.0,0.03508109438598961,0.0026934410568344447,0.025467401108472454,0.0,11,-0.03508109438598961,0.025467401108472454
T294,24001,1.0,0.0,0.0,0.0016226368011088566,0.0,0.024287064716605078,11,0.01754135226294884,-0.024287064716605078
T295,24001,1.0,1.0,0.0,0.001379932970792419,0.0,0.0,1,0.01531598202230361,0.02675153697571775
T296,24001,1.0,1.0,0.0,0.0003907537984004783,0.0,0.0,1,0.004782807433487579,0.005620906950737969
T297,24001,1.0,1.0,0.0,0.0008600098480305851,0.0,0.0,1,0.009374269765697052,0.022035189964449475
T298,24001,1.0,1.0,0.0,0.0015965575644332763,0.0,0.0,1,0.016593948515544465,0.011216946497668079
T299,24001,1.0,1.0,0.0,0.001819610649647585,0.0,0.0,1,0.018506055970822333,0.016496404695530487
T3,24001,1.0,1.0,0.0,0.0018875990525417663,0.0,0.0,1,0.01959507617914502,0.021501136377611585
T30,24001,1.0,0.0,0.0,3.684893987532245e-05,0.0,0.004119898092803442,11,0.0009212224789851287,-0.004119898092803442
T300,24001,1.0,0.3,0.0,0.0005642913303570696,0.0,0.0018726758657208187,11,0.005758513378401053,-0.0017096661525202173
T301,24001,1.0,1.0,0.0,0.0023161621017186995,0.0,0.0,1,0.023575594415851886,0.01048779483520923
T302,24001,1.0,0.0,0.0,0.0004210112925424059,0.0,0.0011756249101948502,11,0.009380101214603587,-0.0011756249101948502
T303,24001,1.0,1.0,0.0,0.0007114746763270396,0.0,0.0,1,0.009498957503024985,0.010501327592905563
T304,24001,0.0,0.0,0.00395192816057599,0.0003274111184822237,-0.0014682576484458254,0.0014682576484458254,1,-0.00395192816057599,-0.0014682576484458254
T305,24001,1.0,0.0,0.0,0.0003897035370077351,0.0,0.01444911868191956,11,0.003902635978576985,-0.01444911868191956
T306,24001,0.0,0.4,0.006629750236502585,0.0004236843404455959,0.00011909610574689644,0.00024601412465363737,11,-0.006629750236502585,0.00011909610574689644
T307,24001,1.0,1.0,0.0,0.0009509195508130563,0.0,0.0,1,0.01026621999558186,0.008014418556144265
T308,24001,1.0,1.0,0.0,0.001113016071923878,0.0,0.0,1,0.011459508148900177,0.002663287008785209
T309,24001,0.0,1.0,0.00022279309812422987,4.0209586436024125e-06,0.0007015510040413453,0.0,11,-0.00022279309812422987,0.0007015510040413453
T31,24001,1.0,0.0,0.0,0.0008507738288765498,0.0,0.0012656950900015174,11,0.008978861927600224,-0.0012656950900015174
T310,24001,1.0,1.0,0.0,0.0001930653168531471,0.0,0.0,1,0.0021927839154835538,0.0006651919053111133
T311,24001,1.0,0.0,0.0,0.0011238232851776275,0.0,0.00360259925587747,11,0.011925554366929714,-0.00360259925587747
T312,24001,1.0,1.0,0.0,0.00022039384366712156,0.0,0.0,1,0.003600673351286443,0.008067251217028004
T313,24001,1.0,0.0,0.0,0.00043042091886108524,0.0,0.008132210251998173,11,0.00834368531835361,-0.008132210251998173
T314,24001,1.0,0.3,0.0,0.0016805518585292223,0.0,0.0008014595953892423,11,0.01863840767849928,-0.0007890812924059021
T315,24001,0.0,0.8,0.003012696680620097,0.0002339387681407068,0.0001730614396346919,4.325332917476388e-05,11,-0.003012696680620097,0.0001730614396346919
T316,24001,0.0,0.0,0.0032228030317207335,0.0002621846132625505,-0.0012535862709529555,0.0012535862709529555,1,-0.0032228030317207335,-0.0012535862709529555
T317,24001,0.0,1.0,0.00667023426674157,0.00028885045136572973,0.0020720945938983437,0.0,11,-0.00667023426674157,0.0020720945938983437
T318,24001,1.0,0.4,0.0,0.003669332242272061,0.0,0.0003328592814986764,11,0.03802998928525014,-8.930534045215044e-06
T319,24001,0.5,0.0,8.805223283964159e-05,1.761044656789501e-05,-0.006219456402834389,0.010759836803276634,6,0.0007652267955954306,-0.010759836803276634
T32,24001,1.0,1.0,0.0,0.0011395204060488107,0.0,0.0,1,0.011928697242878483,0.0014390875210671394
T320,24001,0.3,1.0,0.0006648126852717429,7.501777750995586e-06,0.006202785884838913,0.0,8,-0.0006009262772972424,0.009204796242302082
T321,24001,1.0,1.0,0.0,0.001081163878215441,0.0,0.0,1,0.011958393165047543,0.03899174754599033
T322,24001,1.0,1.0,0.0,0.00045551397015741735,0.0,0.0,1,0.005607985879251487,0.006429815250506343
T323,24001,1.0,0.7,0.0,0.0017105580810102272,0.0,0.0003069899899837969,8,0.0171583157856941,0.000266123968916232
T324,24001,0.0,1.0,0.004263174006544745,0.00031903036658220696,0.005473132055106467,0.0,11,-0.004263174006544745,0.005473132055106467
T325,24001,1.0,1.0,0.0,0.0001929973751568781,0.0,0.0,1,0.0030336631689217297,0.0012406322578983886
T326,24001,1.0,1.0,0.0,0.0009499628858742337,0.0,0.0,1,0.010717422368273777,0.0031134282855556084
T327,24001,0.0,1.0,0.0021745054343473846,0.00014101103365615764,0.0008486283979354248,0.0,11,-0.0021745054343473846,0.0008486283979354248
T328,24001,1.0,1.0,0.0,0.00046023778167725293,0.0,0.0,1,0.00508046674129059,0.001414519300175776
T329,24001,1.0,1.0,0.0,4.9205970336752e-05,0.0,0.0,1,0.0018017878991192227,0.004474187345290925
T33,24001,0.0,0.0,0.009876637350140549,0.0007747603524380642,-0.0007572318852396842,0.0007572318852396842,1,-0.009876637350140549,-0.0007572318852396842
T330,24001,0.0,1.0,0.007479071140460425,0.0007047156422064771,0.013577655968473323,0.0,11,-0.007479071140460425,0.013577655968473323
T331,24001,0.0,0.0,0.018165738684518096,0.0015360875807798324,-0.004656870382122591,0.004656870382122591,1,-0.018165738684518096,-0.004656870382122591
T332,24001,0.0,0.0,0.00666849982447959,0.000586928101924622,-0.006115850487445784,0.006115850487445784,1,-0.00666849982447959,-0.006115850487445784
T333,24001,1.0,0.0,0.0,0.0020049206640795347,0.0,0.00021824174788831474,11,0.02143834350745588,-0.00021824174788831474
T334,24001,0.0,1.0,0.012484726155357007,0.0012392636242843924,0.003412183000313873,0.0,11,-0.012484726155357007,0.003412183000313873
T335,24001,1.0,0.0,0.0,0.0005391168866393792,0.0,0.003254941737542927,11,0.006620138914824658,-0.003254941737542927
T336,24001,0.7,0.7,0.00035446957846607674,4.07702088871531e-05,-5.874790802828933e-05,5.874790802828933e-05,1,0.00016447834411470463,0.0009711691964940927
T337,24001,0.6,0.0,0.0006173883617324183,6.876066371674927e-05,-0.000590944073534605,0.001457884440138224,7,0.00024180738591461637,-0.001457884440138224
T338,24001,1.0,1.0,0.0,0.0003525876869819866,0.0,0.0,1,0.0036405579128166443,0.006034199401731222
T339,24001,1.0,0.0,0.0,0.001063985402807388,0.0,0.0025176583017629817,11,0.012349641940629041,-0.0025176583017629817
T34,24001,1.0,1.0,0.0,0.0014500020462775431,0.0,0.0,1,0.015280444630206613,0.012694574291624017
T340,24001,0.0,1.0,0.009757794167681744,0.0007957219655989611,0.0027493096180881693,0.0,11,-0.009757794167681744,0.0027493096180881693
T341,24001,1.0,1.0,0.0,0.0006587316624844242,0.0,0.0,1,0.0072794378100309864,0.003109665596285782
T342,24001,1.0,0.5,0.0,0.002575818677349573,0.0,0.0003971016501539415,10,0.026837916863621802,2.6022226077171418e-05
T343,24001,0.0,0.0,0.009019402043142666,0.000838165416258585,-0.005326709443208788,0.005326709443208788,1,-0.009019402043142666,-0.005326709443208788
T344,24001,1.0,1.0,0.0,0.0001343024580022778,0.0,0.0,1,0.0020933641604095055,0.025685846133861157
T345,24001,1.0,1.0,0.0,0.0008601930390221835,0.0,0.0,1,0.009361781660929713,0.0014578439996951742
T346,24001,0.0,1.0,0.024864367266635656,0.0022648497054764682,0.019018350765610426,0.0,11,-0.024864367266635656,0.019018350765610426
T347,24001,0.1,0.0,0.0034908024614428435,4.409930199456014e-06,-0.014038210023137543,0.01540266260394274,2,-0.0034863925312433874,-0.01540266260394274
T348,24001,1.0,1.0,0.0,0.0009665669796852239,0.0,0.0,1,0.010777514022416834,0.0027239414690330976
T349,24001,1.0,1.0,0.0,0.0024213929743654994,0.0,0.0,1,0.025100300720812263,0.004025892209225002
T35,24001,0.9,1.0,1.7750701586272122e-05,9.065701608856891e-06,0.0018633223008152067,0.0,2,0.0023686528462293355,0.02016407916255558
T350,24001,0.0,1.0,0.020995620919391778,0.0020995620919392888,0.002831428388292423,0.0,11,-0.020995620919391778,0.002831428388292423
T351,24001,1.0,1.0,0.0,0.0006868191275880564,0.0,0.0,1,0.007476175784415506,0.008080503275283646
T352,24001,0.2,1.0,0.0018176579859989772,6.223178556397091e-05,0.020620348358672214,0.0,9,-0.0015656517607027798,0.026478895646090628
T353,24001,1.0,1.0,0.0,0.0017795004991272845,0.0,0.0,1,0.018860180862847076,0.006779759840153332
T354,24001,1.0,1.0,0.0,0.0023054099862855892,0.0,0.0,1,0.028547633825186547,0.006772203665759369
T355,24001,1.0,1.0,0.0,0.011493745623311069,0.0,0.0,1,0.12114421550636134,0.023510977762032592
T356,24001,1.0,0.0,0.0,0.00023586382844176246,0.0,0.003114427765061878,11,0.0036358043511839355,-0.003114427765061878
T357,24001,1.0,1.0,0.0,2.1943929240431093e-05,0.0,0.0,1,0.0016629108363558354,0.008694507399866103
T358,24001,1.0,0.0,0.0,0.002060169196727968,0.0,0.006794067153745198,11,0.021782686203072,-0.006794067153745198
T359,24001,1.0,1.0,0.0,0.0014611376499275575,0.0,0.0,1,0.015533824155627651,0.0017116616243930682
T36,24001,0.0,0.0,0.003816139754469705,0.0002038839326227171,-0.006145538296313813,0.006145538296313813,1,-0.003816139754469705,-0.006145538296313813
T360,24001,1.0,0.4,0.0,0.005274001521616056,0.0,0.0005166263038852703,9,0.05674349729621608,0.00027702591145084554
T361,24001,1.0,1.0,0.0,0.00793765202758645,0.0,0.0,1,0.08251484752708105,0.031101564906222956
T362,24001,1.0,1.0,0.0,0.003393943702057034,0.0,0.0,1,0.034661156261184045,0.012258051613926124
T363,24001,1.0,0.0,0.0,0.0011323324065092288,0.0,0.00438242656838278,11,0.01443849448262946,-0.00438242656838278
T364,24001,0.0,1.0,0.03361147116579488,0.0028666614457781847,0.03373638426608244,0.0,11,-0.03361147116579488,0.03373638426608244
T365,24001,1.0,1.0,0.0,0.00016921300376970816,0.0,0.0,1,0.002018306755592114,0.010843125342702709
T366,24001,1.0,1.0,0.0,0.0004531138238902388,0.0,0.0,1,0.004763399624515552,0.01755686545183699
T367,24001,1.0,1.0,0.0,0.0013056822422738423,0.0,0.0,1,0.013330228923426501,0.021968875645421604
T368,24001,1.0,1.0,0.0,0.0027935763967359417,0.0,0.0,1,0.03294116005154957,0.02102545527650279
T369,24001,0.0,1.0,0.015551610459652698,0.0013061788134113295,0.07533232674624635,0.0,11,-0.015551610459652698,0.07533232674624635
T37,24001,1.0,1.0,0.0,0.000323924791118424,0.0,0.0,1,0.004615041271132547,0.015292085866234484
T370,24001,1.0,1.0,0.0,0.00032006034182952003,0.0,0.0,1,0.004066079420101065,0.021709542088779954
T371,24001,1.0,1.0,0.0,0.002661285018912718,0.0,0.0,1,0.02710600526539242,0.019211715279127017
T372,24001,1.0,1.0,0.0,0.00220379387473868,0.0,0.0,1,0.02206496410453407,0.04629035654812019
T373,24001,1.0,0.0,0.0,0.0010743931725691325,0.0,0.005210637578706656,11,0.011150813943677562,-0.005210637578706656
T374,24001,1.0,1.0,0.0,0.0003016305985129586,0.0,0.0,1,0.004272760987587554,0.005260700954369479
T375,24001,1.0,0.0,0.0,0.001125810432126062,0.0,0.0013931397055462202,11,0.01238574519645852,-0.0013931397055462202
T376,24001,1.0,1.0,0.0,0.00012475177670706605,0.0,0.0,1,0.0024086804622743263,0.003774395223533178
T377,24001,0.0,1.0,0.013042279595879003,0.001251476990031808,0.028134612512227486,0.0,11,-0.013042279595879003,0.028134612512227486
T378,24001,0.0,0.9,0.0162387940871207,0.0013279575270296329,0.001112118657615624,0.00016231647614561862,11,-0.0162387940871207,0.001112118657615624
T379,24001,1.0,1.0,0.0,0.0006968160431486264,0.0,0.0,1,0.0071987954510471935,0.014396464472224452
T38,24001,1.0,0.0,0.0,0.0004241032141134582,0.0,0.0008860710049235498,11,0.0057234149780595045,-0.0008860710049235498
T380,24001,0.9,0.8,0.0002805280250370856,0.0002805280250370856,-4.826382356448722e-05,8.679203732187002e-05,4,0.004219950914721826,0.0008974449318991384
T381,24001,1.0,1.0,0.0,0.00602681036986219,0.0,0.0,1,0.06370758093981865,0.01707839567233338
T382,24001,1.0,1.0,0.0,0.0005942002495216148,0.0,0.0,1,0.00755763251522279,0.004463235394528531
T383,24001,1.0,1.0,0.0,0.0075165114218553875,0.0,0.0,1,0.07772793949983603,0.02274115779292818
T384,24001,1.0,1.0,0.0,0.002999522713319158,0.0,0.0,1,0.03168257934463237,0.020405881824443917
T385,24001,1.0,1.0,0.0,0.0013402871679997208,0.0,0.0,1,0.015107937795972415,0.009599666604630963
T386,24001,0.0,1.0,0.020340513891313527,0.001796334968532598,0.013793435867292425,0.0,11,-0.020340513891313527,0.013793435867292425
T387,24001,0.0,1.0,0.028315535702292505,0.0026255599671525243,0.0041883084368270485,0.0,11,-0.028315535702292505,0.0041883084368270485
T388,24001,1.0,1.0,0.0,0.0027508516522690707,0.0,0.0,1,0.028699922079190365,0.008970001275563577
T389,24001,0.0,1.0,0.025765310977016842,0.0016519178897933529,0.01307582881307745,0.0,11,-0.025765310977016842,0.01307582881307745
T39,24001,0.0,0.0,0.0007485708413997871,5.171854498420281e-05,-0.0058759900394578235,0.0058759900394578235,1,-0.0007485708413997871,-0.0058759900394578235
T390,24001,1.0,1.0,0.0,0.00042829137386324323,0.0,0.0,1,0.008474577698308838,0.014877373443482445
T391,24001,0.4,1.0,0.001625648096122645,1.0362275377873154e-05,0.00406229372800837,0.0,7,-0.0015841989946109303,0.007268274947979325
T392,24001,1.0,1.0,0.0,9.836310945943172e-05,0.0,0.0,1,0.004443661681455824,0.011122196405346063
T393,24001,1.0,0.0,0.0,0.002903408921616113,0.0,0.005115171728145018,11,0.030551206599687464,-0.005115171728145018
T394,24001,1.0,1.0,0.0,0.001286101832005837,0.0,0.0,1,0.015748757484393416,0.009449702947792682
T395,24001,1.0,0.0,0.0,0.0027152140688943005,0.0,0.005494266142038184,11,0.02913339166501816,-0.005494266142038184
T396,24001,1.0,0.2,0.0,0.00014907194082902642,0.0,0.0010874749603424494,11,0.003514408785889156,-0.0009805767756536632
T397,24001,0.0,0.0,0.0005214927100082312,4.371521591933769e-05,-0.004314792947364365,0.004314792947364365,1,-0.0005214927100082312,-0.004314792947364365
T398,24001,0.0,1.0,0.006866995693740163,0.0005459581160113247,0.0033443389923999978,0.0,11,-0.006866995693740163,0.0033443389923999978
T399,24001,0.0,1.0,0.015135378485307771,0.0005174966689802663,0.02098052458766131,0.0,11,-0.015135378485307771,0.02098052458766131
T4,24001,1.0,1.0,0.0,0.004027364702932856,0.0,0.0,1,0.0427701920228889,0.009196830729965133
T40,24001,0.0,1.0,0.022030018329125545,0.0019389114960953746,0.05013305138383162,0.0,11,-0.022030018329125545,0.05013305138383162
T400,24001,1.0,0.0,0.0,0.0015243896608727603,0.0,0.014638726818015702,11,0.016945645107863838,-0.014638726818015702
T401,24001,1.0,1.0,0.0,0.0006241188763905781,0.0,0.0,1,0.006341352516504251,0.02851177741319666
T402,24001,1.0,1.0,0.0,0.002688518281105834,0.0,0.0,1,0.027095341743254897,0.0020791647664207824
T403,24001,1.0,1.0,0.0,0.00011387825231379267,0.0,0.0,1,0.0014285028244626075,0.04861986358419412
T404,24001,1.0,1.0,0.0,0.004919292852837209,0.0,0.0,1,0.06743498163622441,0.0435481066119392
T405,24001,1.0,1.0,0.0,0.005120395594282345,0.0,0.0,1,0.05356265116869319,0.008241575925087008
T406,24001,0.0,1.0,0.057472681828976135,0.005527716392351056,0.02110717817598795,0.0,11,-0.057472681828976135,0.02110717817598795
T407,24001,1.0,1.0,0.0,0.00042181717964479004,0.0,0.0,1,0.007591420660307546,0.002324986628907011
T408,24001,1.0,1.0,0.0,0.00283971053872345,0.0,0.0,1,0.028415198275382192,0.09707298789623897
T409,24001,1.0,1.0,0.0,0.0012844912400771236,0.0,0.0,1,0.013355710530333131,0.010902483390642537
T41,24001,1.0,1.0,0.0,0.0003748845069666551,0.0,0.0,1,0.004710490958167446,0.005853726027659212
T410,24001,0.0,0.0,0.0031427512374314626,0.00020911215455376997,-0.0025754017526584683,0.0025754017526584683,1,-0.0031427512374314626,-0.0025754017526584683
T411,24001,1.0,0.0,0.0,0.0013432881081881232,0.0,0.000986868825792575,11,0.013488789202373508,-0.000986868825792575
T412,24001,1.0,1.0,0.0,0.0005651081698139215,0.0,0.0,1,0.006469070647485031,0.012252784404354733
T413,24001,0.0,1.0,0.003534522764780057,0.0003534522764779835,0.005339229598190942,0.0,11,-0.003534522764780057,0.005339229598190942
T414,24001,1.0,0.0,0.0,0.0008311114738080994,0.0,0.0011673366101178084,11,0.008428174311858938,-0.0011673366101178084
T415,24001,1.0,1.0,0.0,0.006596731988637083,0.0,0.0,1,0.06819334586588677,0.0025254513356776087
T416,24001,0.0,1.0,0.006959181477538934,0.00036511818658668815,0.011304066731221085,0.0,11,-0.006959181477538934,0.011304066731221085
T417,24001,1.0,1.0,0.0,0.003082014536377242,0.0,0.0,1,0.03185719580532631,0.003785490610106801
T418,24001,1.0,0.2,0.0,0.0009107929017307947,0.0,0.0016254178733524638,11,0.011737219381328212,-0.0013288245281113387
T419,24001,1.0,1.0,0.0,0.0007391426872398466,0.0,0.0,1,0.008434721940300483,0.001931985695381
T42,24001,0.0,1.0,0.019628322420133293,0.0018935477692740288,0.020774370952893917,0.0,11,-0.019628322420133293,0.020774370952893917
T420,24001,1.0,1.0,0.0,0.0006416356445673177,0.0,0.0,1,0.008722081485033062,0.006513325880406928
T421,24001,0.0,1.0,0.004090414663752262,0.0002182534507406686,0.0053379144771582565,0.0,11,-0.004090414663752262,0.0053379144771582565
T422,24001,1.0,1.0,0.0,0.0016492378897879911,0.0,0.0,1,0.018290218768098,0.015096594371965644
T423,24001,1.0,0.0,0.0,0.00018946490281790407,0.0,0.016056060376499648,11,0.0019807842717065594,-0.016056060376499648
T424,24001,1.0,1.0,0.0,0.0004164225386363851,0.0,0.0,1,0.0044463744853947,0.002687326474212326
T425,24001,1.0,0.0,0.0,0.00014735501791030003,0.0,0.04629191358151297,11,0.001960787288061039,-0.04629191358151297
T426,24001,1.0,1.0,0.0,0.0004112000001640359,0.0,0.0,1,0.005420115318584162,0.02346338625461386
T427,24001,1.0,1.0,0.0,0.005953163660902927,0.0,0.0,1,0.05993038563518893,0.015917037692025238
T428,24001,0.0,1.0,0.013843502262072871,0.0012852601822582743,0.020726151944318594,0.0,11,-0.013843502262072871,0.020726151944318594
T429,24001,1.0,1.0,0.0,0.0009493887489603892,0.0,0.0,1,0.01142724870179851,0.01202622179703261
T43,24001,1.0,0.0,0.0,0.00027744309545268964,0.0,0.0026539991301600674,11,0.003930127019020846,-0.0026539991301600674
T430,24001,1.0,1.0,0.0,0.0006548362866101165,0.0,0.0,1,0.007711164248048519,0.009938610544116266
T431,24001,1.0,1.0,0.0,0.0007114345549408263,0.0,0.0,1,0.007182026031609112,0.006827614374906754
T432,24001,1.0,1.0,0.0,0.0014407754822466368,0.0,0.0,1,0.015587811656522566,0.006316982637131652
T433,24001,1.0,1.0,0.0,0.000594361809782229,0.0,0.0,1,0.007637363370326611,0.006951682454414687
T434,24001,1.0,1.0,0.0,0.002966299921882465,0.0,0.0,1,0.03136771853841669,0.006746689920887006
T435,24001,1.0,0.0,0.0,1.3720643456172077e-05,0.0,0.009920468998436016,11,0.0010066098516930966,-0.009920468998436016
T436,24001,0.0,1.0,0.002497315105466469,0.00023280760032684533,0.01467991939782387,0.0,11,-0.002497315105466469,0.01467991939782387
T437,24001,0.2,1.0,0.0037098984994420325,4.340282528469963e-05,0.0011487428039197445,0.0,9,-0.003594700006718521,0.0014801493145044087
T438,24001,1.0,0.2,0.0,0.00042354170636693667,0.0,0.0027277711811031224,11,0.0066628514247145665,-0.002571228867506381
T439,24001,1.0,1.0,0.0,0.0008006664966941912,0.0,0.0,1,0.0083764291986822,0.012703756005868372
T44,24001,0.0,1.0,0.0065108311289072685,0.0005576879580730942,0.0015980524511448602,0.0,11,-0.0065108311289072685,0.0015980524511448602
T440,24001,1.0,1.0,0.0,0.001017739236991444,0.0,0.0,1,0.011942235074788421,0.0036251548255791244
T441,24001,1.0,1.0,0.0,0.004998898706397248,0.0,0.0,1,0.05169702890127281,0.011592604196405842
T442,24001,1.0,1.0,0.0,0.0002517168241579215,0.0,0.0,1,0.00419285088892285,0.0016856975847062694
T443,24001,0.0,1.0,0.01076534354806613,0.0008661626759469687,0.030781654992440677,0.0,11,-0.01076534354806613,0.030781654992440677
T444,24001,0.0,0.0,0.006858945706418096,0.0003196257936768365,-0.00434933751940858,0.00434933751940858,1,-0.006858945706418096,-0.00434933751940858
T445,24001,0.6,1.0,2.562125891353295e-05,6.405314728397116e-06,0.005412957606227398,0.0,5,0.001065454716463965,0.013891731442597255
T446,24001,0.0,1.0,0.005198627105123976,0.0004666972224353083,0.012107672544898862,0.0,11,-0.005198627105123976,0.012107672544898862
T447,24001,1.0,1.0,0.0,0.0008528320561609348,0.0,0.0,1,0.008528320561608904,0.0025499712600503543
T448,24001,1.0,1.0,0.0,0.0012980410295833078,0.0,0.0,1,0.013416255374014807,0.017871518505724993
T449,24001,1.0,1.0,0.0,0.0003618911416748416,0.0,0.0,1,0.004544614575779704,0.007199039912356597
T45,24001,1.0,0.0,0.0,0.0009829660694231634,0.0,0.010416993485949266,11,0.012019911043830933,-0.010416993485949266
T450,24001,1.0,0.0,0.0,0.0015029521553751035,0.0,0.007986045975368783,11,0.015387376741666459,-0.007986045975368783
T451,24001,1.0,1.0,0.0,0.001508597448177329,0.0,0.0,1,0.017936846255728778,0.0021531433011239276
T452,24001,1.0,1.0,0.0,0.0005020140863044587,0.0,0.0,1,0.006451606958069789,0.00399917855784071
T453,24001,1.0,1.0,0.0,0.002282411126909911,0.0,0.0,1,0.023428718763478462,0.005633752579940254
T454,24001,1.0,1.0,0.0,0.0016308944639169543,0.0,0.0,1,0.016732968308304508,0.009890790163557872
T455,24001,1.0,1.0,0.0,0.0025499896383350817,0.0,0.0,1,0.02695284829334188,0.015780500430872535
T456,24001,0.0,0.9,0.004178766198814188,0.0002734044837031657,0.0009994177254711856,6.164028698296686e-06,11,-0.004178766198814188,0.0009994177254711856
T457,24001,1.0,1.0,0.0,0.002228109827636826,0.0,0.0,1,0.022771310174373893,0.009047498252619468
T458,24001,1.0,0.7,0.0,0.0034166081590803477,0.0,0.00043252292502138356,7,0.03436436033040602,0.0015800527547787935
T459,24001,1.0,0.0,0.0,0.000322198336112578,0.0,0.001998738158965452,11,0.004701598968897658,-0.001998738158965452
T46,24001,0.0,0.0,0.00916191128776156,0.0007082509771945134,-0.0031527131935409347,0.0031527131935409347,1,-0.00916191128776156,-0.0031527131935409347
T460,24001,1.0,1.0,0.0,0.0018600858884281757,0.0,0.0,1,0.019624807698819857,0.013980517495427003
T461,24001,1.0,1.0,0.0,0.0010188702730227206,0.0,0.0,1,0.01188663270238871,0.013703661811180323
T462,24001,1.0,0.0,0.0,0.0033555028864111214,0.0,0.00272110057550512,11,0.033969079220501575,-0.00272110057550512
T463,24001,1.0,1.0,0.0,0.0004074897121642551,0.0,0.0,1,0.00478993218885948,0.005414554904721647
T464,24001,1.0,1.0,0.0,0.0017255605021643805,0.0,0.0,1,0.018467797417815013,0.0111153513663578
T465,24001,1.0,1.0,0.0,0.0005985293657416735,0.0,0.0,1,0.006539370734764599,0.012342571276876602
T466,24001,1.0,1.0,0.0,0.0008567665160960636,0.0,0.0,1,0.009255181291535325,0.020087382974531498
T467,24001,1.0,1.0,0.0,0.0009960171941630347,0.0,0.0,1,0.010995311990254442,0.015717088691070552
T468,24001,1.0,1.0,0.0,0.0010866813513818185,0.0,0.0,1,0.01184246674529113,0.043826282848155484
T469,24001,1.0,1.0,0.0,0.0012345609830287096,0.0,0.0,1,0.013022488979496094,0.01759327577522954
T47,24001,1.0,1.0,0.0,0.0023486258940117466,0.0,0.0,1,0.0238336673575833,0.0036123078414210252
T470,24001,0.0,1.0,0.00581630682112777,0.0004133351327766377,0.00025306121164525575,0.0,11,-0.00581630682112777,0.00025306121164525575
T471,24001,0.0,1.0,0.0018845980391123396,0.00010638432835397005,0.017851409839010735,0.0,11,-0.0018845980391123396,0.017851409839010735
T472,24001,0.0,0.9,0.001918346381677316,7.776269324766272e-05,0.002194792463834472,3.739590158347017e-05,11,-0.001918346381677316,0.002194792463834472
T473,24001,1.0,1.0,0.0,0.0005732504000582894,0.0,0.0,1,0.007296632964182481,0.010481198845510575
T474,24001,0.0,0.0,0.015706055624375548,0.0012399462827539232,-0.0009086861233174037,0.0009086861233174037,1,-0.015706055624375548,-0.0009086861233174037
T475,24001,1.0,1.0,0.0,0.0006265376291755276,0.0,0.0,1,0.007547945441523707,0.004216537158588052
T476,24001,0.0,1.0,0.0028356865906340456,0.00021655430654554664,0.002346507955115762,0.0,11,-0.0028356865906340456,0.002346507955115762
T477,24001,0.0,0.0,0.002398798613389763,0.00016985905115479705,-0.0023105896262911596,0.0023105896262911596,1,-0.002398798613389763,-0.0023105896262911596
T478,24001,1.0,1.0,0.0,0.0004581749149981107,0.0,0.0,1,0.004863374769730422,0.003935747300116699
T479,24001,1.0,0.0,0.0,0.001107602752328407,0.0,0.0026634346335124848,11,0.011703964438569914,-0.0026634346335124848
T48,24001,0.8,1.0,1.6628227733184175e-05,8.314113866814132e-06,5.3249248388342885e-05,0.0,3,0.001211717188771222,0.001900424078948415
T480,24001,1.0,0.7,0.0,0.0016664186302123296,0.0,0.00012891321402042077,10,0.01690529830324705,8.758847923173718e-06
T481,24001,1.0,0.8,0.0,0.0009632528344578617,0.0,5.0309614924359813e-05,4,0.00968128394466966,0.0012213620693378724
T482,24001,1.0,0.0,0.0,0.0010008752516873498,0.0,0.00978168312983152,11,0.010474555858154377,-0.00978168312983152
T483,24001,0.0,0.0,0.007354611891317919,0.0006302987832454976,-0.003010568623611931,0.003010568623611931,1,-0.007354611891317919,-0.003010568623611931
T484,24001,0.0,0.0,0.0003575625715486197,1.1635949312416294e-05,-0.013177156390676181,0.013177156390676181,1,-0.0003575625715486197,-0.013177156390676181
T485,24001,1.0,1.0,0.0,0.0004943354828615965,0.0,0.0,1,0.005331377141594262,0.004557749198314975
T486,24001,1.0,1.0,0.0,0.0014803486895959561,0.0,0.0,1,0.01707160694349935,0.008232258582488217
T487,24001,1.0,1.0,0.0,0.000175880299497444,0.0,0.0,1,0.0026453531610270975,0.0038694023668656152
T488,24001,1.0,0.6,0.0,0.001445494764049593,0.0,0.0004692782379338567,11,0.015336103872064522,-3.5597831141154224e-05
T489,24001,0.0,0.0,0.011756293359803105,0.0007168197907881924,-0.011985977381455348,0.011985977381455348,1,-0.011756293359803105,-0.011985977381455348
T49,24001,1.0,1.0,0.0,0.0010874142660439734,0.0,0.0,1,0.011782061085568674,0.002175901804936098
T490,24001,0.9,1.0,0.000250408209143016,3.2116127906545167e-05,0.0012387887755551663,0.0,2,0.0013700786198329595,0.012906381751605633
T491,24001,0.0,1.0,0.015621832970988403,0.001440403039587257,0.019446147837157257,0.0,11,-0.015621832970988403,0.019446147837157257
T492,24001,0.0,1.0,6.132995362673199e-06,6.132995360452753e-07,0.0008362671458288506,0.0,11,-6.132995362673199e-06,0.0008362671458288506
T493,24001,1.0,1.0,0.0,0.0007663800747541583,0.0,0.0,1,0.00876890527946439,0.006816897389945731
T494,24001,0.0,0.0,0.005037484156131811,0.0004058162208409044,-0.004741615931490251,0.004741615931490251,1,-0.005037484156131811,-0.004741615931490251
T495,24001,1.0,1.0,0.0,0.0015804338310227428,0.0,0.0,1,0.016454717474207514,0.014741686678802268
T496,24001,0.0,1.0,0.0006902951532867796,7.244951908180752e-06,0.0012278100430359595,0.0,11,-0.0006902951532867796,0.0012278100430359595
T497,24001,0.2,0.0,0.0006144871500551319,1.5448112458793517e-05,-0.027964173553219007,0.03455870594460331,3,-0.0005489201877546535,-0.03455870594460331
T498,24001,0.3,1.0,0.00153964614015778,8.795098242919686e-06,0.005748593836985227,0.0,8,-0.0015132608454287988,0.008689179048638529
T499,24001,0.0,1.0,0.029966634740864695,0.0020661841567534145,0.020438873748898967,0.0,11,-0.029966634740864695,0.020438873748898967
T5,24001,1.0,1.0,0.0,0.00015056545093644624,0.0,0.0,1,0.00326767822798002,0.00602833849631168
T50,24001,0.0,1.0,0.017515865531706032,0.0017515865531705366,0.019815701588817625,0.0,11,-0.017515865531706032,0.019815701588817625
T500,24001,1.0,1.0,0.0,0.006550481403143071,0.0,0.0,1,0.06912520295636115,0.005035030212285796
T501,24001,1.0,1.0,0.0,0.006556179649152449,0.0,0.0,1,0.06614309487515346,0.014625507751133915
T502,24001,1.0,0.0,0.0,0.0010601211901840046,0.0,0.02051247539830192,11,0.011497938210863534,-0.02051247539830192
T503,24001,1.0,0.0,0.0,0.0018910793459839814,0.0,0.015652928679109834,11,0.028788935390897497,-0.015652928679109834
T504,24001,0.0,1.0,0.02214844827187501,0.001718898135296687,0.015477039948388338,0.0,11,-0.02214844827187501,0.015477039948388338
T505,24001,1.0,0.1,0.0,0.0016295830996915783,0.0,0.0011572289017793835,11,0.017043199354818406,-0.0011554737455612418
T506,24001,0.0,1.0,0.022855350043046174,0.0017847384770832697,0.06078459150908477,0.0,11,-0.022855350043046174,0.06078459150908477
T507,24001,0.4,1.0,0.0009630850745186992,2.576170939255773e-05,0.004002472102138721,0.0,7,-0.0005856839271931591,0.00712667458680144
T508,24001,1.0,0.0,0.0,0.0009117452786168156,0.0,0.0036846105828708398,11,0.010755176781654496,-0.0036846105828708398
T509,24001,1.0,0.0,0.0,0.001421747556218822,0.0,0.03211952544929808,11,0.015735008404352824,-0.03211952544929808
T51,24001,0.0,1.0,0.06008148764123311,0.0056289131858465735,0.008108023864945024,0.0,11,-0.06008148764123311,0.008108023864945024
T510,24001,1.0,1.0,0.0,0.0008583867068951978,0.0,0.0,1,0.008993889697310908,0.009861038753304019
T511,24001,1.0,1.0,0.0,0.0010060457031603742,0.0,0.0,1,0.010601225401930814,0.0038276461837050135
T512,24001,1.0,1.0,0.0,1.926565363574717e-06,0.0,0.0,1,0.0007536448231106885,0.011884763986485747
T513,24001,0.0,1.0,0.009114843608158174,0.0009114843608157841,0.011850389899948688,0.0,11,-0.009114843608158174,0.011850389899948688
T514,24001,0.0,1.0,0.008044857009231077,0.0006315818069805301,0.0030860638804285356,0.0,11,-0.008044857009231077,0.0030860638804285356
T515,24001,0.0,0.0,0.003435442988806159,0.00022241765528807633,-0.004808337323237322,0.004808337323237322,1,-0.003435442988806159,-0.004808337323237322
T516,24001,0.0,0.0,0.0025574686393785573,0.0001928784876574774,-0.008314652452573124,0.008314652452573124,1,-0.0025574686393785573,-0.008314652452573124
T517,24001,1.0,0.3,0.0,0.0006056914735345087,0.0,0.001010313220626724,11,0.006696629190905523,-0.0009192457977906798
T518,24001,1.0,1.0,0.0,0.0008455309930156529,0.0,0.0,1,0.008845731801163215,0.002670630646271599
T519,24001,1.0,1.0,0.0,0.0012267260691177784,0.0,0.0,1,0.013744128701420333,0.006731469988186911
T52,24001,0.0,1.0,0.024131159297864357,0.0017512947993216788,0.01714756268667661,0.0,11,-0.024131159297864357,0.01714756268667661
T520,24001,0.0,0.0,0.017212091108577576,0.0015752313987369426,-0.010411184694897546,0.010411184694897546,1,-0.017212091108577576,-0.010411184694897546
T521,24001,1.0,0.0,0.0,0.0014744606716915465,0.0,0.013790269198677874,11,0.015069832539030603,-0.013790269198677874
T522,24001,0.0,1.0,0.012344421096664226,0.0009350945020141221,0.0055241714147561405,0.0,11,-0.012344421096664226,0.0055241714147561405
T523,24001,0.0,1.0,0.0032878681348413874,4.489718921718566e-05,0.0201078666062382,0.0,11,-0.0032878681348413874,0.0201078666062382
T524,24001,1.0,0.0,0.0,1.1009950055818063e-05,0.0,0.006703674772256862,11,0.001682574279089799,-0.006703674772256862
T525,24001,0.6,1.0,0.0001141527873405046,6.7042823817808905e-06,0.0011188396424671593,0.0,5,0.00015712432054060255,0.002937728794530317
T526,24001,1.0,1.0,0.0,5.2941309890031096e-05,0.0,0.0,1,0.0012698007278165724,0.004241286404391864
T527,24001,1.0,1.0,0.0,0.0019030299208478985,0.0,0.0,1,0.019848403297166195,0.02865452899119658
T528,24001,1.0,1.0,0.0,0.0008947210188757215,0.0,0.0,1,0.01053700714312139,0.003747350207553901
T529,24001,0.5,1.0,0.0006882128670389065,2.597984410923626e-05,0.004089571198411135,0.0,6,0.0007620466089766076,0.008318738954905314
T53,24001,1.0,1.0,0.0,0.0020723861056407555,0.0,0.0,1,0.02136136402072475,0.014817738540050973
T530,24001,0.7,1.0,0.0004523639575519933,4.3599615920930646e-05,0.0028190637655309825,0.0,4,0.0008402014845175776,0.010042058307620838
T531,24001,1.0,1.0,0.0,0.0006134372170382707,0.0,0.0,1,0.011679461345083741,0.009748546958478488
T532,24001,0.0,0.4,0.006122448559309213,0.00034149112901449286,-6.0693479202900136e-05,0.00021371559710869903,10,-0.006122448559309213,-6.0693479202900136e-05
T533,24001,1.0,1.0,0.0,0.00039674192270644504,0.0,0.0,1,0.004889222588140618,0.022571294684868626
T534,24001,1.0,1.0,0.0,0.0006398869325063838,0.0,0.0,1,0.008064167248270415,0.010492627104599861
T535,24001,1.0,0.0,0.0,0.0008441951127689529,0.0,0.00039868052976704815,11,0.008975299498045541,-0.00039868052976704815
T536,24001,1.0,1.0,0.0,0.0022640975491198256,0.0,0.0,1,0.022956116766336354,0.003116175422354983
T537,24001,1.0,0.0,0.0,0.0014813708287818583,0.0,0.005987626278591396,11,0.016673880309526767,-0.005987626278591396
T538,24001,0.0,1.0,0.007238926583379324,0.00011623682270422986,0.015511225840786846,0.0,11,-0.007238926583379324,0.015511225840786846
T539,24001,0.0,0.7,0.017971088890512243,0.0016395794245733786,0.0021798355028775918,5.053569338142605e-05,11,-0.017971088890512243,0.0021798355028775918
T54,24001,1.0,1.0,0.0,0.002265209799765744,0.0,0.0,1,0.02564281743694008,0.003923359661096137
T540,24001,1.0,1.0,0.0,0.0011986996411382234,0.0,0.0,1,0.01239499143068079,0.01412595314254761
T541,24001,1.0,1.0,0.0,3.2432125611991935e-05,0.0,0.0,1,0.0017087898524450473,0.0074040075344301015
T542,24001,1.0,1.0,0.0,0.002724261504051917,0.0,0.0,1,0.0288242384994577,0.0011901947402963575
T543,24001,0.2,0.0,0.00045224977748792305,3.528968580801539e-06,-0.004316620840057239,0.005154081964884094,3,-0.00040058913924545525,-0.005154081964884094
T544,24001,0.0,1.0,0.05224031737439838,0.004902031673075902,0.07167549272790308,0.0,11,-0.05224031737439838,0.07167549272790308
T545,24001,1.0,0.0,0.0,0.0006303009791135405,0.0,0.008403407315734968,11,0.007849232734630451,-0.008403407315734968
T546,24001,1.0,1.0,0.0,0.0024200635951336924,0.0,0.0,1,0.026010761024916618,0.009225119981468133
T547,24001,1.0,1.0,0.0,0.00018336672937380172,0.0,0.0,1,0.0028869709582527436,0.001622647265109689
T548,24001,1.0,1.0,0.0,0.0005875846495595471,0.0,0.0,1,0.007230557017132155,0.00303087111572542
T549,24001,1.0,1.0,0.0,0.00032052950277106085,0.0,0.0,1,0.0034919086637804075,0.0012362777078563925
T55,24001,0.0,0.3,0.01823697341083841,0.0016436519823854745,-0.00057592492383024,0.0008602101342496393,7,-0.01823697341083841,-0.00057592492383024
T550,24001,0.0,1.0,0.016381230261227175,0.0014024707806479242,0.004464472788545448,0.0,11,-0.016381230261227175,0.004464472788545448
T551,24001,1.0,1.0,0.0,0.0005501839646602225,0.0,0.0,1,0.006095900750971328,0.006051289292473339
T552,24001,0.7,0.0,0.0001390580961485588,2.050009333409708e-05,-0.009225754707107736,0.02999107515274657,8,0.001275345977650777,-0.02999107515274657
T553,24001,1.0,1.0,0.0,0.000586721308671323,0.0,0.0,1,0.005867213086712675,0.0010412331648463335
T554,24001,1.0,1.0,0.0,0.005482247018854025,0.0,0.0,1,0.060710034615360176,0.00619280884057849
T555,24001,1.0,1.0,0.0,0.006355023528809456,0.0,0.0,1,0.06559715896897444,0.004919558635130328
T556,24001,1.0,1.0,0.0,0.001280678511519584,0.0,0.0,1,0.013062739948865976,0.005989703357463627
T557,24001,1.0,0.0,0.0,0.001295183129027322,0.0,0.006699579065578165,11,0.01708131416714309,-0.006699579065578165
T558,24001,1.0,1.0,0.0,0.00020735341062549928,0.0,0.0,1,0.004275593621924978,0.0012575768976885726
T559,24001,0.0,1.0,0.05009490758534196,0.004951443843200232,0.029524145155269688,0.0,11,-0.05009490758534196,0.029524145155269688
T56,24001,1.0,0.0,0.0,0.0011834007543447544,0.0,0.007410559375033765,11,0.012797905441419677,-0.007410559375033765
T560,24001,0.0,1.0,0.010143293763115957,0.0007901047645533232,0.012320507507142309,0.0,11,-0.010143293763115957,0.012320507507142309
T561,24001,1.0,1.0,0.0,0.0013972541535717253,0.0,0.0,1,0.01413621056186104,0.009818553353112547
T562,24001,1.0,1.0,0.0,0.0011993228952656976,0.0,0.0,1,0.012903249186935084,0.04539785907781291
T563,24001,0.0,1.0,0.005791418610911814,0.00031944844631415226,0.035644862563968926,0.0,11,-0.005791418610911814,0.035644862563968926
T564,24001,1.0,1.0,0.0,0.0020586950076607047,0.0,0.0,1,0.02084348864783131,0.03230975622549004
T565,24001,1.0,1.0,0.0,0.0006235770055283973,0.0,0.0,1,0.008219661060911432,0.026755977848405887
T566,24001,1.0,1.0,0.0,0.001541509249220585,0.0,0.0,1,0.01678602831122522,0.015471275447222488
T567,24001,1.0,1.0,0.0,0.0003776684805062436,0.0,0.0,1,0.005019695096489918,0.046389746042798996
T568,24001,1.0,1.0,0.0,0.001889259954211464,0.0,0.0,1,0.01905054601368017,0.007723917137398173
T569,24001,1.0,1.0,0.0,0.0004346860249836437,0.0,0.0,1,0.005779508890699558,0.019490439420482675
T57,24001,0.0,1.0,0.022661732866979367,0.002037482505726884,0.02639568161073258,0.0,11,-0.022661732866979367,0.02639568161073258
T570,24001,1.0,1.0,0.0,0.001568136719552804,0.0,0.0,1,0.01705952591630122,0.010758186435879225
T571,24001,0.3,1.0,0.0012825146589007241,9.723338998957054e-06,0.01504624297428725,0.0,8,-0.0011969822321951096,0.02217513638902857
T572,24001,0.0,0.1,0.011115952945540797,0.0008062786765034025,-0.0018636812098052902,0.0019049219712933274,3,-0.011115952945540797,-0.0018636812098052902
T573,24001,0.0,1.0,0.0061317955481582365,0.00032842873789684646,0.05973969448340194,0.0,11,-0.0061317955481582365,0.05973969448340194
T574,24001,1.0,1.0,0.0,0.0013239288577759911,0.0,0.0,1,0.013942060255029864,0.00917900119878201
T575,24001,1.0,1.0,0.0,0.0009329294547539835,0.0,0.0,1,0.016200733851352844,0.007132653033930514
T576,24001,1.0,1.0,0.0,0.002389109851106186,0.0,0.0,1,0.02586445836287682,0.01289591237240445
T577,24001,1.0,1.0,0.0,0.0010924177871868834,0.0,0.0,1,0.011985747885948306,0.0020186696379160263
T578,24001,1.0,1.0,0.0,0.0013059143351881186,0.0,0.0,1,0.016153682710084216,0.004132767643195812
T579,24001,1.0,0.9,0.0,0.0003152715795971539,0.0,6.353727223629146e-05,2,0.004843668128852008,0.0017646390702070747
T58,24001,0.0,1.0,0.05837494054359582,0.005205876423082456,0.024698313223703083,0.0,11,-0.05837494054359582,0.024698313223703083
T580,24001,1.0,1.0,0.0,0.004359480501133439,0.0,0.0,1,0.0475294692823105,0.011990763213379774
T581,24001,1.0,0.8,0.0,0.0029970851110627805,0.0,0.00010063501132373531,4,0.03047303058093709,0.0009585788109537363
T582,24001,1.0,1.0,0.0,0.0003000598593145831,0.0,0.0,1,0.0036751120205182897,0.0014634908711730343
T583,24001,0.6,1.0,0.000656293513782602,5.2356768322547875e-05,0.006378498531034227,0.0,5,0.0007160671619754755,0.0179356660289981
T584,24001,1.0,1.0,0.0,0.0007275963218539849,0.0,0.0,1,0.007661407181477509,0.0005760207909890624
T585,24001,0.0,1.0,0.0072335888248594715,0.0006337815435952243,0.001329086184223227,0.0,11,-0.0072335888248594715,0.001329086184223227
T586,24001,1.0,1.0,0.0,0.0006136042787590057,0.0,0.0,1,0.008165640921157014,0.004707204464411863
T587,24001,0.7,1.0,0.00014651687315081485,4.8838957716790254e-05,0.006342025998904599,0.0,4,0.0016131820164884125,0.022626113878617626
T588,24001,0.0,1.0,0.0033448866519607545,0.0002707210172528951,0.006942478909853722,0.0,11,-0.0033448866519607545,0.006942478909853722
T589,24001,1.0,1.0,0.0,0.0004341847544230282,0.0,0.0,1,0.00828128161067132,0.03504132235951629
T59,24001,0.0,1.0,0.02533755664030868,0.002166916535366159,0.02737506938381873,0.0,11,-0.02533755664030868,0.02737506938381873
T590,24001,0.9,1.0,6.383826062578146e-05,9.260207887717975e-06,0.0006159965531165046,0.0,2,0.0012412791960045855,0.006965358183831372
T591,24001,1.0,1.0,0.0,0.0009074746407892187,0.0,0.0,1,0.0107994462411648,0.0009979350762046035
T592,24001,1.0,0.8,0.0,0.003150046224353664,0.0,4.2148973361522124e-05,5,0.03293094253309714,0.0003051001407014531
T593,24001,1.0,1.0,0.0,0.0005026367075969818,0.0,0.0,1,0.0077132603024199775,0.007855460132500047
T594,24001,1.0,1.0,0.0,0.002369925978387588,0.0,0.0,1,0.02483929478659741,0.008322296784913585
T595,24001,1.0,0.0,0.0,0.000444263545884227,0.0,0.001475523836559578,11,0.005950802522766363,-0.001475523836559578
T596,24001,1.0,1.0,0.0,0.0009491760853602704,0.0,0.0,1,0.00996388622144806,0.007275140876320529
T597,24001,1.0,0.1,0.0,0.00033877935398518577,0.0,0.000803389908626162,11,0.0035283772926483215,-0.0007696775690628765
T598,24001,1.0,0.0,0.0,0.0007719095110266805,0.0,0.006518037704052626,11,0.008885104326737558,-0.006518037704052626
T599,24001,1.0,0.0,0.0,0.0011421164375726156,0.0,0.005029759740514894,11,0.011656154221019122,-0.005029759740514894
T6,24001,1.0,1.0,0.0,0.0010632649430027397,0.0,0.0,1,0.010632649430027785,0.005046661665727703
T60,24001,0.0,1.0,0.003648669913544178,0.00035896188834749765,0.019737157767954594,0.0,11,-0.003648669913544178,0.019737157767954594
T600,24001,0.0,1.0,0.0042804525106006075,0.00020752146188363074,0.01500630401369163,0.0,11,-0.0042804525106006075,0.01500630401369163
T601,24001,0.2,0.0,0.0006785137534540686,2.3222476136841586e-05,-0.0008693778983840383,0.0010060444137490743,3,-0.0005986381327145462,-0.0010060444137490743
T602,24001,1.0,0.7,0.0,0.0001602079318093752,0.0,8.250439950274746e-05,9,0.00412203108541942,0.00014410623274496714
T603,24001,1.0,1.0,0.0,0.00013277747672846285,0.0,0.0,1,0.002123403129808188,0.000915734866185347
T604,24001,0.7,1.0,0.0003753086676671069,2.3303656948581164e-05,0.0027367904339797855,0.0,4,-1.780241611459843e-05,0.00932648874144515
T605,24001,0.3,0.1,0.00050221517549498,1.4945072997485376e-05,-0.00041032842924904056,0.0004896099352605932,4,-0.000372985508444168,-0.0004864588455012475
T606,24001,0.0,1.0,0.012797507712875245,0.001170739296569745,0.020376804747828214,0.0,11,-0.012797507712875245,0.020376804747828214
T607,24001,1.0,1.0,0.0,0.001039989555847387,0.0,0.0,1,0.010670948278223735,0.008994760572957394
T608,24001,0.0,1.0,0.01035574162193903,0.0009793527230003152,0.008046471042723047,0.0,11,-0.01035574162193903,0.008046471042723047
T609,24001,1.0,0.0,0.0,0.0027177799574932826,0.0,0.009736424666563215,11,0.030562508362931562,-0.009736424666563215
T61,24001,0.0,0.0,0.01172697648881238,0.0009571663920873164,-0.045008583857668816,0.045008583857668816,1,-0.01172697648881238,-0.045008583857668816
T610,24001,1.0,1.0,0.0,0.00030712396947574216,0.0,0.0,1,0.008160695929667505,0.005694397937700102
T611,24001,1.0,1.0,0.0,0.0016326701437165414,0.0,0.0,1,0.018944824362989665,0.002540033947027731
T612,24001,1.0,1.0,0.0,0.002145675472382591,0.0,0.0,1,0.02341327207860247,0.011273168340475398
T613,24001,0.0,1.0,0.003149984247743376,0.0003149984247744486,0.018404396330825912,0.0,11,-0.003149984247743376,0.018404396330825912
T614,24001,1.0,0.6,0.0,0.0009266072365352596,0.0,1.2893402364155815e-05,5,0.013359834071353383,0.00036130661947680887
T615,24001,0.0,1.0,0.015808955186690232,0.0015054737443312982,0.0010693169369838662,0.0,11,-0.015808955186690232,0.0010693169369838662
T616,24001,0.0,1.0,0.005386698980615057,0.0005092959946894071,0.009385804835069733,0.0,11,-0.005386698980615057,0.009385804835069733
T617,24001,0.0,0.0,0.005650291725452727,0.0004494103377884473,-0.002401020669575149,0.002401020669575149,1,-0.005650291725452727,-0.002401020669575149
T618,24001,1.0,0.0,0.0,0.000283488507834162,0.0,0.00041007377311957915,11,0.0035301254451914343,-0.00041007377311957915
T619,24001,1.0,1.0,0.0,0.000804146215822199,0.0,0.0,1,0.009168091404427925,0.006640743215942435
T62,24001,0.0,0.0,0.018055024380415508,0.001688545755076265,-0.004272815570108501,0.004272815570108501,1,-0.018055024380415508,-0.004272815570108501
T620,24001,1.0,1.0,0.0,0.0027200825954876717,0.0,0.0,1,0.03089524374621766,0.002235241688655909
T621,24001,1.0,1.0,0.0,0.00015247887049293918,0.0,0.0,1,0.0024106736265011863,0.005654431476257604
T622,24001,1.0,1.0,0.0,0.005928925217764225,0.0,0.0,1,0.06494828474005881,0.024410334929130417
T623,24001,0.7,1.0,0.0001296525195978171,1.8781755120711452e-05,0.00031604888610881066,0.0,4,0.0006521032137776772,0.0011839301024599846
T624,24001,1.0,1.0,0.0,0.0005804476245902801,0.0,0.0,1,0.0062228852188609685,0.005479526339301044
T625,24001,0.4,1.0,0.0007425585384682465,3.154194660695553e-05,0.001593295558254798,0.0,7,-0.0005053174852270026,0.002908734824366349
T626,24001,0.0,0.0,0.009289105375846374,0.000879900939768502,-0.0006088239532119621,0.0006088239532119621,1,-0.009289105375846374,-0.0006088239532119621
T627,24001,1.0,1.0,0.0,0.0003528910677827457,0.0,0.0,1,0.004477508755034748,0.0008581163958674143
T628,24001,0.0,1.0,0.013898493728112304,0.0010326195938897276,0.01469069485464991,0.0,11,-0.013898493728112304,0.01469069485464991
T629,24001,0.0,0.0,0.02049052285378017,0.0016409322226536016,-0.002559702882495851,0.002559702882495851,1,-0.02049052285378017,-0.002559702882495851
T63,24001,0.3,0.0,0.0007496106918039036,5.183803354680272e-05,-0.003472590908522144,0.004243725809878529,4,-0.00033740375004098766,-0.004243725809878529
T630,24001,1.0,1.0,0.0,0.0004769455050847582,0.0,0.0,1,0.006360131277686865,0.008323984924479944
T631,24001,1.0,1.0,0.0,0.0005156743614745385,0.0,0.0,1,0.00866305349973584,0.00236030117146091
T632,24001,1.0,0.0,0.0,0.0005427620206016059,0.0,0.0008841207320440247,11,0.005839775735000996,-0.0008841207320440247
T633,24001,1.0,1.0,0.0,0.002294178002379743,0.0,0.0,1,0.02354607522325014,0.0029108443165838382
T634,24001,1.0,0.7,0.0,0.0006562638706155699,0.0,0.0003380863146984492,11,0.006738970498605945,-0.00011205410589953946
T635,24001,0.0,1.0,0.022683087770357657,0.001311940984308091,0.03173548621306277,0.0,11,-0.022683087770357657,0.03173548621306277
T636,24001,1.0,0.0,0.0,0.00018192441909375967,0.0,0.0046319067987450335,11,0.004499751801772978,-0.0046319067987450335
T637,24001,1.0,1.0,0.0,0.001049460126199775,0.0,0.0,1,0.010772460333016043,0.0028904440947452037
T638,24001,0.0,1.0,0.017200328193008818,0.0012419374807679517,0.010932058181490123,0.0,11,-0.017200328193008818,0.010932058181490123
T639,24001,0.0,1.0,0.006325541391363376,0.000613977910184138,0.042858999445969215,0.0,11,-0.006325541391363376,0.042858999445969215
T64,24001,0.0,1.0,0.006657834737375579,0.0005359764322616645,0.022573380663616027,0.0,11,-0.006657834737375579,0.022573380663616027
T640,24001,1.0,1.0,0.0,0.0003683950651416912,0.0,0.0,1,0.004422957024816154,0.022161254625120197
T641,24001,0.0,1.0,0.0017186733318608205,0.00013323854781960298,0.0029418474057336663,0.0,11,-0.0017186733318608205,0.0029418474057336663
T642,24001,1.0,1.0,0.0,0.0019380038691061419,0.0,0.0,1,0.019380038691061086,0.008027523349088517
T643,24001,0.0,1.0,0.004317129788421303,0.00024664168388394136,0.003890629925880462,0.0,11,-0.004317129788421303,0.003890629925880462
T644,24001,1.0,1.0,0.0,0.001678266860007882,0.0,0.0,1,0.020193248458781038,0.006741052422803484
T645,24001,1.0,0.0,0.0,0.0006778039626715582,0.0,0.002405082000334402,11,0.007019860421008994,-0.002405082000334402
T646,24001,0.0,0.0,0.01718703116949713,0.0015155176800898118,-0.007673669115021542,0.007673669115021542,1,-0.01718703116949713,-0.007673669115021542
T647,24001,1.0,0.0,0.0,0.0041379375527358375,0.0,0.000855034577791125,11,0.04269119436402913,-0.000855034577791125
T648,24001,1.0,0.0,0.0,4.373343565905463e-05,0.0,0.01092445493112948,11,0.0016811542495284715,-0.01092445493112948
T649,24001,0.0,0.0,0.025218293806933967,0.0024190429173956973,-0.015581049783235934,0.015581049783235934,1,-0.025218293806933967,-0.015581049783235934
T65,24001,1.0,0.0,0.0,0.0018757796365300727,0.0,0.022213868874958242,11,0.02072679721466497,-0.022213868874958242
T650,24001,0.0,0.0,0.007599560294631713,0.00041595303901298397,-0.0034883575257029786,0.0034883575257029786,1,-0.007599560294631713,-0.0034883575257029786
T651,24001,0.0,1.0,0.06065970504197882,0.005696301595066622,0.004155434497769006,0.0,11,-0.06065970504197882,0.004155434497769006
T652,24001,1.0,0.0,0.0,0.003269424276330535,0.0,0.00950200644386845,11,0.035083968188804604,-0.00950200644386845
T653,24001,1.0,0.0,0.0,0.0012634940270381811,0.0,0.0017610084823915795,11,0.01287760523371062,-0.0017610084823915795
T654,24001,1.0,0.0,0.0,0.00016001646595975583,0.0,0.0006111798049105444,11,0.002441438404730656,-0.0006111798049105444
T655,24001,1.0,1.0,0.0,0.0003404480458286674,0.0,0.0,1,0.003460064570525112,5.6746376740579585e-05
T656,24001,1.0,1.0,0.0,0.013334258624109252,0.0,0.0,1,0.16110911281332368,0.0359291378573616
T657,24001,1.0,0.0,0.0,0.0017446750308999226,0.0,0.0033762636838303717,11,0.01795689318206284,-0.0033762636838303717
T658,24001,1.0,0.0,0.0,5.397399574325057e-05,0.0,0.009661170947911524,11,0.0025282380828319795,-0.009661170947911524
T659,24001,1.0,1.0,0.0,0.0008914026790665108,0.0,0.0,1,0.00914761414067533,0.001047200227267231
T66,24001,1.0,1.0,0.0,0.025980842185951758,0.0,0.0,1,0.285417249558515,0.03683344212546613
T660,24001,1.0,1.0,0.0,0.008325012605262971,0.0,0.0,1,0.08725194042791906,0.011633716679628092
T661,24001,0.0,0.0,0.0029585954123498848,0.00027242351709433343,-0.018530285315195072,0.018530285315195072,1,-0.0029585954123498848,-0.018530285315195072
T662,24001,1.0,1.0,0.0,0.0005856552594295517,0.0,0.0,1,0.005856552594295683,0.0033775141421824584
T663,24001,1.0,1.0,0.0,0.006540943945871902,0.0,0.0,1,0.06766521794453317,0.009251957567258717
T664,24001,0.3,1.0,0.0016953833068910074,1.1413170367680081e-06,0.016433679612343766,0.0,8,-0.0016919593557809254,0.0243106209166698
T665,24001,1.0,1.0,0.0,0.0014710890659401787,0.0,0.0,1,0.01646799370006008,0.0015069681918867817
T666,24001,0.0,0.0,0.0013251868504617903,2.5671268182314577e-05,-0.011287221659244229,0.011287221659244229,1,-0.0013251868504617903,-0.011287221659244229
T667,24001,0.0,1.0,0.0028151450403592904,0.0002343996959366379,0.004218718990826709,0.0,11,-0.0028151450403592904,0.004218718990826709
T668,24001,1.0,1.0,0.0,0.00043246346458877816,0.0,0.0,1,0.004892310777949882,0.01157678787450317
T669,24001,1.0,0.0,0.0,0.0013888063576654175,0.0,0.0191240123926415,11,0.01480641677076594,-0.0191240123926415
T67,24001,0.0,1.0,0.008435487431422972,0.00062350443997361,0.0030502496300292004,0.0,11,-0.008435487431422972,0.0030502496300292004
T670,24001,1.0,0.0,0.0,0.0004134682071592066,0.0,0.010752468542266969,11,0.004147432545917706,-0.010752468542266969
T671,24001,1.0,0.2,0.0,0.0013601867925976951,0.0,0.0008063194381466854,11,0.014327502643655454,-0.0006804769134555189
T672,24001,0.0,0.0,0.0031409020941595145,0.00018105165127441092,-0.004062621158590463,0.004062621158590463,1,-0.0031409020941595145,-0.004062621158590463
T673,24001,0.0,0.6,0.03243899475382639,0.002461661008915872,0.0010811578510545594,0.00037823694506533556,11,-0.03243899475382639,0.0010811578510545594
T674,24001,1.0,0.0,0.0,0.0013128742622842138,0.0,0.009037270273752174,11,0.013263213311784594,-0.009037270273752174
T675,24001,1.0,0.0,0.0,0.0004987609030253082,0.0,0.0008872502758506262,11,0.005299963177372635,-0.0008872502758506262
T676,24001,1.0,0.0,0.0,0.0016053516805221713,0.0,0.038581406470629576,11,0.016053516805222934,-0.038581406470629576
T677,24001,1.0,1.0,0.0,0.0013613181524101403,0.0,0.0,1,0.014860715275984648,0.005709769039539014
T678,24001,1.0,1.0,0.0,0.0026696933449483207,0.0,0.0,1,0.032141295753113086,0.01062594027107383
T679,24001,1.0,0.0,0.0,0.00042572910034133216,0.0,0.004899234346297021,11,0.004817247175555761,-0.004899234346297021
T68,24001,0.0,0.0,0.012237307937474462,0.0011412065059310805,-0.0037454715098719227,0.0037454715098719227,1,-0.012237307937474462,-0.0037454715098719227
T680,24001,1.0,1.0,0.0,0.001570206122755935,0.0,0.0,1,0.022329439571757037,0.001713286342801379
T681,24001,1.0,1.0,0.0,0.0003697223998518906,0.0,0.0,1,0.005514782677198349,0.011361194480712822
T682,24001,1.0,1.0,0.0,0.002212598647315489,0.0,0.0,1,0.022125986473156223,0.030225855787400446
T683,24001,1.0,1.0,0.0,0.0008835934332202811,0.0,0.0,1,0.00983815594017573,0.03770481680233906
T684,24001,0.0,1.0,0.005034341970583778,0.00042447397911893336,0.049025750199510665,0.0,11,-0.005034341970583778,0.049025750199510665
T685,24001,1.0,1.0,0.0,0.0007583188579829148,0.0,0.0,1,0.007656551359279673,0.0033169896895521578
T686,24001,1.0,1.0,0.0,0.00022598442773574812,0.0,0.0,1,0.0030036366619541344,0.016453088321460557
T687,24001,0.0,1.0,0.01842194697229843,0.001219127009236487,0.01975382784124624,0.0,11,-0.01842194697229843,0.01975382784124624
T688,24001,0.0,1.0,0.0126998953682399,0.0010324276877554661,0.011285962445963249,0.0,11,-0.0126998953682399,0.011285962445963249
T689,24001,1.0,1.0,0.0,0.0001886769139345379,0.0,0.0,1,0.002492673649051369,0.0003290092542960199
T69,24001,0.0,1.0,0.009442912488273558,0.0008815013412440953,0.002847652211084406,0.0,11,-0.009442912488273558,0.002847652211084406
T690,24001,1.0,1.0,0.0,0.000970317977705637,0.0,0.0,1,0.010234747842679082,0.0005496303431014038
T691,24001,0.1,0.0,0.000543593569004075,3.512562253837892e-06,-0.0015059155497727517,0.0016344075260664725,2,-0.0005304484992002534,-0.0016344075260664725
T692,24001,1.0,1.0,0.0,0.0026217712830313156,0.0,0.0,1,0.02861150959437564,0.011256450406381235
T693,24001,0.0,1.0,0.005969077208479057,0.0004539796475626634,0.01315766270259433,0.0,11,-0.005969077208479057,0.01315766270259433
T694,24001,1.0,0.0,0.0,0.0009820009021178633,0.0,0.00693762317808666,11,0.010875546957049398,-0.00693762317808666
T695,24001,0.0,1.0,0.006659290930432826,0.00028527539636813426,0.0470684111737909,0.0,11,-0.006659290930432826,0.0470684111737909
T696,24001,1.0,1.0,0.0,0.004323419256586636,0.0,0.0,1,0.04566067686111375,0.016676508512214805
T697,24001,1.0,1.0,0.0,0.0017115466785588285,0.0,0.0,1,0.018104879729213486,0.0043419204533362565
T698,24001,1.0,1.0,0.0,0.0032334068698364193,0.0,0.0,1,0.03308933407398729,0.013102091861126652
T699,24001,1.0,1.0,0.0,0.0015041423876997473,0.0,0.0,1,0.015041423876997861,0.0014112501625681007
T7,24001,1.0,1.0,0.0,8.111184894599166e-05,0.0,0.0,1,0.0026498801359216007,0.00044552619608684285
T70,24001,1.0,0.1,0.0,0.00043109881531372407,0.0,0.0008016603767766473,11,0.005089375098687177,-0.0007520187112026733
T700,24001,1.0,0.3,0.0,0.009125989791922695,0.0,0.0005357873277477276,11,0.09928275214996884,-0.0005251055473972643
T701,24001,1.0,1.0,0.0,0.0029479996271244424,0.0,0.0,1,0.032633640853605206,0.010167624873007042
T702,24001,0.0,0.0,0.05344083632465013,0.004943107734023622,-0.013790877227749299,0.013790877227749299,1,-0.05344083632465013,-0.013790877227749299
T703,24001,0.0,0.0,0.0027930102489911457,3.57429379832519e-05,-0.002698255943615946,0.002698255943615946,1,-0.0027930102489911457,-0.002698255943615946
T704,24001,0.0,0.0,0.009529491954948788,0.0006989704026267862,-0.004504150684217945,0.004504150684217945,1,-0.009529491954948788,-0.004504150684217945
T705,24001,1.0,1.0,0.0,0.0035962562063732717,0.0,0.0,1,0.04255820466120047,0.026767414981462734
T706,24001,1.0,1.0,0.0,0.0017205767655142368,0.0,0.0,1,0.020833802290308956,0.012452964658609511
T707,24001,1.0,1.0,0.0,0.0012792178282522992,0.0,0.0,1,0.0216114217865076,0.010829517913264364
T708,24001,1.0,0.0,0.0,0.0014693231159537135,0.0,0.0023548660341470296,11,0.01592662517081478,-0.0023548660341470296
T709,24001,0.0,0.0,0.0014929229596717386,8.91229109576952e-05,-0.008040196118839105,0.008040196118839105,1,-0.0014929229596717386,-0.008040196118839105
T71,24001,1.0,1.0,0.0,0.001381225176329437,0.0,0.0,1,0.013995072055384028,0.003102481187459427
T710,24001,1.0,0.0,0.0,0.0008179416778721915,0.0,0.005277886298450052,11,0.01102916714340807,-0.005277886298450052
T711,24001,0.0,1.0,0.006967556689265408,0.0001382716613231305,0.01848569520062604,0.0,11,-0.006967556689265408,0.01848569520062604
T712,24001,0.0,1.0,0.006654848679293557,0.000638304787900279,0.011253246866160582,0.0,11,-0.006654848679293557,0.011253246866160582
T713,24001,0.7,0.0,0.0004250299930058654,4.561347482046063e-05,-0.0009282252282574177,0.0028476921879481143,8,0.0009408579529894823,-0.0028476921879481143
T714,24001,1.0,1.0,0.0,0.0012153720202895402,0.0,0.0,1,0.012183215229001565,0.001600445730605693
T715,24001,0.0,0.0,0.008729009170595992,0.000776639266778123,-0.003218787642460308,0.003218787642460308,1,-0.008729009170595992,-0.003218787642460308
T716,24001,1.0,0.0,0.0,0.001492332125866469,0.0,0.0005225204318022314,11,0.01671315158412645,-0.0005225204318022314
T717,24001,0.1,0.0,0.003134961983889184,3.628503661645688e-06,-0.011660082723259357,0.012692573157066178,2,-0.0031313334802275383,-0.012692573157066178
T718,24001,0.0,1.0,0.015524347539299654,0.0013652705147461086,0.04739943198950902,0.0,11,-0.015524347539299654,0.04739943198950902
T719,24001,1.0,1.0,0.0,0.0017914272287567479,0.0,0.0,1,0.020699471553754956,0.030577568323844062
T72,24001,1.0,0.6,0.0,0.0009602823103936897,0.0,0.00022615838964290536,8,0.012789065756316775,0.0005288567255430365
T720,24001,0.0,0.0,0.0034573854067176946,0.0002002783645690398,-0.0024873288244462444,0.0024873288244462444,1,-0.0034573854067176946,-0.0024873288244462444
T721,24001,1.0,1.0,0.0,0.0013770771886274513,0.0,0.0,1,0.013907530068318241,0.008620890181752217
T722,24001,1.0,1.0,0.0,0.003034531774445459,0.0,0.0,1,0.030979986287761274,0.008076122235593952
T723,24001,1.0,1.0,0.0,0.008263213365676703,0.0,0.0,1,0.09142129083384498,0.005890963684714423
T724,24001,0.0,1.0,0.05021831344687511,0.004643860631939778,0.004627021914092422,0.0,11,-0.05021831344687511,0.004627021914092422
T725,24001,1.0,1.0,0.0,0.006934199972743693,0.0,0.0,1,0.08197233928005715,0.023239802595929338
T726,24001,1.0,1.0,0.0,0.0008716481875099547,0.0,0.0,1,0.013535820478890015,0.001727605355199946
T727,24001,1.0,0.0,0.0,0.002046330013684039,0.0,0.0036384338021141494,11,0.023681280513679792,-0.0036384338021141494
T728,24001,1.0,0.0,0.0,0.0012062441039080718,0.0,0.0028213577866413875,11,0.01279574640594483,-0.0028213577866413875
T729,24001,0.0,0.0,0.0011608661227077155,0.00010531194110685593,-0.007938626342116173,0.007938626342116173,1,-0.0011608661227077155,-0.007938626342116173
T73,24001,1.0,0.0,0.0,0.0031691855482870457,0.0,0.030117052199907235,11,0.03242004976193302,-0.030117052199907235
T730,24001,1.0,0.0,0.0,0.003162915298600355,0.0,0.018138685632532403,11,0.031933113677614866,-0.018138685632532403
T731,24001,1.0,1.0,0.0,0.0019449884237173753,0.0,0.0,1,0.020538207687110677,0.025437869687652048
T732,24001,1.0,1.0,0.0,0.0005756669952914906,0.0,0.0,1,0.006155610797348499,0.0048061060284721735
T733,24001,1.0,1.0,0.0,0.0016876662368419115,0.0,0.0,1,0.017002245126208737,0.015284207042288972
T734,24001,0.1,0.0,0.0018195868450214814,1.584448648850323e-05,-0.025020278548836483,0.02764827756005439,2,-0.0018037423585329782,-0.02764827756005439
T735,24001,1.0,1.0,0.0,0.0009283573357470876,0.0,0.0,1,0.009758319397570936,0.0005375608769638829
T736,24001,0.0,1.0,0.0069161769610651125,0.0005248801047590401,0.03000873121644332,0.0,11,-0.0069161769610651125,0.03000873121644332
T737,24001,1.0,1.0,0.0,0.0005750903556991371,0.0,0.0,1,0.009638305363274258,0.028798869835345964
T738,24001,1.0,1.0,0.0,0.0011146853436391213,0.0,0.0,1,0.01238784545943672,0.00466426890355176
T739,24001,0.0,1.0,0.008180338641810614,0.0006232144018853969,0.0037393535894139074,0.0,11,-0.008180338641810614,0.0037393535894139074
T74,24001,1.0,0.0,0.0,0.0014306500760074004,0.0,0.0020430582616022264,11,0.015388219312765128,-0.0020430582616022264
T740,24001,1.0,0.0,0.0,0.0008397913215407171,0.0,0.0032303790801764265,11,0.00945758110257977,-0.0032303790801764265
T741,24001,1.0,1.0,0.0,0.005037462889672051,0.0,0.0,1,0.05536608433464957,0.002969128368040974
T742,24001,0.0,1.0,0.007725984920592843,0.0006880292865178994,0.010211649391138389,0.0,11,-0.007725984920592843,0.010211649391138389
T743,24001,0.3,1.0,0.0022548443835352927,3.845633791388359e-05,0.02454146028173876,0.0,8,-0.0018904417549598929,0.037428888693986084
T744,24001,0.0,1.0,0.09616110364596475,0.008069048397395195,0.05557686003124995,0.0,11,-0.09616110364596475,0.05557686003124995
T745,24001,1.0,0.5,0.0,0.000606514829496474,0.0,0.0007483717147014346,11,0.006182668916638434,-0.00013049805762932465
T746,24001,1.0,1.0,0.0,0.0008322255308954585,0.0,0.0,1,0.013473916624681392,0.007909057099041328
T747,24001,0.0,1.0,0.058390055701689425,0.005300844497137858,0.04514043454630223,0.0,11,-0.058390055701689425,0.04514043454630223
T748,24001,0.8,1.0,0.0001218925520757308,5.3549090377025266e-05,0.00045848023450045794,0.0,3,0.0015301321878141705,0.003839096220585869
T749,24001,1.0,1.0,0.0,0.0005656427824097809,0.0,0.0,1,0.00857375877666472,0.005857579818940972
T75,24001,0.0,1.0,0.03910413249655842,0.0035134402048148106,0.015069693422237407,0.0,11,-0.03910413249655842,0.015069693422237407
T750,24001,1.0,0.0,0.0,0.001156623637618981,0.0,0.0010422601429089795,11,0.012229478325638421,-0.0010422601429089795
T751,24001,1.0,1.0,0.0,0.0011151580782707282,0.0,0.0,1,0.012441372918537197,0.006460211839758423
T752,24001,1.0,0.0,0.0,0.0015649992265036605,0.0,0.005176474004191078,11,0.015902679293797184,-0.005176474004191078
T753,24001,0.0,0.0,0.015111138770740551,0.0013820237098710608,-0.01537735486684011,0.01537735486684011,1,-0.015111138770740551,-0.01537735486684011
T754,24001,1.0,1.0,0.0,0.00033014892011423713,0.0,0.0,1,0.004042709817493384,0.007711477963595614
T755,24001,0.2,1.0,0.0015654576782462848,3.308614054470249e-05,0.007673859837675101,0.0,9,-0.0014859873354530762,0.009646018440896076
T756,24001,1.0,0.0,0.0,0.0009243998836158118,0.0,0.0022866711070146373,11,0.010131508776877629,-0.0022866711070146373
T757,24001,0.0,1.0,0.016251621409207717,0.0013652452109874647,0.010613438343748116,0.0,11,-0.016251621409207717,0.010613438343748116
T758,24001,0.0,1.0,0.02425299317045737,0.0021368899899323335,0.04882962206932229,0.0,11,-0.02425299317045737,0.04882962206932229
T759,24001,1.0,1.0,0.0,0.0019792802534635556,0.0,0.0,1,0.02388378257558821,0.01413639955870305
T76,24001,1.0,0.0,0.0,0.0009064451626488723,0.0,0.007100887597213612,11,0.011013593645140485,-0.007100887597213612
T760,24001,1.0,1.0,0.0,0.006409086823638055,0.0,0.0,1,0.07728877903924497,0.036009204603576594
T761,24001,1.0,1.0,0.0,0.0011919752160020614,0.0,0.0,1,0.012207344355901706,0.0644124879771526
T762,24001,1.0,1.0,0.0,0.0042397765637376406,0.0,0.0,1,0.04300031125723247,0.01703449908686505
T763,24001,1.0,1.0,0.0,0.0021844302358901557,0.0,0.0,1,0.022805702376407277,0.0037332664481593003
T764,24001,1.0,0.4,0.0,0.0020927701865537385,0.0,0.0005181285161310889,11,0.0213960977540662,-0.0001838824111713988
T765,24001,1.0,0.9,0.0,0.0015937320138234012,0.0,8.416270682859439e-05,4,0.017391015636032126,0.0011047598728773367
T766,24001,0.0,1.0,0.0014209826097602019,0.00010074816390426289,0.024314171674325147,0.0,11,-0.0014209826097602019,0.024314171674325147
T767,24001,1.0,1.0,0.0,0.0002864624748918909,0.0,0.0,1,0.005309081020253736,0.005412745625939297
T77,24001,1.0,1.0,0.0,0.001048260188901473,0.0,0.0,1,0.014191450493287405,0.012830652192968195
T78,24001,1.0,1.0,0.0,3.4098505870439055e-05,0.0,0.0,1,0.0011107801823748709,0.005667578287273156
T79,24001,1.0,0.8,0.0,0.002443905064993923,0.0,8.128009130747849e-06,3,0.026459911776057554,0.0014775350312862257
T8,24001,0.8,0.0,0.0007169034130767304,4.4017502769944095e-05,-0.0038239918945739415,0.0183551809582988,9,1.3128382531535365e-05,-0.0183551809582988
T80,24001,1.0,0.0,0.0,0.002123335679394267,0.0,0.006132754058545409,11,0.021427861685576866,-0.006132754058545409
T81,24001,1.0,1.0,0.0,0.00027288177498929755,0.0,0.0,1,0.003526608086577676,0.010593222684335935
T82,24001,1.0,0.0,0.0,0.00028111622990223406,0.0,0.006165843692278239,11,0.004305590002122273,-0.006165843692278239
T83,24001,1.0,1.0,0.0,0.0006141756438764467,0.0,0.0,1,0.0066940844101642805,0.0036188992846364343
T84,24001,1.0,1.0,0.0,0.001957470666814287,0.0,0.0,1,0.020729959034494927,0.017560712050418203
T85,24001,1.0,0.0,0.0,0.0022987643426141124,0.0,0.0028589644068997,11,0.02329027607233658,-0.0028589644068997
T86,24001,1.0,1.0,0.0,0.003452654357123941,0.0,0.0,1,0.040872595132476985,0.021624941232999184
T87,24001,1.0,1.0,0.0,0.002218283011786615,0.0,0.0,1,0.024069340953055962,0.01668004272480139
T88,24001,1.0,1.0,0.0,0.0026693023866705134,0.0,0.0,1,0.028882814614116126,0.017636829913508123
T89,24001,1.0,1.0,0.0,0.0003495256136477609,0.0,0.0,1,0.005459078317268384,0.019175781946599635
T9,24001,1.0,0.0,0.0,0.0005901843022115827,0.0,0.004828322406039365,11,0.006125784735941275,-0.004828322406039365
T90,24001,0.0,1.0,0.04917186157230491,0.004651500188447066,0.023053275079155666,0.0,11,-0.04917186157230491,0.023053275079155666
T91,24001,0.6,1.0,0.000400011154324309,3.3002603766263405e-05,0.006819392583611972,0.0,5,-0.00020199553172628448,0.017781099780912246
T92,24001,0.7,1.0,0.0003321480359221862,3.45196059619024e-05,0.012859675203639176,0.0,4,0.0020397133069288698,0.04378965567113591
T93,24001,0.0,1.0,0.0091915558343304,0.0007554449456980139,0.006290967220088706,0.0,11,-0.0091915558343304,0.006290967220088706
T94,24001,0.0,1.0,0.010645916494246177,0.0009360284206655356,0.008978740265206064,0.0,11,-0.010645916494246177,0.008978740265206064
T95,24001,0.2,0.6,0.0025836299080036484,2.5916807571857436e-05,-0.00014158095082561495,0.0009413081935090162,8,-0.002374339012844673,0.0006949082936947848
T96,24001,1.0,1.0,0.0,0.0002183714223444322,0.0,0.0,1,0.0033515012446682646,0.004898890648931564
T97,24001,1.0,1.0,0.0,0.00035526243266142954,0.0,0.0,1,0.005246755319133378,0.006831644416536942
T98,24001,1.0,1.0,0.0,0.00048729732128588443,0.0,0.0,1,0.007939806791143866,0.016712990926205817
T99,24001,1.0,1.0,0.0,0.0004850817089081527,0.0,0.0,1,0.00543196995988271,0.004231196016718841
