seed,series_id,full12_alpha,lomo_alpha_mean,lomo_alpha_std,lomo_alpha_min,lomo_alpha_max,changed_months,changed_month_fraction,mean_abs_delta_alpha,max_abs_delta_alpha,endpoint_flip_months,endpoint_flip_month_fraction
24000,T1,1.0,1.0,0.0,1.0,1.0,0,0.0,0.0,0.0,0,0.0
24000,T10,1.0,1.0,0.0,1.0,1.0,0,0.0,0.0,0.0,0,0.0
24000,T100,0.0,0.0,0.0,0.0,0.0,0,0.0,0.0,0.0,0,0.0
24000,T101,1.0,1.0,0.0,1.0,1.0,0,0.0,0.0,0.0,0,0.0
24000,T102,1.0,1.0,0.0,1.0,1.0,0,0.0,0.0,0.0,0,0.0
24000,T103,1.0,1.0,0.0,1.0,1.0,0,0.0,0.0,0.0,0,0.0
24000,T104,1.0,1.0,0.0,1.0,1.0,0,0.0,0.0,0.0,0,0.0
24000,T105,1.0,1.0,0.0,1.0,1.0,0,0.0,0.0,0.0,0,0.0
24000,T106,1.0,1.0,0.0,1.0,1.0,0,0.0,0.0,0.0,0,0.0
24000,T107,1.0,1.0,0.0,1.0,1.0,0,0.0,0.0,0.0,0,0.0
24000,T108,1.0,1.0,0.0,1.0,1.0,0,0.0,0.0,0.0,0,0.0
24000,T109,1.0,1.0,0.0,1.0,1.0,0,0.0,0.0,0.0,0,0.0
24000,T11,0.9,0.6833333333333332,0.3484090826727812,0.0,1.0,10,0.8333333333333334,0.2833333333333334,0.9,0,0.0
24000,T110,1.0,0.9249999999999999,0.1299038105676658,0.7,1.0,3,0.25,0.07500000000000001,0.30000000000000004,0,0.0
24000,T111,1.0,0.9583333333333334,0.06400954789890505,0.8,1.0,4,0.3333333333333333,0.04166666666666666,0.19999999999999996,0,0.0
24000,T112,1.0,0.8750000000000001,0.1479019945774904,0.5,1.0,6,0.5,0.12499999999999999,0.5,0,0.0
24000,T113,1.0,1.0,0.0,1.0,1.0,0,0.0,0.0,0.0,0,0.0
24000,T114,1.0,1.0,0.0,1.0,1.0,0,0.0,0.0,0.0,0,0.0
24000,T115,0.0,0.08333333333333333,0.2763853991962833,0.0,1.0,1,0.08333333333333333,0.08333333333333333,1.0,1,0.08333333333333333
24000,T116,1.0,0.9500000000000001,0.08660254037844384,0.8,1.0,3,0.25,0.04999999999999999,0.19999999999999996,0,0.0
24000,T117,1.0,1.0,0.0,1.0,1.0,0,0.0,0.0,0.0,0,0.0
24000,T118,1.0,0.8666666666666667,0.10274023338281627,0.7,1.0,8,0.6666666666666666,0.1333333333333333,0.30000000000000004,0,0.0
24000,T119,1.0,1.0,0.0,1.0,1.0,0,0.0,0.0,0.0,0,0.0
24000,T12,1.0,0.8250000000000001,0.20052015692526606,0.5,1.0,7,0.5833333333333334,0.17500000000000002,0.5,0,0.0
24000,T120,0.0,0.0,0.0,0.0,0.0,0,0.0,0.0,0.0,0,0.0
24000,T121,1.0,1.0,0.0,1.0,1.0,0,0.0,0.0,0.0,0,0.0
24000,T122,0.6,0.6166666666666667,0.3050500869620521,0.0,1.0,11,0.9166666666666666,0.25,0.6,0,0.0
24000,T123,0.0,0.21666666666666667,0.37822685726367394,0.0,1.0,3,0.25,0.21666666666666667,1.0,1,0.08333333333333333
24000,T124,0.0,0.0,0.0,0.0,0.0,0,0.0,0.0,0.0,0,0.0
24000,T125,1.0,1.0,0.0,1.0,1.0,0,0.0,0.0,0.0,0,0.0
24000,T126,1.0,1.0,0.0,1.0,1.0,0,0.0,0.0,0.0,0,0.0
24000,T127,1.0,1.0,0.0,1.0,1.0,0,0.0,0.0,0.0,0,0.0
24000,T128,1.0,1.0,0.0,1.0,1.0,0,0.0,0.0,0.0,0,0.0
24000,T129,1.0,1.0,0.0,1.0,1.0,0,0.0,0.0,0.0,0,0.0
24000,T13,1.0,1.0,0.0,1.0,1.0,0,0.0,0.0,0.0,0,0.0
24000,T130,0.0,0.0,0.0,0.0,0.0,0,0.0,0.0,0.0,0,0.0
24000,T131,1.0,1.0,0.0,1.0,1.0,0,0.0,0.0,0.0,0,0.0
24000,T132,1.0,1.0,0.0,1.0,1.0,0,0.0,0.0,0.0,0,0.0
24000,T133,1.0,1.0,0.0,1.0,1.0,0,0.0,0.0,0.0,0,0.0
24000,T134,1.0,0.9416666666666668,0.06400954789890506,0.8,1.0,6,0.5,0.05833333333333332,0.19999999999999996,0,0.0
24000,T135,1.0,1.0,0.0,1.0,1.0,0,0.0,0.0,0.0,0,0.0
24000,T136,1.0,1.0,0.0,1.0,1.0,0,0.0,0.0,0.0,0,0.0
24000,T137,1.0,1.0,0.0,1.0,1.0,0,0.0,0.0,0.0,0,0.0
24000,T138,1.0,1.0,0.0,1.0,1.0,0,0.0,0.0,0.0,0,0.0
24000,T139,1.0,1.0,0.0,1.0,1.0,0,0.0,0.0,0.0,0,0.0
24000,T14,1.0,1.0,0.0,1.0,1.0,0,0.0,0.0,0.0,0,0.0
24000,T140,1.0,0.9333333333333335,0.09428090415820632,0.8,1.0,4,0.3333333333333333,0.06666666666666665,0.19999999999999996,0,0.0
24000,T141,1.0,1.0,0.0,1.0,1.0,0,0.0,0.0,0.0,0,0.0
24000,T142,1.0,1.0,0.0,1.0,1.0,0,0.0,0.0,0.0,0,0.0
24000,T143,1.0,0.6666666666666666,0.4714045207910317,0.0,1.0,4,0.3333333333333333,0.3333333333333333,1.0,4,0.3333333333333333
24000,T144,0.0,0.08333333333333333,0.2763853991962833,0.0,1.0,1,0.08333333333333333,0.08333333333333333,1.0,1,0.08333333333333333
24000,T145,1.0,1.0,0.0,1.0,1.0,0,0.0,0.0,0.0,0,0.0
24000,T146,1.0,0.3333333333333333,0.4714045207910317,0.0,1.0,8,0.6666666666666666,0.6666666666666666,1.0,8,0.6666666666666666
24000,T147,1.0,1.0,0.0,1.0,1.0,0,0.0,0.0,0.0,0,0.0
24000,T148,0.0,0.08333333333333333,0.2763853991962833,0.0,1.0,1,0.08333333333333333,0.08333333333333333,1.0,1,0.08333333333333333
24000,T149,1.0,0.9916666666666667,0.02763853991962832,0.9,1.0,1,0.08333333333333333,0.008333333333333331,0.09999999999999998,0,0.0
24000,T15,1.0,1.0,0.0,1.0,1.0,0,0.0,0.0,0.0,0,0.0
24000,T150,0.0,0.0,0.0,0.0,0.0,0,0.0,0.0,0.0,0,0.0
24000,T151,0.0,0.0,0.0,0.0,0.0,0,0.0,0.0,0.0,0,0.0
24000,T152,0.0,0.0,0.0,0.0,0.0,0,0.0,0.0,0.0,0,0.0
24000,T153,1.0,0.7999999999999998,0.14142135623730953,0.7,1.0,8,0.6666666666666666,0.20000000000000004,0.30000000000000004,0,0.0
24000,T154,1.0,1.0,0.0,1.0,1.0,0,0.0,0.0,0.0,0,0.0
24000,T155,0.0,0.0,0.0,0.0,0.0,0,0.0,0.0,0.0,0,0.0
24000,T156,0.0,0.0,0.0,0.0,0.0,0,0.0,0.0,0.0,0,0.0
24000,T157,1.0,1.0,0.0,1.0,1.0,0,0.0,0.0,0.0,0,0.0
24000,T158,1.0,1.0,0.0,1.0,1.0,0,0.0,0.0,0.0,0,0.0
24000,T159,0.0,0.0,0.0,0.0,0.0,0,0.0,0.0,0.0,0,0.0
24000,T16,1.0,1.0,0.0,1.0,1.0,0,0.0,0.0,0.0,0,0.0
24000,T160,1.0,1.0,0.0,1.0,1.0,0,0.0,0.0,0.0,0,0.0
24000,T161,0.0,0.0,0.0,0.0,0.0,0,0.0,0.0,0.0,0,0.0
24000,T162,0.0,0.0,0.0,0.0,0.0,0,0.0,0.0,0.0,0,0.0
24000,T163,1.0,1.0,0.0,1.0,1.0,0,0.0,0.0,0.0,0,0.0
24000,T164,1.0,1.0,0.0,1.0,1.0,0,0.0,0.0,0.0,0,0.0
24000,T165,1.0,1.0,0.0,1.0,1.0,0,0.0,0.0,0.0,0,0.0
24000,T166,0.0,0.14166666666666666,0.24986107250941583,0.0,0.7,3,0.25,0.14166666666666666,0.7,0,0.0
24000,T167,1.0,1.0,0.0,1.0,1.0,0,0.0,0.0,0.0,0,0.0
24000,T168,0.0,0.24166666666666667,0.41924204093684225,0.0,1.0,3,0.25,0.24166666666666667,1.0,2,0.16666666666666666
24000,T169,1.0,1.0,0.0,1.0,1.0,0,0.0,0.0,0.0,0,0.0
24000,T17,0.0,0.0,0.0,0.0,0.0,0,0.0,0.0,0.0,0,0.0
24000,T170,1.0,1.0,0.0,1.0,1.0,0,0.0,0.0,0.0,0,0.0
24000,T171,1.0,1.0,0.0,1.0,1.0,0,0.0,0.0,0.0,0,0.0
24000,T172,1.0,1.0,0.0,1.0,1.0,0,0.0,0.0,0.0,0,0.0
24000,T173,1.0,1.0,0.0,1.0,1.0,0,0.0,0.0,0.0,0,0.0
24000,T174,1.0,1.0,0.0,1.0,1.0,0,0.0,0.0,0.0,0,0.0
24000,T175,1.0,1.0,0.0,1.0,1.0,0,0.0,0.0,0.0,0,0.0
24000,T176,1.0,1.0,0.0,1.0,1.0,0,0.0,0.0,0.0,0,0.0
24000,T177,1.0,1.0,0.0,1.0,1.0,0,0.0,0.0,0.0,0,0.0
24000,T178,1.0,1.0,0.0,1.0,1.0,0,0.0,0.0,0.0,0,0.0
24000,T179,1.0,1.0,0.0,1.0,1.0,0,0.0,0.0,0.0,0,0.0
24000,T18,1.0,0.8333333333333334,0.14337208778404378,0.7,1.0,7,0.5833333333333334,0.16666666666666666,0.30000000000000004,0,0.0
24000,T180,1.0,1.0,0.0,1.0,1.0,0,0.0,0.0,0.0,0,0.0
24000,T181,1.0,1.0,0.0,1.0,1.0,0,0.0,0.0,0.0,0,0.0
24000,T182,1.0,1.0,0.0,1.0,1.0,0,0.0,0.0,0.0,0,0.0
24000,T183,1.0,1.0,0.0,1.0,1.0,0,0.0,0.0,0.0,0,0.0
24000,T184,1.0,1.0,0.0,1.0,1.0,0,0.0,0.0,0.0,0,0.0
24000,T185,1.0,1.0,0.0,1.0,1.0,0,0.0,0.0,0.0,0,0.0
24000,T186,1.0,1.0,0.0,1.0,1.0,0,0.0,0.0,0.0,0,0.0
24000,T187,1.0,1.0,0.0,1.0,1.0,0,0.0,0.0,0.0,0,0.0
24000,T188,1.0,1.0,0.0,1.0,1.0,0,0.0,0.0,0.0,0,0.0
24000,T189,1.0,1.0,0.0,1.0,1.0,0,0.0,0.0,0.0,0,0.0
24000,T19,1.0,1.0,0.0,1.0,1.0,0,0.0,0.0,0.0,0,0.0
24000,T190,1.0,1.0,0.0,1.0,1.0,0,0.0,0.0,0.0,0,0.0
24000,T191,1.0,1.0,0.0,1.0,1.0,0,0.0,0.0,0.0,0,0.0
24000,T192,1.0,1.0,0.0,1.0,1.0,0,0.0,0.0,0.0,0,0.0
24000,T193,1.0,1.0,0.0,1.0,1.0,0,0.0,0.0,0.0,0,0.0
24000,T194,1.0,1.0,0.0,1.0,1.0,0,0.0,0.0,0.0,0,0.0
24000,T195,0.0,0.0,0.0,0.0,0.0,0,0.0,0.0,0.0,0,0.0
24000,T196,1.0,1.0,0.0,1.0,1.0,0,0.0,0.0,0.0,0,0.0
24000,T197,1.0,1.0,0.0,1.0,1.0,0,0.0,0.0,0.0,0,0.0
24000,T198,1.0,1.0,0.0,1.0,1.0,0,0.0,0.0,0.0,0,0.0
24000,T199,1.0,1.0,0.0,1.0,1.0,0,0.0,0.0,0.0,0,0.0
24000,T2,1.0,1.0,0.0,1.0,1.0,0,0.0,0.0,0.0,0,0.0
24000,T20,1.0,1.0,0.0,1.0,1.0,0,0.0,0.0,0.0,0,0.0
24000,T200,1.0,1.0,0.0,1.0,1.0,0,0.0,0.0,0.0,0,0.0
24000,T201,1.0,1.0,0.0,1.0,1.0,0,0.0,0.0,0.0,0,0.0
24000,T202,1.0,1.0,0.0,1.0,1.0,0,0.0,0.0,0.0,0,0.0
24000,T203,1.0,0.9083333333333332,0.08620067027323834,0.7,1.0,8,0.6666666666666666,0.09166666666666666,0.30000000000000004,0,0.0
24000,T204,0.0,0.0,0.0,0.0,0.0,0,0.0,0.0,0.0,0,0.0
24000,T205,0.0,0.05000000000000001,0.08660254037844387,0.0,0.2,3,0.25,0.05000000000000001,0.2,0,0.0
24000,T206,1.0,0.9500000000000001,0.16583123951776998,0.4,1.0,1,0.08333333333333333,0.049999999999999996,0.6,0,0.0
24000,T207,1.0,0.9500000000000001,0.16583123951776998,0.4,1.0,1,0.08333333333333333,0.049999999999999996,0.6,0,0.0
24000,T208,1.0,1.0,0.0,1.0,1.0,0,0.0,0.0,0.0,0,0.0
24000,T209,1.0,1.0,0.0,1.0,1.0,0,0.0,0.0,0.0,0,0.0
24000,T21,1.0,1.0,0.0,1.0,1.0,0,0.0,0.0,0.0,0,0.0
24000,T210,0.0,0.16666666666666666,0.3726779962499649,0.0,1.0,2,0.16666666666666666,0.16666666666666666,1.0,2,0.16666666666666666
24000,T211,1.0,1.0,0.0,1.0,1.0,0,0.0,0.0,0.0,0,0.0
24000,T212,0.8,0.4749999999999999,0.4225419111362406,0.0,1.0,11,0.9166666666666666,0.425,0.8,0,0.0
24000,T213,0.0,0.0,0.0,0.0,0.0,0,0.0,0.0,0.0,0,0.0
24000,T214,0.0,0.06666666666666667,0.16996731711975946,0.0,0.6,2,0.16666666666666666,0.06666666666666667,0.6,0,0.0
24000,T215,0.0,0.0,0.0,0.0,0.0,0,0.0,0.0,0.0,0,0.0
24000,T216,0.0,0.3499999999999999,0.3989569734528608,0.0,1.0,6,0.5,0.3499999999999999,1.0,2,0.16666666666666666
24000,T217,0.0,0.0,0.0,0.0,0.0,0,0.0,0.0,0.0,0,0.0
24000,T218,1.0,1.0,0.0,1.0,1.0,0,0.0,0.0,0.0,0,0.0
24000,T219,1.0,1.0,0.0,1.0,1.0,0,0.0,0.0,0.0,0,0.0
24000,T22,1.0,1.0,0.0,1.0,1.0,0,0.0,0.0,0.0,0,0.0
24000,T220,1.0,1.0,0.0,1.0,1.0,0,0.0,0.0,0.0,0,0.0
24000,T221,1.0,1.0,0.0,1.0,1.0,0,0.0,0.0,0.0,0,0.0
24000,T222,0.0,0.0,0.0,0.0,0.0,0,0.0,0.0,0.0,0,0.0
24000,T223,0.0,0.0,0.0,0.0,0.0,0,0.0,0.0,0.0,0,0.0
24000,T224,0.0,0.4166666666666667,0.4930066485916347,0.0,1.0,5,0.4166666666666667,0.4166666666666667,1.0,5,0.4166666666666667
24000,T225,0.0,0.0,0.0,0.0,0.0,0,0.0,0.0,0.0,0,0.0
24000,T226,1.0,1.0,0.0,1.0,1.0,0,0.0,0.0,0.0,0,0.0
24000,T227,0.0,0.08333333333333333,0.2763853991962833,0.0,1.0,1,0.08333333333333333,0.08333333333333333,1.0,1,0.08333333333333333
24000,T228,0.0,0.16666666666666666,0.3726779962499649,0.0,1.0,2,0.16666666666666666,0.16666666666666666,1.0,2,0.16666666666666666
24000,T229,1.0,1.0,0.0,1.0,1.0,0,0.0,0.0,0.0,0,0.0
24000,T23,0.7,0.5416666666666666,0.32264101137676565,0.0,1.0,10,0.8333333333333334,0.25833333333333336,0.7,0,0.0
24000,T230,1.0,1.0,0.0,1.0,1.0,0,0.0,0.0,0.0,0,0.0
24000,T231,0.7,0.5916666666666667,0.3773997291408084,0.0,1.0,9,0.75,0.30833333333333335,0.7,0,0.0
24000,T232,1.0,0.9916666666666667,0.02763853991962832,0.9,1.0,1,0.08333333333333333,0.008333333333333331,0.09999999999999998,0,0.0
24000,T233,0.0,0.0,0.0,0.0,0.0,0,0.0,0.0,0.0,0,0.0
24000,T234,1.0,1.0,0.0,1.0,1.0,0,0.0,0.0,0.0,0,0.0
24000,T235,1.0,0.875,0.22776083947860748,0.4,1.0,3,0.25,0.125,0.6,0,0.0
24000,T236,0.3,0.3333333333333333,0.40892813821284324,0.0,1.0,10,0.8333333333333334,0.3333333333333333,0.7,0,0.0
24000,T237,1.0,1.0,0.0,1.0,1.0,0,0.0,0.0,0.0,0,0.0
24000,T238,1.0,1.0,0.0,1.0,1.0,0,0.0,0.0,0.0,0,0.0
24000,T239,1.0,1.0,0.0,1.0,1.0,0,0.0,0.0,0.0,0,0.0
24000,T24,1.0,1.0,0.0,1.0,1.0,0,0.0,0.0,0.0,0,0.0
24000,T240,1.0,1.0,0.0,1.0,1.0,0,0.0,0.0,0.0,0,0.0
24000,T241,0.0,0.16666666666666666,0.24608038433722335,0.0,0.6,4,0.3333333333333333,0.16666666666666666,0.6,0,0.0
24000,T242,1.0,1.0,0.0,1.0,1.0,0,0.0,0.0,0.0,0,0.0
24000,T243,0.0,0.14166666666666666,0.32264101137676565,0.0,1.0,2,0.16666666666666666,0.14166666666666666,1.0,1,0.08333333333333333
24000,T244,1.0,1.0,0.0,1.0,1.0,0,0.0,0.0,0.0,0,0.0
24000,T245,0.0,0.075,0.248746859276655,0.0,0.9,1,0.08333333333333333,0.075,0.9,0,0.0
24000,T246,1.0,0.6250000000000001,0.3766629793329841,0.2,1.0,6,0.5,0.375,0.8,0,0.0
24000,T247,1.0,1.0,0.0,1.0,1.0,0,0.0,0.0,0.0,0,0.0
24000,T248,1.0,1.0,0.0,1.0,1.0,0,0.0,0.0,0.0,0,0.0
24000,T249,1.0,1.0,0.0,1.0,1.0,0,0.0,0.0,0.0,0,0.0
24000,T25,1.0,0.8166666666666668,0.17240134054647668,0.6,1.0,7,0.5833333333333334,0.18333333333333332,0.4,0,0.0
24000,T250,0.0,0.03333333333333333,0.11055415967851334,0.0,0.4,1,0.08333333333333333,0.03333333333333333,0.4,0,0.0
24000,T251,1.0,1.0,0.0,1.0,1.0,0,0.0,0.0,0.0,0,0.0
24000,T252,1.0,1.0,0.0,1.0,1.0,0,0.0,0.0,0.0,0,0.0
24000,T253,0.0,0.0,0.0,0.0,0.0,0,0.0,0.0,0.0,0,0.0
24000,T254,0.0,0.0,0.0,0.0,0.0,0,0.0,0.0,0.0,0,0.0
24000,T255,1.0,1.0,0.0,1.0,1.0,0,0.0,0.0,0.0,0,0.0
24000,T256,1.0,1.0,0.0,1.0,1.0,0,0.0,0.0,0.0,0,0.0
24000,T257,1.0,1.0,0.0,1.0,1.0,0,0.0,0.0,0.0,0,0.0
24000,T258,0.2,0.34166666666666673,0.36391009268163416,0.0,1.0,10,0.8333333333333334,0.27499999999999997,0.8,0,0.0
24000,T259,0.8,0.8166666666666668,0.09860132971832697,0.7,0.9,12,1.0,0.10000000000000005,0.10000000000000009,0,0.0
24000,T26,0.7,0.6833333333333332,0.33374973990834644,0.0,1.0,6,0.5,0.21666666666666665,0.7,0,0.0
24000,T260,0.0,0.0,0.0,0.0,0.0,0,0.0,0.0,0.0,0,0.0
24000,T261,0.0,0.20000000000000004,0.34399612400917157,0.0,1.0,5,0.4166666666666667,0.20000000000000004,1.0,1,0.08333333333333333
24000,T262,0.0,0.06666666666666667,0.14907119849998599,0.0,0.4,2,0.16666666666666666,0.06666666666666667,0.4,0,0.0
24000,T263,1.0,0.5166666666666666,0.4219662967057388,0.1,1.0,8,0.6666666666666666,0.4833333333333334,0.9,0,0.0
24000,T264,1.0,1.0,0.0,1.0,1.0,0,0.0,0.0,0.0,0,0.0
24000,T265,0.3,0.30833333333333335,0.2289771944005681,0.0,1.0,7,0.5833333333333334,0.125,0.7,0,0.0
24000,T266,1.0,1.0,0.0,1.0,1.0,0,0.0,0.0,0.0,0,0.0
24000,T267,1.0,1.0,0.0,1.0,1.0,0,0.0,0.0,0.0,0,0.0
24000,T268,1.0,1.0,0.0,1.0,1.0,0,0.0,0.0,0.0,0,0.0
24000,T269,0.0,0.0,0.0,0.0,0.0,0,0.0,0.0,0.0,0,0.0
24000,T27,1.0,0.8166666666666665,0.21921577396609843,0.5,1.0,5,0.4166666666666667,0.18333333333333332,0.5,0,0.0
24000,T270,0.1,0.30833333333333335,0.32776600732161887,0.1,1.0,5,0.4166666666666667,0.20833333333333334,0.9,0,0.0
24000,T271,1.0,1.0,0.0,1.0,1.0,0,0.0,0.0,0.0,0,0.0
24000,T272,0.0,0.041666666666666664,0.08620067027323831,0.0,0.3,3,0.25,0.041666666666666664,0.3,0,0.0
24000,T273,1.0,1.0,0.0,1.0,1.0,0,0.0,0.0,0.0,0,0.0
24000,T274,1.0,0.9333333333333335,0.13743685418725535,0.5,1.0,4,0.3333333333333333,0.06666666666666667,0.5,0,0.0
24000,T275,1.0,1.0,0.0,1.0,1.0,0,0.0,0.0,0.0,0,0.0
24000,T276,1.0,1.0,0.0,1.0,1.0,0,0.0,0.0,0.0,0,0.0
24000,T277,1.0,1.0,0.0,1.0,1.0,0,0.0,0.0,0.0,0,0.0
24000,T278,1.0,0.8666666666666667,0.09428090415820632,0.8,1.0,8,0.6666666666666666,0.1333333333333333,0.19999999999999996,0,0.0
24000,T279,0.0,0.0,0.0,0.0,0.0,0,0.0,0.0,0.0,0,0.0
24000,T28,1.0,0.7999999999999999,0.17320508075688773,0.6,1.0,7,0.5833333333333334,0.19999999999999998,0.4,0,0.0
24000,T280,1.0,1.0,0.0,1.0,1.0,0,0.0,0.0,0.0,0,0.0
24000,T281,1.0,1.0,0.0,1.0,1.0,0,0.0,0.0,0.0,0,0.0
24000,T282,0.3,0.325,0.3165569985537096,0.0,0.9,12,1.0,0.2916666666666667,0.6000000000000001,0,0.0
24000,T283,1.0,0.9416666666666668,0.08620067027323833,0.8,1.0,4,0.3333333333333333,0.05833333333333332,0.19999999999999996,0,0.0
24000,T284,0.0,0.0,0.0,0.0,0.0,0,0.0,0.0,0.0,0,0.0
24000,T285,0.0,0.0,0.0,0.0,0.0,0,0.0,0.0,0.0,0,0.0
24000,T286,0.0,0.0,0.0,0.0,0.0,0,0.0,0.0,0.0,0,0.0
24000,T287,1.0,1.0,0.0,1.0,1.0,0,0.0,0.0,0.0,0,0.0
24000,T288,1.0,1.0,0.0,1.0,1.0,0,0.0,0.0,0.0,0,0.0
24000,T289,0.0,0.0,0.0,0.0,0.0,0,0.0,0.0,0.0,0,0.0
24000,T29,1.0,1.0,0.0,1.0,1.0,0,0.0,0.0,0.0,0,0.0
24000,T290,1.0,1.0,0.0,1.0,1.0,0,0.0,0.0,0.0,0,0.0
24000,T291,1.0,0.9499999999999998,0.1118033988749895,0.7,1.0,2,0.16666666666666666,0.05000000000000001,0.30000000000000004,0,0.0
24000,T292,0.0,0.0,0.0,0.0,0.0,0,0.0,0.0,0.0,0,0.0
24000,T293,0.0,0.0,0.0,0.0,0.0,0,0.0,0.0,0.0,0,0.0
24000,T294,1.0,1.0,0.0,1.0,1.0,0,0.0,0.0,0.0,0,0.0
24000,T295,1.0,1.0,0.0,1.0,1.0,0,0.0,0.0,0.0,0,0.0
24000,T296,1.0,0.9833333333333334,0.03726779962499649,0.9,1.0,2,0.16666666666666666,0.016666666666666663,0.09999999999999998,0,0.0
24000,T297,1.0,1.0,0.0,1.0,1.0,0,0.0,0.0,0.0,0,0.0
24000,T298,1.0,1.0,0.0,1.0,1.0,0,0.0,0.0,0.0,0,0.0
24000,T299,1.0,1.0,0.0,1.0,1.0,0,0.0,0.0,0.0,0,0.0
24000,T3,1.0,1.0,0.0,1.0,1.0,0,0.0,0.0,0.0,0,0.0
24000,T30,0.0,0.31666666666666665,0.45061686115319255,0.0,1.0,4,0.3333333333333333,0.31666666666666665,1.0,3,0.25
24000,T300,1.0,1.0,0.0,1.0,1.0,0,0.0,0.0,0.0,0,0.0
24000,T301,1.0,1.0,0.0,1.0,1.0,0,0.0,0.0,0.0,0,0.0
24000,T302,1.0,1.0,0.0,1.0,1.0,0,0.0,0.0,0.0,0,0.0
24000,T303,1.0,1.0,0.0,1.0,1.0,0,0.0,0.0,0.0,0,0.0
24000,T304,0.0,0.0,0.0,0.0,0.0,0,0.0,0.0,0.0,0,0.0
24000,T305,1.0,1.0,0.0,1.0,1.0,0,0.0,0.0,0.0,0,0.0
24000,T306,0.0,0.0,0.0,0.0,0.0,0,0.0,0.0,0.0,0,0.0
24000,T307,1.0,1.0,0.0,1.0,1.0,0,0.0,0.0,0.0,0,0.0
24000,T308,1.0,1.0,0.0,1.0,1.0,0,0.0,0.0,0.0,0,0.0
24000,T309,1.0,0.5833333333333334,0.44876373392787533,0.0,1.0,6,0.5,0.4166666666666667,1.0,4,0.3333333333333333
24000,T31,1.0,1.0,0.0,1.0,1.0,0,0.0,0.0,0.0,0,0.0
24000,T310,0.3,0.375,0.43035837778917857,0.0,1.0,12,1.0,0.375,0.7,0,0.0
24000,T311,1.0,1.0,0.0,1.0,1.0,0,0.0,0.0,0.0,0,0.0
24000,T312,1.0,0.7583333333333333,0.41924204093684225,0.0,1.0,3,0.25,0.24166666666666667,1.0,2,0.16666666666666666
24000,T313,1.0,0.9500000000000001,0.11902380714238084,0.6,1.0,2,0.16666666666666666,0.049999999999999996,0.4,0,0.0
24000,T314,1.0,1.0,0.0,1.0,1.0,0,0.0,0.0,0.0,0,0.0
24000,T315,1.0,0.8500000000000001,0.2901149197588202,0.0,1.0,5,0.4166666666666667,0.15,1.0,1,0.08333333333333333
24000,T316,0.0,0.19999999999999998,0.37416573867739417,0.0,1.0,3,0.25,0.19999999999999998,1.0,2,0.16666666666666666
24000,T317,0.0,0.225,0.39607448794387146,0.0,1.0,3,0.25,0.225,1.0,2,0.16666666666666666
24000,T318,1.0,1.0,0.0,1.0,1.0,0,0.0,0.0,0.0,0,0.0
24000,T319,1.0,1.0,0.0,1.0,1.0,0,0.0,0.0,0.0,0,0.0
24000,T32,1.0,1.0,0.0,1.0,1.0,0,0.0,0.0,0.0,0,0.0
24000,T320,1.0,1.0,0.0,1.0,1.0,0,0.0,0.0,0.0,0,0.0
24000,T321,0.0,0.0,0.0,0.0,0.0,0,0.0,0.0,0.0,0,0.0
24000,T322,0.0,0.0,0.0,0.0,0.0,0,0.0,0.0,0.0,0,0.0
24000,T323,1.0,1.0,0.0,1.0,1.0,0,0.0,0.0,0.0,0,0.0
24000,T324,0.0,0.0,0.0,0.0,0.0,0,0.0,0.0,0.0,0,0.0
24000,T325,1.0,1.0,0.0,1.0,1.0,0,0.0,0.0,0.0,0,0.0
24000,T326,1.0,1.0,0.0,1.0,1.0,0,0.0,0.0,0.0,0,0.0
24000,T327,0.0,0.0,0.0,0.0,0.0,0,0.0,0.0,0.0,0,0.0
24000,T328,1.0,1.0,0.0,1.0,1.0,0,0.0,0.0,0.0,0,0.0
24000,T329,1.0,0.9083333333333335,0.09537935951882995,0.8,1.0,6,0.5,0.09166666666666663,0.19999999999999996,0,0.0
24000,T33,0.0,0.0,0.0,0.0,0.0,0,0.0,0.0,0.0,0,0.0
24000,T330,0.0,0.0,0.0,0.0,0.0,0,0.0,0.0,0.0,0,0.0
24000,T331,0.0,0.0,0.0,0.0,0.0,0,0.0,0.0,0.0,0,0.0
24000,T332,0.0,0.0,0.0,0.0,0.0,0,0.0,0.0,0.0,0,0.0
24000,T333,1.0,1.0,0.0,1.0,1.0,0,0.0,0.0,0.0,0,0.0
24000,T334,0.0,0.0,0.0,0.0,0.0,0,0.0,0.0,0.0,0,0.0
24000,T335,1.0,1.0,0.0,1.0,1.0,0,0.0,0.0,0.0,0,0.0
24000,T336,1.0,0.8249999999999998,0.14790199457749043,0.7,1.0,7,0.5833333333333334,0.17500000000000004,0.30000000000000004,0,0.0
24000,T337,0.3,0.21666666666666667,0.32871804872193366,0.0,1.0,12,1.0,0.3166666666666666,0.7,0,0.0
24000,T338,1.0,0.7666666666666667,0.3064129385141706,0.1,1.0,9,0.75,0.2333333333333333,0.9,0,0.0
24000,T339,1.0,1.0,0.0,1.0,1.0,0,0.0,0.0,0.0,0,0.0
24000,T34,0.4,0.4750000000000001,0.3832427429188973,0.0,1.0,10,0.8333333333333334,0.34166666666666673,0.6,0,0.0
24000,T340,0.0,0.0,0.0,0.0,0.0,0,0.0,0.0,0.0,0,0.0
24000,T341,1.0,1.0,0.0,1.0,1.0,0,0.0,0.0,0.0,0,0.0
24000,T342,1.0,1.0,0.0,1.0,1.0,0,0.0,0.0,0.0,0,0.0
24000,T343,0.0,0.0,0.0,0.0,0.0,0,0.0,0.0,0.0,0,0.0
24000,T344,0.0,0.049999999999999996,0.16583123951776998,0.0,0.6,1,0.08333333333333333,0.049999999999999996,0.6,0,0.0
24000,T345,1.0,1.0,0.0,1.0,1.0,0,0.0,0.0,0.0,0,0.0
24000,T346,0.0,0.0,0.0,0.0,0.0,0,0.0,0.0,0.0,0,0.0
24000,T347,0.0,0.12500000000000003,0.2772634126602354,0.0,1.0,4,0.3333333333333333,0.12500000000000003,1.0,1,0.08333333333333333
24000,T348,1.0,1.0,0.0,1.0,1.0,0,0.0,0.0,0.0,0,0.0
24000,T349,1.0,1.0,0.0,1.0,1.0,0,0.0,0.0,0.0,0,0.0
24000,T35,0.8,0.7166666666666667,0.17716909687891083,0.4,1.0,10,0.8333333333333334,0.16666666666666666,0.4,0,0.0
24000,T350,0.0,0.0,0.0,0.0,0.0,0,0.0,0.0,0.0,0,0.0
24000,T351,0.9,0.7916666666666669,0.24986107250941583,0.0,1.0,9,0.75,0.1416666666666667,0.9,0,0.0
24000,T352,0.0,0.0,0.0,0.0,0.0,0,0.0,0.0,0.0,0,0.0
24000,T353,1.0,1.0,0.0,1.0,1.0,0,0.0,0.0,0.0,0,0.0
24000,T354,1.0,1.0,0.0,1.0,1.0,0,0.0,0.0,0.0,0,0.0
24000,T355,1.0,1.0,0.0,1.0,1.0,0,0.0,0.0,0.0,0,0.0
24000,T356,1.0,1.0,0.0,1.0,1.0,0,0.0,0.0,0.0,0,0.0
24000,T357,0.4,0.3,0.39370039370059057,0.0,1.0,10,0.8333333333333334,0.3666666666666667,0.6,0,0.0
24000,T358,1.0,1.0,0.0,1.0,1.0,0,0.0,0.0,0.0,0,0.0
24000,T359,1.0,1.0,0.0,1.0,1.0,0,0.0,0.0,0.0,0,0.0
24000,T36,0.0,0.0,0.0,0.0,0.0,0,0.0,0.0,0.0,0,0.0
24000,T360,1.0,1.0,0.0,1.0,1.0,0,0.0,0.0,0.0,0,0.0
24000,T361,1.0,1.0,0.0,1.0,1.0,0,0.0,0.0,0.0,0,0.0
24000,T362,1.0,1.0,0.0,1.0,1.0,0,0.0,0.0,0.0,0,0.0
24000,T363,1.0,1.0,0.0,1.0,1.0,0,0.0,0.0,0.0,0,0.0
24000,T364,0.0,0.0,0.0,0.0,0.0,0,0.0,0.0,0.0,0,0.0
24000,T365,1.0,1.0,0.0,1.0,1.0,0,0.0,0.0,0.0,0,0.0
24000,T366,1.0,1.0,0.0,1.0,1.0,0,0.0,0.0,0.0,0,0.0
24000,T367,1.0,1.0,0.0,1.0,1.0,0,0.0,0.0,0.0,0,0.0
24000,T368,1.0,1.0,0.0,1.0,1.0,0,0.0,0.0,0.0,0,0.0
24000,T369,0.0,0.0,0.0,0.0,0.0,0,0.0,0.0,0.0,0,0.0
24000,T37,1.0,0.7583333333333333,0.4009537241239803,0.0,1.0,4,0.3333333333333333,0.24166666666666667,1.0,1,0.08333333333333333
24000,T370,1.0,0.9500000000000001,0.16583123951776998,0.4,1.0,1,0.08333333333333333,0.049999999999999996,0.6,0,0.0
24000,T371,0.0,0.0,0.0,0.0,0.0,0,0.0,0.0,0.0,0,0.0
24000,T372,0.8,0.75,0.22912878474779202,0.1,1.0,9,0.75,0.15000000000000002,0.7000000000000001,0,0.0
24000,T373,1.0,1.0,0.0,1.0,1.0,0,0.0,0.0,0.0,0,0.0
24000,T374,1.0,0.9916666666666667,0.02763853991962833,0.9,1.0,1,0.08333333333333333,0.008333333333333331,0.09999999999999998,0,0.0
24000,T375,1.0,1.0,0.0,1.0,1.0,0,0.0,0.0,0.0,0,0.0
24000,T376,1.0,1.0,0.0,1.0,1.0,0,0.0,0.0,0.0,0,0.0
24000,T377,0.0,0.0,0.0,0.0,0.0,0,0.0,0.0,0.0,0,0.0
24000,T378,0.0,0.0,0.0,0.0,0.0,0,0.0,0.0,0.0,0,0.0
24000,T379,1.0,1.0,0.0,1.0,1.0,0,0.0,0.0,0.0,0,0.0
24000,T38,1.0,0.9916666666666667,0.02763853991962832,0.9,1.0,1,0.08333333333333333,0.008333333333333331,0.09999999999999998,0,0.0
24000,T380,0.0,0.075,0.12990381056766578,0.0,0.3,3,0.25,0.075,0.3,0,0.0
24000,T381,1.0,1.0,0.0,1.0,1.0,0,0.0,0.0,0.0,0,0.0
24000,T382,1.0,1.0,0.0,1.0,1.0,0,0.0,0.0,0.0,0,0.0
24000,T383,1.0,1.0,0.0,1.0,1.0,0,0.0,0.0,0.0,0,0.0
24000,T384,1.0,1.0,0.0,1.0,1.0,0,0.0,0.0,0.0,0,0.0
24000,T385,1.0,1.0,0.0,1.0,1.0,0,0.0,0.0,0.0,0,0.0
24000,T386,0.0,0.0,0.0,0.0,0.0,0,0.0,0.0,0.0,0,0.0
24000,T387,0.0,0.0,0.0,0.0,0.0,0,0.0,0.0,0.0,0,0.0
24000,T388,1.0,1.0,0.0,1.0,1.0,0,0.0,0.0,0.0,0,0.0
24000,T389,0.0,0.0,0.0,0.0,0.0,0,0.0,0.0,0.0,0,0.0
24000,T39,1.0,0.9166666666666666,0.2763853991962833,0.0,1.0,1,0.08333333333333333,0.08333333333333333,1.0,1,0.08333333333333333
24000,T390,1.0,0.975,0.082915619758885,0.7,1.0,1,0.08333333333333333,0.025000000000000005,0.30000000000000004,0,0.0
24000,T391,0.0,0.16666666666666666,0.31180478223116176,0.0,1.0,3,0.25,0.16666666666666666,1.0,1,0.08333333333333333
24000,T392,0.6,0.6,0.1957890020745122,0.3,1.0,8,0.6666666666666666,0.13333333333333333,0.4,0,0.0
24000,T393,1.0,1.0,0.0,1.0,1.0,0,0.0,0.0,0.0,0,0.0
24000,T394,1.0,1.0,0.0,1.0,1.0,0,0.0,0.0,0.0,0,0.0
24000,T395,1.0,1.0,0.0,1.0,1.0,0,0.0,0.0,0.0,0,0.0
24000,T396,1.0,0.7416666666666667,0.2628635049264584,0.4,1.0,6,0.5,0.25833333333333336,0.6,0,0.0
24000,T397,0.0,0.325,0.4602988159880492,0.0,1.0,4,0.3333333333333333,0.325,1.0,3,0.25
24000,T398,0.0,0.0,0.0,0.0,0.0,0,0.0,0.0,0.0,0,0.0
24000,T399,0.0,0.075,0.15343293866268304,0.0,0.5,3,0.25,0.075,0.5,0,0.0
24000,T4,1.0,1.0,0.0,1.0,1.0,0,0.0,0.0,0.0,0,0.0
24000,T40,0.0,0.0,0.0,0.0,0.0,0,0.0,0.0,0.0,0,0.0
24000,T400,1.0,1.0,0.0,1.0,1.0,0,0.0,0.0,0.0,0,0.0
24000,T401,1.0,1.0,0.0,1.0,1.0,0,0.0,0.0,0.0,0,0.0
24000,T402,1.0,1.0,0.0,1.0,1.0,0,0.0,0.0,0.0,0,0.0
24000,T403,1.0,1.0,0.0,1.0,1.0,0,0.0,0.0,0.0,0,0.0
24000,T404,1.0,1.0,0.0,1.0,1.0,0,0.0,0.0,0.0,0,0.0
24000,T405,1.0,1.0,0.0,1.0,1.0,0,0.0,0.0,0.0,0,0.0
24000,T406,0.0,0.0,0.0,0.0,0.0,0,0.0,0.0,0.0,0,0.0
24000,T407,1.0,1.0,0.0,1.0,1.0,0,0.0,0.0,0.0,0,0.0
24000,T408,1.0,1.0,0.0,1.0,1.0,0,0.0,0.0,0.0,0,0.0
24000,T409,0.0,0.19166666666666665,0.34751099103321736,0.0,1.0,4,0.3333333333333333,0.19166666666666665,1.0,1,0.08333333333333333
24000,T41,1.0,0.9416666666666665,0.13202482931462384,0.6,1.0,2,0.16666666666666666,0.05833333333333334,0.4,0,0.0
24000,T410,0.0,0.0,0.0,0.0,0.0,0,0.0,0.0,0.0,0,0.0
24000,T411,1.0,1.0,0.0,1.0,1.0,0,0.0,0.0,0.0,0,0.0
24000,T412,0.0,0.24166666666666667,0.4192420409368422,0.0,1.0,3,0.25,0.24166666666666667,1.0,2,0.16666666666666666
24000,T413,0.0,0.0,0.0,0.0,0.0,0,0.0,0.0,0.0,0,0.0
24000,T414,1.0,1.0,0.0,1.0,1.0,0,0.0,0.0,0.0,0,0.0
24000,T415,1.0,1.0,0.0,1.0,1.0,0,0.0,0.0,0.0,0,0.0
24000,T416,0.0,0.0,0.0,0.0,0.0,0,0.0,0.0,0.0,0,0.0
24000,T417,1.0,1.0,0.0,1.0,1.0,0,0.0,0.0,0.0,0,0.0
24000,T418,1.0,1.0,0.0,1.0,1.0,0,0.0,0.0,0.0,0,0.0
24000,T419,1.0,1.0,0.0,1.0,1.0,0,0.0,0.0,0.0,0,0.0
24000,T42,0.0,0.0,0.0,0.0,0.0,0,0.0,0.0,0.0,0,0.0
24000,T420,1.0,0.8916666666666667,0.2139249608832239,0.2,1.0,6,0.5,0.10833333333333335,0.8,0,0.0
24000,T421,0.0,0.0,0.0,0.0,0.0,0,0.0,0.0,0.0,0,0.0
24000,T422,1.0,1.0,0.0,1.0,1.0,0,0.0,0.0,0.0,0,0.0
24000,T423,1.0,0.45,0.4663689526544408,0.0,1.0,7,0.5833333333333334,0.55,1.0,3,0.25
24000,T424,1.0,1.0,0.0,1.0,1.0,0,0.0,0.0,0.0,0,0.0
24000,T425,0.0,0.08333333333333333,0.2763853991962833,0.0,1.0,1,0.08333333333333333,0.08333333333333333,1.0,1,0.08333333333333333
24000,T426,1.0,1.0,0.0,1.0,1.0,0,0.0,0.0,0.0,0,0.0
24000,T427,1.0,1.0,0.0,1.0,1.0,0,0.0,0.0,0.0,0,0.0
24000,T428,0.0,0.0,0.0,0.0,0.0,0,0.0,0.0,0.0,0,0.0
24000,T429,1.0,1.0,0.0,1.0,1.0,0,0.0,0.0,0.0,0,0.0
24000,T43,1.0,1.0,0.0,1.0,1.0,0,0.0,0.0,0.0,0,0.0
24000,T430,0.0,0.041666666666666664,0.13819269959814165,0.0,0.5,1,0.08333333333333333,0.041666666666666664,0.5,0,0.0
24000,T431,1.0,1.0,0.0,1.0,1.0,0,0.0,0.0,0.0,0,0.0
24000,T432,1.0,1.0,0.0,1.0,1.0,0,0.0,0.0,0.0,0,0.0
24000,T433,1.0,0.7916666666666666,0.20999338613923588,0.5,1.0,6,0.5,0.20833333333333334,0.5,0,0.0
24000,T434,1.0,1.0,0.0,1.0,1.0,0,0.0,0.0,0.0,0,0.0
24000,T435,1.0,1.0,0.0,1.0,1.0,0,0.0,0.0,0.0,0,0.0
24000,T436,0.0,0.0,0.0,0.0,0.0,0,0.0,0.0,0.0,0,0.0
24000,T437,0.3,0.28333333333333327,0.27028791233711424,0.0,0.7,10,0.8333333333333334,0.2333333333333333,0.39999999999999997,0,0.0
24000,T438,1.0,0.9166666666666666,0.18633899812498245,0.5,1.0,2,0.16666666666666666,0.08333333333333333,0.5,0,0.0
24000,T439,1.0,1.0,0.0,1.0,1.0,0,0.0,0.0,0.0,0,0.0
24000,T44,0.0,0.0,0.0,0.0,0.0,0,0.0,0.0,0.0,0,0.0
24000,T440,1.0,1.0,0.0,1.0,1.0,0,0.0,0.0,0.0,0,0.0
24000,T441,1.0,1.0,0.0,1.0,1.0,0,0.0,0.0,0.0,0,0.0
24000,T442,1.0,1.0,0.0,1.0,1.0,0,0.0,0.0,0.0,0,0.0
24000,T443,0.0,0.0,0.0,0.0,0.0,0,0.0,0.0,0.0,0,0.0
24000,T444,0.0,0.0,0.0,0.0,0.0,0,0.0,0.0,0.0,0,0.0
24000,T445,0.5,0.4666666666666666,0.28963578661637945,0.0,1.0,6,0.5,0.20000000000000004,0.5,0,0.0
24000,T446,0.0,0.0,0.0,0.0,0.0,0,0.0,0.0,0.0,0,0.0
24000,T447,1.0,1.0,0.0,1.0,1.0,0,0.0,0.0,0.0,0,0.0
24000,T448,1.0,1.0,0.0,1.0,1.0,0,0.0,0.0,0.0,0,0.0
24000,T449,1.0,1.0,0.0,1.0,1.0,0,0.0,0.0,0.0,0,0.0
24000,T45,1.0,1.0,0.0,1.0,1.0,0,0.0,0.0,0.0,0,0.0
24000,T450,1.0,1.0,0.0,1.0,1.0,0,0.0,0.0,0.0,0,0.0
24000,T451,1.0,1.0,0.0,1.0,1.0,0,0.0,0.0,0.0,0,0.0
24000,T452,1.0,1.0,0.0,1.0,1.0,0,0.0,0.0,0.0,0,0.0
24000,T453,1.0,1.0,0.0,1.0,1.0,0,0.0,0.0,0.0,0,0.0
24000,T454,1.0,1.0,0.0,1.0,1.0,0,0.0,0.0,0.0,0,0.0
24000,T455,1.0,1.0,0.0,1.0,1.0,0,0.0,0.0,0.0,0,0.0
24000,T456,1.0,1.0,0.0,1.0,1.0,0,0.0,0.0,0.0,0,0.0
24000,T457,1.0,1.0,0.0,1.0,1.0,0,0.0,0.0,0.0,0,0.0
24000,T458,1.0,1.0,0.0,1.0,1.0,0,0.0,0.0,0.0,0,0.0
24000,T459,1.0,1.0,0.0,1.0,1.0,0,0.0,0.0,0.0,0,0.0
24000,T46,0.0,0.0,0.0,0.0,0.0,0,0.0,0.0,0.0,0,0.0
24000,T460,1.0,1.0,0.0,1.0,1.0,0,0.0,0.0,0.0,0,0.0
24000,T461,1.0,1.0,0.0,1.0,1.0,0,0.0,0.0,0.0,0,0.0
24000,T462,1.0,1.0,0.0,1.0,1.0,0,0.0,0.0,0.0,0,0.0
24000,T463,1.0,1.0,0.0,1.0,1.0,0,0.0,0.0,0.0,0,0.0
24000,T464,1.0,1.0,0.0,1.0,1.0,0,0.0,0.0,0.0,0,0.0
24000,T465,1.0,1.0,0.0,1.0,1.0,0,0.0,0.0,0.0,0,0.0
24000,T466,1.0,1.0,0.0,1.0,1.0,0,0.0,0.0,0.0,0,0.0
24000,T467,1.0,1.0,0.0,1.0,1.0,0,0.0,0.0,0.0,0,0.0
24000,T468,1.0,1.0,0.0,1.0,1.0,0,0.0,0.0,0.0,0,0.0
24000,T469,1.0,1.0,0.0,1.0,1.0,0,0.0,0.0,0.0,0,0.0
24000,T47,1.0,1.0,0.0,1.0,1.0,0,0.0,0.0,0.0,0,0.0
24000,T470,0.0,0.0,0.0,0.0,0.0,0,0.0,0.0,0.0,0,0.0
24000,T471,0.0,0.016666666666666666,0.05527707983925667,0.0,0.2,1,0.08333333333333333,0.016666666666666666,0.2,0,0.0
24000,T472,0.0,0.10833333333333334,0.28124228384477,0.0,1.0,2,0.16666666666666666,0.10833333333333334,1.0,1,0.08333333333333333
24000,T473,1.0,1.0,0.0,1.0,1.0,0,0.0,0.0,0.0,0,0.0
24000,T474,0.0,0.0,0.0,0.0,0.0,0,0.0,0.0,0.0,0,0.0
24000,T475,1.0,1.0,0.0,1.0,1.0,0,0.0,0.0,0.0,0,0.0
24000,T476,0.2,0.4166666666666667,0.4930066485916347,0.0,1.0,12,1.0,0.4500000000000001,0.8,0,0.0
24000,T477,0.9,0.5416666666666666,0.46629449445125937,0.0,1.0,12,1.0,0.4416666666666667,0.9,0,0.0
24000,T478,1.0,1.0,0.0,1.0,1.0,0,0.0,0.0,0.0,0,0.0
24000,T479,1.0,1.0,0.0,1.0,1.0,0,0.0,0.0,0.0,0,0.0
24000,T48,0.0,0.25,0.35,0.0,1.0,5,0.4166666666666667,0.25,1.0,1,0.08333333333333333
24000,T480,1.0,1.0,0.0,1.0,1.0,0,0.0,0.0,0.0,0,0.0
24000,T481,1.0,1.0,0.0,1.0,1.0,0,0.0,0.0,0.0,0,0.0
24000,T482,1.0,1.0,0.0,1.0,1.0,0,0.0,0.0,0.0,0,0.0
24000,T483,0.0,0.03333333333333333,0.11055415967851334,0.0,0.4,1,0.08333333333333333,0.03333333333333333,0.4,0,0.0
24000,T484,0.0,0.08333333333333333,0.2763853991962833,0.0,1.0,1,0.08333333333333333,0.08333333333333333,1.0,1,0.08333333333333333
24000,T485,1.0,1.0,0.0,1.0,1.0,0,0.0,0.0,0.0,0,0.0
24000,T486,1.0,1.0,0.0,1.0,1.0,0,0.0,0.0,0.0,0,0.0
24000,T487,1.0,1.0,0.0,1.0,1.0,0,0.0,0.0,0.0,0,0.0
24000,T488,1.0,1.0,0.0,1.0,1.0,0,0.0,0.0,0.0,0,0.0
24000,T489,0.0,0.008333333333333333,0.027638539919628335,0.0,0.1,1,0.08333333333333333,0.008333333333333333,0.1,0,0.0
24000,T49,1.0,1.0,0.0,1.0,1.0,0,0.0,0.0,0.0,0,0.0
24000,T490,0.3,0.3333333333333333,0.3472111109333277,0.0,0.9,11,0.9166666666666666,0.3,0.6000000000000001,0,0.0
24000,T491,0.0,0.0,0.0,0.0,0.0,0,0.0,0.0,0.0,0,0.0
24000,T492,0.0,0.0,0.0,0.0,0.0,0,0.0,0.0,0.0,0,0.0
24000,T493,1.0,1.0,0.0,1.0,1.0,0,0.0,0.0,0.0,0,0.0
24000,T494,0.0,0.03333333333333333,0.11055415967851334,0.0,0.4,1,0.08333333333333333,0.03333333333333333,0.4,0,0.0
24000,T495,1.0,1.0,0.0,1.0,1.0,0,0.0,0.0,0.0,0,0.0
24000,T496,0.0,0.24166666666666667,0.4192420409368422,0.0,1.0,3,0.25,0.24166666666666667,1.0,2,0.16666666666666666
24000,T497,1.0,0.8916666666666667,0.18911342863183697,0.3,1.0,6,0.5,0.10833333333333332,0.7,0,0.0
24000,T498,0.5,0.45,0.4252450274057692,0.0,1.0,12,1.0,0.39999999999999997,0.5,0,0.0
24000,T499,0.0,0.0,0.0,0.0,0.0,0,0.0,0.0,0.0,0,0.0
24000,T5,1.0,1.0,0.0,1.0,1.0,0,0.0,0.0,0.0,0,0.0
24000,T50,0.0,0.0,0.0,0.0,0.0,0,0.0,0.0,0.0,0,0.0
24000,T500,1.0,1.0,0.0,1.0,1.0,0,0.0,0.0,0.0,0,0.0
24000,T501,1.0,1.0,0.0,1.0,1.0,0,0.0,0.0,0.0,0,0.0
24000,T502,1.0,1.0,0.0,1.0,1.0,0,0.0,0.0,0.0,0,0.0
24000,T503,1.0,1.0,0.0,1.0,1.0,0,0.0,0.0,0.0,0,0.0
24000,T504,0.0,0.0,0.0,0.0,0.0,0,0.0,0.0,0.0,0,0.0
24000,T505,1.0,1.0,0.0,1.0,1.0,0,0.0,0.0,0.0,0,0.0
24000,T506,0.0,0.0,0.0,0.0,0.0,0,0.0,0.0,0.0,0,0.0
24000,T507,0.8,0.7999999999999999,0.14719601443879746,0.6,1.0,8,0.6666666666666666,0.11666666666666665,0.20000000000000007,0,0.0
24000,T508,0.5,0.5166666666666667,0.36247605284885903,0.0,1.0,10,0.8333333333333334,0.3166666666666667,0.5,0,0.0
24000,T509,1.0,1.0,0.0,1.0,1.0,0,0.0,0.0,0.0,0,0.0
24000,T51,0.0,0.0,0.0,0.0,0.0,0,0.0,0.0,0.0,0,0.0
24000,T510,1.0,1.0,0.0,1.0,1.0,0,0.0,0.0,0.0,0,0.0
24000,T511,1.0,1.0,0.0,1.0,1.0,0,0.0,0.0,0.0,0,0.0
24000,T512,0.1,0.2333333333333333,0.3590109871423003,0.0,1.0,10,0.8333333333333334,0.2333333333333334,0.9,0,0.0
24000,T513,0.0,0.0,0.0,0.0,0.0,0,0.0,0.0,0.0,0,0.0
24000,T514,0.0,0.024999999999999998,0.08291561975888499,0.0,0.3,1,0.08333333333333333,0.024999999999999998,0.3,0,0.0
24000,T515,0.0,0.09999999999999999,0.2,0.0,0.7,4,0.3333333333333333,0.09999999999999999,0.7,0,0.0
24000,T516,0.3,0.3083333333333333,0.37071627365892035,0.0,1.0,10,0.8333333333333334,0.3083333333333333,0.7,0,0.0
24000,T517,1.0,1.0,0.0,1.0,1.0,0,0.0,0.0,0.0,0,0.0
24000,T518,1.0,1.0,0.0,1.0,1.0,0,0.0,0.0,0.0,0,0.0
24000,T519,1.0,1.0,0.0,1.0,1.0,0,0.0,0.0,0.0,0,0.0
24000,T52,0.0,0.0,0.0,0.0,0.0,0,0.0,0.0,0.0,0,0.0
24000,T520,0.0,0.0,0.0,0.0,0.0,0,0.0,0.0,0.0,0,0.0
24000,T521,1.0,1.0,0.0,1.0,1.0,0,0.0,0.0,0.0,0,0.0
24000,T522,0.2,0.3333333333333333,0.41096093353126517,0.0,1.0,10,0.8333333333333334,0.3333333333333334,0.8,0,0.0
24000,T523,1.0,0.7833333333333333,0.21921577396609845,0.3,1.0,8,0.6666666666666666,0.21666666666666665,0.7,0,0.0
24000,T524,0.0,0.03333333333333333,0.11055415967851334,0.0,0.4,1,0.08333333333333333,0.03333333333333333,0.4,0,0.0
24000,T525,1.0,1.0,0.0,1.0,1.0,0,0.0,0.0,0.0,0,0.0
24000,T526,1.0,1.0,0.0,1.0,1.0,0,0.0,0.0,0.0,0,0.0
24000,T527,1.0,1.0,0.0,1.0,1.0,0,0.0,0.0,0.0,0,0.0
24000,T528,1.0,1.0,0.0,1.0,1.0,0,0.0,0.0,0.0,0,0.0
24000,T529,0.0,0.09166666666666667,0.170579079087156,0.0,0.5,3,0.25,0.09166666666666667,0.5,0,0.0
24000,T53,1.0,1.0,0.0,1.0,1.0,0,0.0,0.0,0.0,0,0.0
24000,T530,0.0,0.23333333333333336,0.3472111109333276,0.0,1.0,4,0.3333333333333333,0.23333333333333336,1.0,1,0.08333333333333333
24000,T531,1.0,1.0,0.0,1.0,1.0,0,0.0,0.0,0.0,0,0.0
24000,T532,0.0,0.0,0.0,0.0,0.0,0,0.0,0.0,0.0,0,0.0
24000,T533,1.0,1.0,0.0,1.0,1.0,0,0.0,0.0,0.0,0,0.0
24000,T534,0.0,0.03333333333333333,0.047140452079103175,0.0,0.1,4,0.3333333333333333,0.03333333333333333,0.1,0,0.0
24000,T535,1.0,1.0,0.0,1.0,1.0,0,0.0,0.0,0.0,0,0.0
24000,T536,1.0,1.0,0.0,1.0,1.0,0,0.0,0.0,0.0,0,0.0
24000,T537,1.0,1.0,0.0,1.0,1.0,0,0.0,0.0,0.0,0,0.0
24000,T538,1.0,0.8750000000000001,0.21650635094610965,0.2,1.0,6,0.5,0.125,0.8,0,0.0
24000,T539,0.0,0.0,0.0,0.0,0.0,0,0.0,0.0,0.0,0,0.0
24000,T54,1.0,1.0,0.0,1.0,1.0,0,0.0,0.0,0.0,0,0.0
24000,T540,1.0,1.0,0.0,1.0,1.0,0,0.0,0.0,0.0,0,0.0
24000,T541,0.0,0.0,0.0,0.0,0.0,0,0.0,0.0,0.0,0,0.0
24000,T542,1.0,1.0,0.0,1.0,1.0,0,0.0,0.0,0.0,0,0.0
24000,T543,0.0,0.16666666666666666,0.3726779962499649,0.0,1.0,2,0.16666666666666666,0.16666666666666666,1.0,2,0.16666666666666666
24000,T544,0.0,0.0,0.0,0.0,0.0,0,0.0,0.0,0.0,0,0.0
24000,T545,1.0,1.0,0.0,1.0,1.0,0,0.0,0.0,0.0,0,0.0
24000,T546,1.0,1.0,0.0,1.0,1.0,0,0.0,0.0,0.0,0,0.0
24000,T547,1.0,0.975,0.082915619758885,0.7,1.0,1,0.08333333333333333,0.025000000000000005,0.30000000000000004,0,0.0
24000,T548,1.0,1.0,0.0,1.0,1.0,0,0.0,0.0,0.0,0,0.0
24000,T549,1.0,1.0,0.0,1.0,1.0,0,0.0,0.0,0.0,0,0.0
24000,T55,0.0,0.0,0.0,0.0,0.0,0,0.0,0.0,0.0,0,0.0
24000,T550,0.0,0.0,0.0,0.0,0.0,0,0.0,0.0,0.0,0,0.0
24000,T551,1.0,1.0,0.0,1.0,1.0,0,0.0,0.0,0.0,0,0.0
24000,T552,0.6,0.5333333333333333,0.26246692913372704,0.2,1.0,7,0.5833333333333334,0.19999999999999998,0.4,0,0.0
24000,T553,1.0,1.0,0.0,1.0,1.0,0,0.0,0.0,0.0,0,0.0
24000,T554,1.0,1.0,0.0,1.0,1.0,0,0.0,0.0,0.0,0,0.0
24000,T555,1.0,1.0,0.0,1.0,1.0,0,0.0,0.0,0.0,0,0.0
24000,T556,0.0,0.0,0.0,0.0,0.0,0,0.0,0.0,0.0,0,0.0
24000,T557,1.0,1.0,0.0,1.0,1.0,0,0.0,0.0,0.0,0,0.0
24000,T558,1.0,0.8583333333333334,0.2139249608832239,0.5,1.0,4,0.3333333333333333,0.14166666666666666,0.5,0,0.0
24000,T559,0.0,0.0,0.0,0.0,0.0,0,0.0,0.0,0.0,0,0.0
24000,T56,1.0,0.9500000000000001,0.13844373104863458,0.5,1.0,2,0.16666666666666666,0.049999999999999996,0.5,0,0.0
24000,T560,0.0,0.0,0.0,0.0,0.0,0,0.0,0.0,0.0,0,0.0
24000,T561,1.0,1.0,0.0,1.0,1.0,0,0.0,0.0,0.0,0,0.0
24000,T562,1.0,1.0,0.0,1.0,1.0,0,0.0,0.0,0.0,0,0.0
24000,T563,0.0,0.0,0.0,0.0,0.0,0,0.0,0.0,0.0,0,0.0
24000,T564,1.0,1.0,0.0,1.0,1.0,0,0.0,0.0,0.0,0,0.0
24000,T565,0.9,0.6,0.3674234614174767,0.0,0.9,6,0.5,0.3,0.9,0,0.0
24000,T566,0.0,0.0,0.0,0.0,0.0,0,0.0,0.0,0.0,0,0.0
24000,T567,0.6,0.6166666666666668,0.3184162195757133,0.0,1.0,12,1.0,0.2833333333333334,0.6,0,0.0
24000,T568,1.0,1.0,0.0,1.0,1.0,0,0.0,0.0,0.0,0,0.0
24000,T569,1.0,1.0,0.0,1.0,1.0,0,0.0,0.0,0.0,0,0.0
24000,T57,0.0,0.0,0.0,0.0,0.0,0,0.0,0.0,0.0,0,0.0
24000,T570,1.0,1.0,0.0,1.0,1.0,0,0.0,0.0,0.0,0,0.0
24000,T571,1.0,1.0,0.0,1.0,1.0,0,0.0,0.0,0.0,0,0.0
24000,T572,0.6,0.5833333333333334,0.3890872509976251,0.0,1.0,12,1.0,0.35000000000000003,0.6,0,0.0
24000,T573,1.0,0.9416666666666668,0.19346977943739832,0.3,1.0,1,0.08333333333333333,0.05833333333333333,0.7,0,0.0
24000,T574,1.0,1.0,0.0,1.0,1.0,0,0.0,0.0,0.0,0,0.0
24000,T575,1.0,1.0,0.0,1.0,1.0,0,0.0,0.0,0.0,0,0.0
24000,T576,1.0,1.0,0.0,1.0,1.0,0,0.0,0.0,0.0,0,0.0
24000,T577,1.0,1.0,0.0,1.0,1.0,0,0.0,0.0,0.0,0,0.0
24000,T578,1.0,1.0,0.0,1.0,1.0,0,0.0,0.0,0.0,0,0.0
24000,T579,1.0,1.0,0.0,1.0,1.0,0,0.0,0.0,0.0,0,0.0
24000,T58,0.0,0.0,0.0,0.0,0.0,0,0.0,0.0,0.0,0,0.0
24000,T580,1.0,1.0,0.0,1.0,1.0,0,0.0,0.0,0.0,0,0.0
24000,T581,1.0,1.0,0.0,1.0,1.0,0,0.0,0.0,0.0,0,0.0
24000,T582,1.0,1.0,0.0,1.0,1.0,0,0.0,0.0,0.0,0,0.0
24000,T583,0.7,0.6916666666666668,0.2660148283252062,0.3,1.0,8,0.6666666666666666,0.20833333333333334,0.39999999999999997,0,0.0
24000,T584,1.0,1.0,0.0,1.0,1.0,0,0.0,0.0,0.0,0,0.0
24000,T585,0.0,0.08333333333333333,0.2763853991962833,0.0,1.0,1,0.08333333333333333,0.08333333333333333,1.0,1,0.08333333333333333
24000,T586,1.0,0.9416666666666665,0.09537935951882998,0.7,1.0,4,0.3333333333333333,0.05833333333333333,0.30000000000000004,0,0.0
24000,T587,1.0,0.8583333333333334,0.2498610725094158,0.3,1.0,3,0.25,0.14166666666666666,0.7,0,0.0
24000,T588,0.4,0.3916666666666666,0.3967751952372471,0.0,1.0,9,0.75,0.325,0.6,0,0.0
24000,T589,1.0,1.0,0.0,1.0,1.0,0,0.0,0.0,0.0,0,0.0
24000,T59,0.0,0.0,0.0,0.0,0.0,0,0.0,0.0,0.0,0,0.0
24000,T590,0.0,0.0,0.0,0.0,0.0,0,0.0,0.0,0.0,0,0.0
24000,T591,1.0,1.0,0.0,1.0,1.0,0,0.0,0.0,0.0,0,0.0
24000,T592,1.0,1.0,0.0,1.0,1.0,0,0.0,0.0,0.0,0,0.0
24000,T593,1.0,1.0,0.0,1.0,1.0,0,0.0,0.0,0.0,0,0.0
24000,T594,1.0,1.0,0.0,1.0,1.0,0,0.0,0.0,0.0,0,0.0
24000,T595,0.5,0.65,0.29860788111948194,0.3,1.0,11,0.9166666666666666,0.2666666666666667,0.5,0,0.0
24000,T596,1.0,1.0,0.0,1.0,1.0,0,0.0,0.0,0.0,0,0.0
24000,T597,1.0,0.9583333333333334,0.07592027982620246,0.8,1.0,3,0.25,0.04166666666666666,0.19999999999999996,0,0.0
24000,T598,1.0,1.0,0.0,1.0,1.0,0,0.0,0.0,0.0,0,0.0
24000,T599,1.0,1.0,0.0,1.0,1.0,0,0.0,0.0,0.0,0,0.0
24000,T6,1.0,1.0,0.0,1.0,1.0,0,0.0,0.0,0.0,0,0.0
24000,T60,0.0,0.0,0.0,0.0,0.0,0,0.0,0.0,0.0,0,0.0
24000,T600,0.0,0.03333333333333333,0.07453559924999299,0.0,0.2,2,0.16666666666666666,0.03333333333333333,0.2,0,0.0
24000,T601,0.0,0.16666666666666666,0.3726779962499649,0.0,1.0,2,0.16666666666666666,0.16666666666666666,1.0,2,0.16666666666666666
24000,T602,1.0,0.8500000000000001,0.18484227510682363,0.6,1.0,5,0.4166666666666667,0.15,0.4,0,0.0
24000,T603,1.0,1.0,0.0,1.0,1.0,0,0.0,0.0,0.0,0,0.0
24000,T604,0.5,0.375,0.3514849451493857,0.0,1.0,8,0.6666666666666666,0.2916666666666667,0.5,0,0.0
24000,T605,1.0,0.6333333333333333,0.4346134936801766,0.1,1.0,5,0.4166666666666667,0.3666666666666667,0.9,0,0.0
24000,T606,0.0,0.0,0.0,0.0,0.0,0,0.0,0.0,0.0,0,0.0
24000,T607,1.0,1.0,0.0,1.0,1.0,0,0.0,0.0,0.0,0,0.0
24000,T608,0.0,0.0,0.0,0.0,0.0,0,0.0,0.0,0.0,0,0.0
24000,T609,1.0,1.0,0.0,1.0,1.0,0,0.0,0.0,0.0,0,0.0
24000,T61,0.0,0.0,0.0,0.0,0.0,0,0.0,0.0,0.0,0,0.0
24000,T610,1.0,0.975,0.04330127018922192,0.9,1.0,3,0.25,0.024999999999999994,0.09999999999999998,0,0.0
24000,T611,1.0,1.0,0.0,1.0,1.0,0,0.0,0.0,0.0,0,0.0
24000,T612,1.0,1.0,0.0,1.0,1.0,0,0.0,0.0,0.0,0,0.0
24000,T613,0.0,0.08333333333333333,0.2763853991962833,0.0,1.0,1,0.08333333333333333,0.08333333333333333,1.0,1,0.08333333333333333
24000,T614,1.0,1.0,0.0,1.0,1.0,0,0.0,0.0,0.0,0,0.0
24000,T615,0.0,0.0,0.0,0.0,0.0,0,0.0,0.0,0.0,0,0.0
24000,T616,0.0,0.0,0.0,0.0,0.0,0,0.0,0.0,0.0,0,0.0
24000,T617,0.0,0.0,0.0,0.0,0.0,0,0.0,0.0,0.0,0,0.0
24000,T618,1.0,0.975,0.082915619758885,0.7,1.0,1,0.08333333333333333,0.025000000000000005,0.30000000000000004,0,0.0
24000,T619,1.0,1.0,0.0,1.0,1.0,0,0.0,0.0,0.0,0,0.0
24000,T62,0.0,0.20833333333333334,0.37960139913101243,0.0,1.0,3,0.25,0.20833333333333334,1.0,2,0.16666666666666666
24000,T620,1.0,1.0,0.0,1.0,1.0,0,0.0,0.0,0.0,0,0.0
24000,T621,1.0,1.0,0.0,1.0,1.0,0,0.0,0.0,0.0,0,0.0
24000,T622,1.0,1.0,0.0,1.0,1.0,0,0.0,0.0,0.0,0,0.0
24000,T623,1.0,0.8583333333333334,0.32264101137676565,0.0,1.0,2,0.16666666666666666,0.14166666666666666,1.0,1,0.08333333333333333
24000,T624,1.0,1.0,0.0,1.0,1.0,0,0.0,0.0,0.0,0,0.0
24000,T625,0.8,0.6833333333333332,0.34840908267278126,0.0,1.0,12,1.0,0.28333333333333344,0.8,0,0.0
24000,T626,0.0,0.0,0.0,0.0,0.0,0,0.0,0.0,0.0,0,0.0
24000,T627,1.0,1.0,0.0,1.0,1.0,0,0.0,0.0,0.0,0,0.0
24000,T628,0.0,0.0,0.0,0.0,0.0,0,0.0,0.0,0.0,0,0.0
24000,T629,0.0,0.0,0.0,0.0,0.0,0,0.0,0.0,0.0,0,0.0
24000,T63,0.0,0.0,0.0,0.0,0.0,0,0.0,0.0,0.0,0,0.0
24000,T630,1.0,1.0,0.0,1.0,1.0,0,0.0,0.0,0.0,0,0.0
24000,T631,1.0,1.0,0.0,1.0,1.0,0,0.0,0.0,0.0,0,0.0
24000,T632,1.0,1.0,0.0,1.0,1.0,0,0.0,0.0,0.0,0,0.0
24000,T633,1.0,1.0,0.0,1.0,1.0,0,0.0,0.0,0.0,0,0.0
24000,T634,1.0,1.0,0.0,1.0,1.0,0,0.0,0.0,0.0,0,0.0
24000,T635,0.0,0.0,0.0,0.0,0.0,0,0.0,0.0,0.0,0,0.0
24000,T636,1.0,1.0,0.0,1.0,1.0,0,0.0,0.0,0.0,0,0.0
24000,T637,1.0,1.0,0.0,1.0,1.0,0,0.0,0.0,0.0,0,0.0
24000,T638,0.0,0.0,0.0,0.0,0.0,0,0.0,0.0,0.0,0,0.0
24000,T639,1.0,1.0,0.0,1.0,1.0,0,0.0,0.0,0.0,0,0.0
24000,T64,0.0,0.09166666666666667,0.20598678490513792,0.0,0.6,2,0.16666666666666666,0.09166666666666667,0.6,0,0.0
24000,T640,1.0,1.0,0.0,1.0,1.0,0,0.0,0.0,0.0,0,0.0
24000,T641,1.0,1.0,0.0,1.0,1.0,0,0.0,0.0,0.0,0,0.0
24000,T642,1.0,1.0,0.0,1.0,1.0,0,0.0,0.0,0.0,0,0.0
24000,T643,0.0,0.08333333333333333,0.15723301886761004,0.0,0.5,3,0.25,0.08333333333333333,0.5,0,0.0
24000,T644,1.0,1.0,0.0,1.0,1.0,0,0.0,0.0,0.0,0,0.0
24000,T645,1.0,1.0,0.0,1.0,1.0,0,0.0,0.0,0.0,0,0.0
24000,T646,0.0,0.0,0.0,0.0,0.0,0,0.0,0.0,0.0,0,0.0
24000,T647,1.0,1.0,0.0,1.0,1.0,0,0.0,0.0,0.0,0,0.0
24000,T648,1.0,0.75,0.304138126514911,0.3,1.0,5,0.4166666666666667,0.25,0.7,0,0.0
24000,T649,0.0,0.0,0.0,0.0,0.0,0,0.0,0.0,0.0,0,0.0
24000,T65,1.0,1.0,0.0,1.0,1.0,0,0.0,0.0,0.0,0,0.0
24000,T650,0.0,0.15,0.29297326385411576,0.0,0.8,4,0.3333333333333333,0.15,0.8,0,0.0
24000,T651,0.0,0.0,0.0,0.0,0.0,0,0.0,0.0,0.0,0,0.0
24000,T652,1.0,1.0,0.0,1.0,1.0,0,0.0,0.0,0.0,0,0.0
24000,T653,1.0,1.0,0.0,1.0,1.0,0,0.0,0.0,0.0,0,0.0
24000,T654,0.0,0.15,0.3378855822118882,0.0,1.0,2,0.16666666666666666,0.15,1.0,1,0.08333333333333333
24000,T655,1.0,1.0,0.0,1.0,1.0,0,0.0,0.0,0.0,0,0.0
24000,T656,1.0,1.0,0.0,1.0,1.0,0,0.0,0.0,0.0,0,0.0
24000,T657,1.0,1.0,0.0,1.0,1.0,0,0.0,0.0,0.0,0,0.0
24000,T658,0.5,0.425,0.3491060010942235,0.0,1.0,9,0.75,0.275,0.5,0,0.0
24000,T659,1.0,1.0,0.0,1.0,1.0,0,0.0,0.0,0.0,0,0.0
24000,T66,1.0,1.0,0.0,1.0,1.0,0,0.0,0.0,0.0,0,0.0
24000,T660,1.0,1.0,0.0,1.0,1.0,0,0.0,0.0,0.0,0,0.0
24000,T661,1.0,1.0,0.0,1.0,1.0,0,0.0,0.0,0.0,0,0.0
24000,T662,1.0,1.0,0.0,1.0,1.0,0,0.0,0.0,0.0,0,0.0
24000,T663,1.0,1.0,0.0,1.0,1.0,0,0.0,0.0,0.0,0,0.0
24000,T664,0.0,0.0,0.0,0.0,0.0,0,0.0,0.0,0.0,0,0.0
24000,T665,1.0,1.0,0.0,1.0,1.0,0,0.0,0.0,0.0,0,0.0
24000,T666,1.0,1.0,0.0,1.0,1.0,0,0.0,0.0,0.0,0,0.0
24000,T667,0.0,0.0,0.0,0.0,0.0,0,0.0,0.0,0.0,0,0.0
24000,T668,1.0,1.0,0.0,1.0,1.0,0,0.0,0.0,0.0,0,0.0
24000,T669,1.0,1.0,0.0,1.0,1.0,0,0.0,0.0,0.0,0,0.0
24000,T67,0.0,0.0,0.0,0.0,0.0,0,0.0,0.0,0.0,0,0.0
24000,T670,1.0,1.0,0.0,1.0,1.0,0,0.0,0.0,0.0,0,0.0
24000,T671,1.0,1.0,0.0,1.0,1.0,0,0.0,0.0,0.0,0,0.0
24000,T672,0.2,0.21666666666666667,0.2881936077631764,0.0,1.0,11,0.9166666666666666,0.21666666666666667,0.8,0,0.0
24000,T673,0.0,0.0,0.0,0.0,0.0,0,0.0,0.0,0.0,0,0.0
24000,T674,1.0,1.0,0.0,1.0,1.0,0,0.0,0.0,0.0,0,0.0
24000,T675,1.0,1.0,0.0,1.0,1.0,0,0.0,0.0,0.0,0,0.0
24000,T676,1.0,1.0,0.0,1.0,1.0,0,0.0,0.0,0.0,0,0.0
24000,T677,1.0,1.0,0.0,1.0,1.0,0,0.0,0.0,0.0,0,0.0
24000,T678,1.0,1.0,0.0,1.0,1.0,0,0.0,0.0,0.0,0,0.0
24000,T679,1.0,0.75,0.26299556396765833,0.0,1.0,8,0.6666666666666666,0.25,1.0,1,0.08333333333333333
24000,T68,0.0,0.0,0.0,0.0,0.0,0,0.0,0.0,0.0,0,0.0
24000,T680,1.0,0.9916666666666667,0.02763853991962832,0.9,1.0,1,0.08333333333333333,0.008333333333333331,0.09999999999999998,0,0.0
24000,T681,1.0,1.0,0.0,1.0,1.0,0,0.0,0.0,0.0,0,0.0
24000,T682,1.0,1.0,0.0,1.0,1.0,0,0.0,0.0,0.0,0,0.0
24000,T683,1.0,1.0,0.0,1.0,1.0,0,0.0,0.0,0.0,0,0.0
24000,T684,1.0,1.0,0.0,1.0,1.0,0,0.0,0.0,0.0,0,0.0
24000,T685,1.0,1.0,0.0,1.0,1.0,0,0.0,0.0,0.0,0,0.0
24000,T686,1.0,1.0,0.0,1.0,1.0,0,0.0,0.0,0.0,0,0.0
24000,T687,0.0,0.0,0.0,0.0,0.0,0,0.0,0.0,0.0,0,0.0
24000,T688,0.0,0.0,0.0,0.0,0.0,0,0.0,0.0,0.0,0,0.0
24000,T689,1.0,0.75,0.35000000000000003,0.1,1.0,5,0.4166666666666667,0.25,0.9,0,0.0
24000,T69,0.0,0.0,0.0,0.0,0.0,0,0.0,0.0,0.0,0,0.0
24000,T690,1.0,1.0,0.0,1.0,1.0,0,0.0,0.0,0.0,0,0.0
24000,T691,0.8,0.7666666666666666,0.268741924943285,0.2,1.0,6,0.5,0.16666666666666666,0.6000000000000001,0,0.0
24000,T692,1.0,1.0,0.0,1.0,1.0,0,0.0,0.0,0.0,0,0.0
24000,T693,0.0,0.0,0.0,0.0,0.0,0,0.0,0.0,0.0,0,0.0
24000,T694,1.0,1.0,0.0,1.0,1.0,0,0.0,0.0,0.0,0,0.0
24000,T695,0.0,0.0,0.0,0.0,0.0,0,0.0,0.0,0.0,0,0.0
24000,T696,1.0,1.0,0.0,1.0,1.0,0,0.0,0.0,0.0,0,0.0
24000,T697,1.0,1.0,0.0,1.0,1.0,0,0.0,0.0,0.0,0,0.0
24000,T698,1.0,1.0,0.0,1.0,1.0,0,0.0,0.0,0.0,0,0.0
24000,T699,1.0,1.0,0.0,1.0,1.0,0,0.0,0.0,0.0,0,0.0
24000,T7,0.4,0.30833333333333335,0.27525240941522905,0.0,0.6,11,0.9166666666666666,0.2583333333333333,0.4,0,0.0
24000,T70,1.0,1.0,0.0,1.0,1.0,0,0.0,0.0,0.0,0,0.0
24000,T700,1.0,1.0,0.0,1.0,1.0,0,0.0,0.0,0.0,0,0.0
24000,T701,1.0,1.0,0.0,1.0,1.0,0,0.0,0.0,0.0,0,0.0
24000,T702,0.0,0.0,0.0,0.0,0.0,0,0.0,0.0,0.0,0,0.0
24000,T703,0.0,0.06666666666666667,0.22110831935702668,0.0,0.8,1,0.08333333333333333,0.06666666666666667,0.8,0,0.0
24000,T704,0.0,0.008333333333333333,0.027638539919628335,0.0,0.1,1,0.08333333333333333,0.008333333333333333,0.1,0,0.0
24000,T705,1.0,1.0,0.0,1.0,1.0,0,0.0,0.0,0.0,0,0.0
24000,T706,1.0,1.0,0.0,1.0,1.0,0,0.0,0.0,0.0,0,0.0
24000,T707,1.0,1.0,0.0,1.0,1.0,0,0.0,0.0,0.0,0,0.0
24000,T708,1.0,0.8166666666666668,0.2733536577809454,0.3,1.0,4,0.3333333333333333,0.18333333333333332,0.7,0,0.0
24000,T709,0.0,0.0,0.0,0.0,0.0,0,0.0,0.0,0.0,0,0.0
24000,T71,1.0,1.0,0.0,1.0,1.0,0,0.0,0.0,0.0,0,0.0
24000,T710,0.1,0.23333333333333336,0.3009245014211298,0.0,1.0,11,0.9166666666666666,0.23333333333333336,0.9,0,0.0
24000,T711,0.1,0.20833333333333334,0.2956865833201695,0.0,0.9,11,0.9166666666666666,0.22500000000000006,0.8,0,0.0
24000,T712,0.0,0.0,0.0,0.0,0.0,0,0.0,0.0,0.0,0,0.0
24000,T713,1.0,0.9500000000000001,0.1118033988749895,0.6,1.0,3,0.25,0.049999999999999996,0.4,0,0.0
24000,T714,1.0,0.9,0.27688746209726917,0.0,1.0,2,0.16666666666666666,0.09999999999999999,1.0,1,0.08333333333333333
24000,T715,0.0,0.0,0.0,0.0,0.0,0,0.0,0.0,0.0,0,0.0
24000,T716,1.0,1.0,0.0,1.0,1.0,0,0.0,0.0,0.0,0,0.0
24000,T717,0.2,0.425,0.4866980583482946,0.0,1.0,12,1.0,0.44166666666666665,0.8,0,0.0
24000,T718,0.0,0.0,0.0,0.0,0.0,0,0.0,0.0,0.0,0,0.0
24000,T719,1.0,1.0,0.0,1.0,1.0,0,0.0,0.0,0.0,0,0.0
24000,T72,1.0,1.0,0.0,1.0,1.0,0,0.0,0.0,0.0,0,0.0
24000,T720,0.0,0.0,0.0,0.0,0.0,0,0.0,0.0,0.0,0,0.0
24000,T721,1.0,1.0,0.0,1.0,1.0,0,0.0,0.0,0.0,0,0.0
24000,T722,1.0,1.0,0.0,1.0,1.0,0,0.0,0.0,0.0,0,0.0
24000,T723,1.0,1.0,0.0,1.0,1.0,0,0.0,0.0,0.0,0,0.0
24000,T724,0.0,0.0,0.0,0.0,0.0,0,0.0,0.0,0.0,0,0.0
24000,T725,1.0,1.0,0.0,1.0,1.0,0,0.0,0.0,0.0,0,0.0
24000,T726,1.0,1.0,0.0,1.0,1.0,0,0.0,0.0,0.0,0,0.0
24000,T727,1.0,1.0,0.0,1.0,1.0,0,0.0,0.0,0.0,0,0.0
24000,T728,1.0,1.0,0.0,1.0,1.0,0,0.0,0.0,0.0,0,0.0
24000,T729,0.0,0.0,0.0,0.0,0.0,0,0.0,0.0,0.0,0,0.0
24000,T73,1.0,1.0,0.0,1.0,1.0,0,0.0,0.0,0.0,0,0.0
24000,T730,1.0,1.0,0.0,1.0,1.0,0,0.0,0.0,0.0,0,0.0
24000,T731,1.0,1.0,0.0,1.0,1.0,0,0.0,0.0,0.0,0,0.0
24000,T732,0.3,0.43333333333333335,0.32231799343022866,0.0,0.8,10,0.8333333333333334,0.2833333333333333,0.5,0,0.0
24000,T733,1.0,1.0,0.0,1.0,1.0,0,0.0,0.0,0.0,0,0.0
24000,T734,0.0,0.08333333333333333,0.2763853991962833,0.0,1.0,1,0.08333333333333333,0.08333333333333333,1.0,1,0.08333333333333333
24000,T735,1.0,1.0,0.0,1.0,1.0,0,0.0,0.0,0.0,0,0.0
24000,T736,1.0,1.0,0.0,1.0,1.0,0,0.0,0.0,0.0,0,0.0
24000,T737,0.8,0.8416666666666668,0.09537935951882996,0.7,1.0,4,0.3333333333333333,0.05833333333333333,0.19999999999999996,0,0.0
24000,T738,1.0,0.9333333333333335,0.09428090415820632,0.8,1.0,4,0.3333333333333333,0.06666666666666665,0.19999999999999996,0,0.0
24000,T739,0.0,0.08333333333333333,0.2763853991962833,0.0,1.0,1,0.08333333333333333,0.08333333333333333,1.0,1,0.08333333333333333
24000,T74,1.0,1.0,0.0,1.0,1.0,0,0.0,0.0,0.0,0,0.0
24000,T740,1.0,1.0,0.0,1.0,1.0,0,0.0,0.0,0.0,0,0.0
24000,T741,1.0,1.0,0.0,1.0,1.0,0,0.0,0.0,0.0,0,0.0
24000,T742,0.0,0.0,0.0,0.0,0.0,0,0.0,0.0,0.0,0,0.0
24000,T743,0.0,0.0,0.0,0.0,0.0,0,0.0,0.0,0.0,0,0.0
24000,T744,0.0,0.0,0.0,0.0,0.0,0,0.0,0.0,0.0,0,0.0
24000,T745,0.9,0.5583333333333332,0.47514617633828105,0.0,1.0,11,0.9166666666666666,0.42500000000000004,0.9,0,0.0
24000,T746,1.0,0.85,0.21408720964441882,0.5,1.0,4,0.3333333333333333,0.15,0.5,0,0.0
24000,T747,0.0,0.0,0.0,0.0,0.0,0,0.0,0.0,0.0,0,0.0
24000,T748,0.7,0.44166666666666665,0.41121432638251093,0.1,1.0,11,0.9166666666666666,0.4416666666666666,0.6,0,0.0
24000,T749,1.0,1.0,0.0,1.0,1.0,0,0.0,0.0,0.0,0,0.0
24000,T75,0.0,0.0,0.0,0.0,0.0,0,0.0,0.0,0.0,0,0.0
24000,T750,1.0,1.0,0.0,1.0,1.0,0,0.0,0.0,0.0,0,0.0
24000,T751,1.0,1.0,0.0,1.0,1.0,0,0.0,0.0,0.0,0,0.0
24000,T752,1.0,1.0,0.0,1.0,1.0,0,0.0,0.0,0.0,0,0.0
24000,T753,0.0,0.0,0.0,0.0,0.0,0,0.0,0.0,0.0,0,0.0
24000,T754,0.0,0.0,0.0,0.0,0.0,0,0.0,0.0,0.0,0,0.0
24000,T755,0.0,0.06666666666666667,0.22110831935702668,0.0,0.8,1,0.08333333333333333,0.06666666666666667,0.8,0,0.0
24000,T756,1.0,1.0,0.0,1.0,1.0,0,0.0,0.0,0.0,0,0.0
24000,T757,0.0,0.0,0.0,0.0,0.0,0,0.0,0.0,0.0,0,0.0
24000,T758,0.0,0.0,0.0,0.0,0.0,0,0.0,0.0,0.0,0,0.0
24000,T759,1.0,1.0,0.0,1.0,1.0,0,0.0,0.0,0.0,0,0.0
24000,T76,0.9,0.8500000000000001,0.19790570145063194,0.3,1.0,9,0.75,0.13333333333333333,0.6000000000000001,0,0.0
24000,T760,1.0,1.0,0.0,1.0,1.0,0,0.0,0.0,0.0,0,0.0
24000,T761,1.0,1.0,0.0,1.0,1.0,0,0.0,0.0,0.0,0,0.0
24000,T762,1.0,1.0,0.0,1.0,1.0,0,0.0,0.0,0.0,0,0.0
24000,T763,1.0,1.0,0.0,1.0,1.0,0,0.0,0.0,0.0,0,0.0
24000,T764,1.0,1.0,0.0,1.0,1.0,0,0.0,0.0,0.0,0,0.0
24000,T765,1.0,1.0,0.0,1.0,1.0,0,0.0,0.0,0.0,0,0.0
24000,T766,1.0,1.0,0.0,1.0,1.0,0,0.0,0.0,0.0,0,0.0
24000,T767,1.0,1.0,0.0,1.0,1.0,0,0.0,0.0,0.0,0,0.0
24000,T77,1.0,0.9166666666666666,0.1863389981249825,0.5,1.0,2,0.16666666666666666,0.08333333333333333,0.5,0,0.0
24000,T78,1.0,1.0,0.0,1.0,1.0,0,0.0,0.0,0.0,0,0.0
24000,T79,1.0,1.0,0.0,1.0,1.0,0,0.0,0.0,0.0,0,0.0
24000,T8,0.0,0.075,0.248746859276655,0.0,0.9,1,0.08333333333333333,0.075,0.9,0,0.0
24000,T80,1.0,1.0,0.0,1.0,1.0,0,0.0,0.0,0.0,0,0.0
24000,T81,0.0,0.0,0.0,0.0,0.0,0,0.0,0.0,0.0,0,0.0
24000,T82,0.0,0.08333333333333333,0.2763853991962833,0.0,1.0,1,0.08333333333333333,0.08333333333333333,1.0,1,0.08333333333333333
24000,T83,1.0,1.0,0.0,1.0,1.0,0,0.0,0.0,0.0,0,0.0
24000,T84,1.0,1.0,0.0,1.0,1.0,0,0.0,0.0,0.0,0,0.0
24000,T85,1.0,1.0,0.0,1.0,1.0,0,0.0,0.0,0.0,0,0.0
24000,T86,1.0,1.0,0.0,1.0,1.0,0,0.0,0.0,0.0,0,0.0
24000,T87,1.0,1.0,0.0,1.0,1.0,0,0.0,0.0,0.0,0,0.0
24000,T88,1.0,1.0,0.0,1.0,1.0,0,0.0,0.0,0.0,0,0.0
24000,T89,0.3,0.425,0.30310889132455354,0.0,1.0,9,0.75,0.25833333333333336,0.7,0,0.0
24000,T9,1.0,1.0,0.0,1.0,1.0,0,0.0,0.0,0.0,0,0.0
24000,T90,0.0,0.0,0.0,0.0,0.0,0,0.0,0.0,0.0,0,0.0
24000,T91,0.0,0.0,0.0,0.0,0.0,0,0.0,0.0,0.0,0,0.0
24000,T92,0.0,0.0,0.0,0.0,0.0,0,0.0,0.0,0.0,0,0.0
24000,T93,0.0,0.0,0.0,0.0,0.0,0,0.0,0.0,0.0,0,0.0
24000,T94,0.0,0.0,0.0,0.0,0.0,0,0.0,0.0,0.0,0,0.0
24000,T95,0.4,0.48333333333333334,0.3484090826727812,0.0,1.0,11,0.9166666666666666,0.2833333333333334,0.6,0,0.0
24000,T96,1.0,1.0,0.0,1.0,1.0,0,0.0,0.0,0.0,0,0.0
24000,T97,1.0,0.8166666666666668,0.23392781412697,0.3,1.0,8,0.6666666666666666,0.18333333333333335,0.7,0,0.0
24000,T98,1.0,0.975,0.082915619758885,0.7,1.0,1,0.08333333333333333,0.025000000000000005,0.30000000000000004,0,0.0
24000,T99,1.0,1.0,0.0,1.0,1.0,0,0.0,0.0,0.0,0,0.0
24001,T1,1.0,1.0,0.0,1.0,1.0,0,0.0,0.0,0.0,0,0.0
24001,T10,1.0,1.0,0.0,1.0,1.0,0,0.0,0.0,0.0,0,0.0
24001,T100,0.0,0.0,0.0,0.0,0.0,0,0.0,0.0,0.0,0,0.0
24001,T101,1.0,1.0,0.0,1.0,1.0,0,0.0,0.0,0.0,0,0.0
24001,T102,1.0,1.0,0.0,1.0,1.0,0,0.0,0.0,0.0,0,0.0
24001,T103,1.0,1.0,0.0,1.0,1.0,0,0.0,0.0,0.0,0,0.0
24001,T104,1.0,1.0,0.0,1.0,1.0,0,0.0,0.0,0.0,0,0.0
24001,T105,1.0,1.0,0.0,1.0,1.0,0,0.0,0.0,0.0,0,0.0
24001,T106,1.0,1.0,0.0,1.0,1.0,0,0.0,0.0,0.0,0,0.0
24001,T107,1.0,1.0,0.0,1.0,1.0,0,0.0,0.0,0.0,0,0.0
24001,T108,1.0,0.9750000000000001,0.043301270189221926,0.9,1.0,3,0.25,0.024999999999999994,0.09999999999999998,0,0.0
24001,T109,1.0,1.0,0.0,1.0,1.0,0,0.0,0.0,0.0,0,0.0
24001,T11,1.0,1.0,0.0,1.0,1.0,0,0.0,0.0,0.0,0,0.0
24001,T110,0.1,0.275,0.3467107343785787,0.0,1.0,6,0.5,0.20833333333333334,0.9,0,0.0
24001,T111,0.9,0.55,0.3304037933599835,0.1,1.0,11,0.9166666666666666,0.4000000000000001,0.8,0,0.0
24001,T112,0.9,0.8166666666666665,0.17240134054647666,0.5,1.0,12,1.0,0.1666666666666667,0.4,0,0.0
24001,T113,1.0,0.9833333333333334,0.05527707983925664,0.8,1.0,1,0.08333333333333333,0.016666666666666663,0.19999999999999996,0,0.0
24001,T114,1.0,1.0,0.0,1.0,1.0,0,0.0,0.0,0.0,0,0.0
24001,T115,0.0,0.08333333333333333,0.2763853991962833,0.0,1.0,1,0.08333333333333333,0.08333333333333333,1.0,1,0.08333333333333333
24001,T116,1.0,1.0,0.0,1.0,1.0,0,0.0,0.0,0.0,0,0.0
24001,T117,1.0,1.0,0.0,1.0,1.0,0,0.0,0.0,0.0,0,0.0
24001,T118,1.0,0.8916666666666667,0.125554326444328,0.6,1.0,6,0.5,0.10833333333333332,0.4,0,0.0
24001,T119,1.0,1.0,0.0,1.0,1.0,0,0.0,0.0,0.0,0,0.0
24001,T12,1.0,1.0,0.0,1.0,1.0,0,0.0,0.0,0.0,0,0.0
24001,T120,0.0,0.0,0.0,0.0,0.0,0,0.0,0.0,0.0,0,0.0
24001,T121,1.0,1.0,0.0,1.0,1.0,0,0.0,0.0,0.0,0,0.0
24001,T122,0.5,0.2833333333333334,0.4099457958749614,0.0,1.0,12,1.0,0.45,0.5,0,0.0
24001,T123,0.0,0.3333333333333333,0.47140452079103173,0.0,1.0,4,0.3333333333333333,0.3333333333333333,1.0,4,0.3333333333333333
24001,T124,0.0,0.17500000000000002,0.2680951323690902,0.0,0.8,4,0.3333333333333333,0.17500000000000002,0.8,0,0.0
24001,T125,1.0,1.0,0.0,1.0,1.0,0,0.0,0.0,0.0,0,0.0
24001,T126,1.0,1.0,0.0,1.0,1.0,0,0.0,0.0,0.0,0,0.0
24001,T127,1.0,1.0,0.0,1.0,1.0,0,0.0,0.0,0.0,0,0.0
24001,T128,1.0,1.0,0.0,1.0,1.0,0,0.0,0.0,0.0,0,0.0
24001,T129,1.0,1.0,0.0,1.0,1.0,0,0.0,0.0,0.0,0,0.0
24001,T13,1.0,1.0,0.0,1.0,1.0,0,0.0,0.0,0.0,0,0.0
24001,T130,0.0,0.0,0.0,0.0,0.0,0,0.0,0.0,0.0,0,0.0
24001,T131,1.0,1.0,0.0,1.0,1.0,0,0.0,0.0,0.0,0,0.0
24001,T132,1.0,1.0,0.0,1.0,1.0,0,0.0,0.0,0.0,0,0.0
24001,T133,1.0,1.0,0.0,1.0,1.0,0,0.0,0.0,0.0,0,0.0
24001,T134,1.0,0.9583333333333334,0.08620067027323834,0.7,1.0,3,0.25,0.041666666666666664,0.30000000000000004,0,0.0
24001,T135,1.0,1.0,0.0,1.0,1.0,0,0.0,0.0,0.0,0,0.0
24001,T136,1.0,1.0,0.0,1.0,1.0,0,0.0,0.0,0.0,0,0.0
24001,T137,1.0,1.0,0.0,1.0,1.0,0,0.0,0.0,0.0,0,0.0
24001,T138,1.0,1.0,0.0,1.0,1.0,0,0.0,0.0,0.0,0,0.0
24001,T139,1.0,1.0,0.0,1.0,1.0,0,0.0,0.0,0.0,0,0.0
24001,T14,1.0,1.0,0.0,1.0,1.0,0,0.0,0.0,0.0,0,0.0
24001,T140,1.0,1.0,0.0,1.0,1.0,0,0.0,0.0,0.0,0,0.0
24001,T141,1.0,1.0,0.0,1.0,1.0,0,0.0,0.0,0.0,0,0.0
24001,T142,1.0,1.0,0.0,1.0,1.0,0,0.0,0.0,0.0,0,0.0
24001,T143,1.0,1.0,0.0,1.0,1.0,0,0.0,0.0,0.0,0,0.0
24001,T144,0.8,0.8166666666666669,0.07993052538854532,0.7,1.0,5,0.4166666666666667,0.05000000000000001,0.19999999999999996,0,0.0
24001,T145,1.0,1.0,0.0,1.0,1.0,0,0.0,0.0,0.0,0,0.0
24001,T146,1.0,1.0,0.0,1.0,1.0,0,0.0,0.0,0.0,0,0.0
24001,T147,1.0,1.0,0.0,1.0,1.0,0,0.0,0.0,0.0,0,0.0
24001,T148,0.0,0.08333333333333333,0.2763853991962833,0.0,1.0,1,0.08333333333333333,0.08333333333333333,1.0,1,0.08333333333333333
24001,T149,1.0,1.0,0.0,1.0,1.0,0,0.0,0.0,0.0,0,0.0
24001,T15,1.0,1.0,0.0,1.0,1.0,0,0.0,0.0,0.0,0,0.0
24001,T150,0.0,0.0,0.0,0.0,0.0,0,0.0,0.0,0.0,0,0.0
24001,T151,0.8,0.7333333333333334,0.26246692913372704,0.0,1.0,7,0.5833333333333334,0.16666666666666666,0.8,0,0.0
24001,T152,0.0,0.0,0.0,0.0,0.0,0,0.0,0.0,0.0,0,0.0
24001,T153,1.0,1.0,0.0,1.0,1.0,0,0.0,0.0,0.0,0,0.0
24001,T154,1.0,1.0,0.0,1.0,1.0,0,0.0,0.0,0.0,0,0.0
24001,T155,0.0,0.17500000000000002,0.2203217344400381,0.0,0.5,5,0.4166666666666667,0.17500000000000002,0.5,0,0.0
24001,T156,0.0,0.0,0.0,0.0,0.0,0,0.0,0.0,0.0,0,0.0
24001,T157,1.0,1.0,0.0,1.0,1.0,0,0.0,0.0,0.0,0,0.0
24001,T158,1.0,1.0,0.0,1.0,1.0,0,0.0,0.0,0.0,0,0.0
24001,T159,0.0,0.016666666666666666,0.03726779962499649,0.0,0.1,2,0.16666666666666666,0.016666666666666666,0.1,0,0.0
24001,T16,1.0,1.0,0.0,1.0,1.0,0,0.0,0.0,0.0,0,0.0
24001,T160,1.0,1.0,0.0,1.0,1.0,0,0.0,0.0,0.0,0,0.0
24001,T161,0.0,0.0,0.0,0.0,0.0,0,0.0,0.0,0.0,0,0.0
24001,T162,0.0,0.0,0.0,0.0,0.0,0,0.0,0.0,0.0,0,0.0
24001,T163,1.0,1.0,0.0,1.0,1.0,0,0.0,0.0,0.0,0,0.0
24001,T164,1.0,1.0,0.0,1.0,1.0,0,0.0,0.0,0.0,0,0.0
24001,T165,1.0,1.0,0.0,1.0,1.0,0,0.0,0.0,0.0,0,0.0
24001,T166,0.0,0.15833333333333333,0.30402393911591163,0.0,1.0,3,0.25,0.15833333333333333,1.0,1,0.08333333333333333
24001,T167,1.0,1.0,0.0,1.0,1.0,0,0.0,0.0,0.0,0,0.0
24001,T168,0.0,0.24166666666666667,0.41924204093684225,0.0,1.0,3,0.25,0.24166666666666667,1.0,2,0.16666666666666666
24001,T169,1.0,1.0,0.0,1.0,1.0,0,0.0,0.0,0.0,0,0.0
24001,T17,0.0,0.0,0.0,0.0,0.0,0,0.0,0.0,0.0,0,0.0
24001,T170,1.0,1.0,0.0,1.0,1.0,0,0.0,0.0,0.0,0,0.0
24001,T171,1.0,1.0,0.0,1.0,1.0,0,0.0,0.0,0.0,0,0.0
24001,T172,1.0,1.0,0.0,1.0,1.0,0,0.0,0.0,0.0,0,0.0
24001,T173,1.0,1.0,0.0,1.0,1.0,0,0.0,0.0,0.0,0,0.0
24001,T174,1.0,1.0,0.0,1.0,1.0,0,0.0,0.0,0.0,0,0.0
24001,T175,1.0,0.8250000000000001,0.2419538523492996,0.2,1.0,5,0.4166666666666667,0.17500000000000002,0.8,0,0.0
24001,T176,1.0,1.0,0.0,1.0,1.0,0,0.0,0.0,0.0,0,0.0
24001,T177,0.0,0.0,0.0,0.0,0.0,0,0.0,0.0,0.0,0,0.0
24001,T178,1.0,1.0,0.0,1.0,1.0,0,0.0,0.0,0.0,0,0.0
24001,T179,0.0,0.0,0.0,0.0,0.0,0,0.0,0.0,0.0,0,0.0
24001,T18,1.0,1.0,0.0,1.0,1.0,0,0.0,0.0,0.0,0,0.0
24001,T180,0.0,0.08333333333333333,0.2763853991962833,0.0,1.0,1,0.08333333333333333,0.08333333333333333,1.0,1,0.08333333333333333
24001,T181,1.0,1.0,0.0,1.0,1.0,0,0.0,0.0,0.0,0,0.0
24001,T182,1.0,1.0,0.0,1.0,1.0,0,0.0,0.0,0.0,0,0.0
24001,T183,1.0,1.0,0.0,1.0,1.0,0,0.0,0.0,0.0,0,0.0
24001,T184,1.0,1.0,0.0,1.0,1.0,0,0.0,0.0,0.0,0,0.0
24001,T185,1.0,1.0,0.0,1.0,1.0,0,0.0,0.0,0.0,0,0.0
24001,T186,1.0,1.0,0.0,1.0,1.0,0,0.0,0.0,0.0,0,0.0
24001,T187,1.0,1.0,0.0,1.0,1.0,0,0.0,0.0,0.0,0,0.0
24001,T188,1.0,1.0,0.0,1.0,1.0,0,0.0,0.0,0.0,0,0.0
24001,T189,1.0,1.0,0.0,1.0,1.0,0,0.0,0.0,0.0,0,0.0
24001,T19,1.0,1.0,0.0,1.0,1.0,0,0.0,0.0,0.0,0,0.0
24001,T190,1.0,1.0,0.0,1.0,1.0,0,0.0,0.0,0.0,0,0.0
24001,T191,1.0,1.0,0.0,1.0,1.0,0,0.0,0.0,0.0,0,0.0
24001,T192,1.0,1.0,0.0,1.0,1.0,0,0.0,0.0,0.0,0,0.0
24001,T193,1.0,1.0,0.0,1.0,1.0,0,0.0,0.0,0.0,0,0.0
24001,T194,1.0,1.0,0.0,1.0,1.0,0,0.0,0.0,0.0,0,0.0
24001,T195,0.0,0.0,0.0,0.0,0.0,0,0.0,0.0,0.0,0,0.0
24001,T196,1.0,1.0,0.0,1.0,1.0,0,0.0,0.0,0.0,0,0.0
24001,T197,0.0,0.16666666666666666,0.32231799343022854,0.0,1.0,3,0.25,0.16666666666666666,1.0,1,0.08333333333333333
24001,T198,1.0,1.0,0.0,1.0,1.0,0,0.0,0.0,0.0,0,0.0
24001,T199,1.0,1.0,0.0,1.0,1.0,0,0.0,0.0,0.0,0,0.0
24001,T2,1.0,1.0,0.0,1.0,1.0,0,0.0,0.0,0.0,0,0.0
24001,T20,0.4,0.35833333333333334,0.38613109460676986,0.0,1.0,12,1.0,0.35833333333333334,0.6,0,0.0
24001,T200,1.0,1.0,0.0,1.0,1.0,0,0.0,0.0,0.0,0,0.0
24001,T201,1.0,1.0,0.0,1.0,1.0,0,0.0,0.0,0.0,0,0.0
24001,T202,1.0,1.0,0.0,1.0,1.0,0,0.0,0.0,0.0,0,0.0
24001,T203,0.9,0.7083333333333334,0.28999521068842193,0.1,1.0,10,0.8333333333333334,0.25833333333333336,0.8,0,0.0
24001,T204,0.0,0.0,0.0,0.0,0.0,0,0.0,0.0,0.0,0,0.0
24001,T205,0.0,0.10833333333333332,0.22530843057659622,0.0,0.7,3,0.25,0.10833333333333332,0.7,0,0.0
24001,T206,1.0,1.0,0.0,1.0,1.0,0,0.0,0.0,0.0,0,0.0
24001,T207,0.8,0.5416666666666667,0.38396686778360906,0.0,1.0,12,1.0,0.40833333333333344,0.8,0,0.0
24001,T208,1.0,1.0,0.0,1.0,1.0,0,0.0,0.0,0.0,0,0.0
24001,T209,1.0,0.9666666666666667,0.08498365855987976,0.7,1.0,2,0.16666666666666666,0.03333333333333333,0.30000000000000004,0,0.0
24001,T21,1.0,1.0,0.0,1.0,1.0,0,0.0,0.0,0.0,0,0.0
24001,T210,1.0,1.0,0.0,1.0,1.0,0,0.0,0.0,0.0,0,0.0
24001,T211,1.0,1.0,0.0,1.0,1.0,0,0.0,0.0,0.0,0,0.0
24001,T212,0.0,0.24166666666666667,0.40302674297812496,0.0,1.0,4,0.3333333333333333,0.24166666666666667,1.0,2,0.16666666666666666
24001,T213,0.0,0.03333333333333333,0.08498365855987973,0.0,0.3,2,0.16666666666666666,0.03333333333333333,0.3,0,0.0
24001,T214,0.0,0.049999999999999996,0.16583123951776998,0.0,0.6,1,0.08333333333333333,0.049999999999999996,0.6,0,0.0
24001,T215,0.0,0.0,0.0,0.0,0.0,0,0.0,0.0,0.0,0,0.0
24001,T216,0.9,0.5416666666666666,0.43676525604595534,0.0,1.0,12,1.0,0.4416666666666667,0.9,0,0.0
24001,T217,0.0,0.0,0.0,0.0,0.0,0,0.0,0.0,0.0,0,0.0
24001,T218,1.0,1.0,0.0,1.0,1.0,0,0.0,0.0,0.0,0,0.0
24001,T219,1.0,1.0,0.0,1.0,1.0,0,0.0,0.0,0.0,0,0.0
24001,T22,1.0,1.0,0.0,1.0,1.0,0,0.0,0.0,0.0,0,0.0
24001,T220,1.0,1.0,0.0,1.0,1.0,0,0.0,0.0,0.0,0,0.0
24001,T221,1.0,1.0,0.0,1.0,1.0,0,0.0,0.0,0.0,0,0.0
24001,T222,0.5,0.4583333333333333,0.37071627365892046,0.0,1.0,11,0.9166666666666666,0.325,0.5,0,0.0
24001,T223,0.0,0.0,0.0,0.0,0.0,0,0.0,0.0,0.0,0,0.0
24001,T224,0.0,0.08333333333333333,0.2763853991962833,0.0,1.0,1,0.08333333333333333,0.08333333333333333,1.0,1,0.08333333333333333
24001,T225,1.0,1.0,0.0,1.0,1.0,0,0.0,0.0,0.0,0,0.0
24001,T226,1.0,1.0,0.0,1.0,1.0,0,0.0,0.0,0.0,0,0.0
24001,T227,0.0,0.16666666666666666,0.372677996249965,0.0,1.0,2,0.16666666666666666,0.16666666666666666,1.0,2,0.16666666666666666
24001,T228,0.0,0.08333333333333333,0.2763853991962833,0.0,1.0,1,0.08333333333333333,0.08333333333333333,1.0,1,0.08333333333333333
24001,T229,1.0,1.0,0.0,1.0,1.0,0,0.0,0.0,0.0,0,0.0
24001,T23,1.0,1.0,0.0,1.0,1.0,0,0.0,0.0,0.0,0,0.0
24001,T230,1.0,1.0,0.0,1.0,1.0,0,0.0,0.0,0.0,0,0.0
24001,T231,0.0,0.2833333333333334,0.3484090826727812,0.0,1.0,6,0.5,0.2833333333333334,1.0,1,0.08333333333333333
24001,T232,0.0,0.008333333333333333,0.027638539919628335,0.0,0.1,1,0.08333333333333333,0.008333333333333333,0.1,0,0.0
24001,T233,0.0,0.024999999999999998,0.08291561975888499,0.0,0.3,1,0.08333333333333333,0.024999999999999998,0.3,0,0.0
24001,T234,1.0,1.0,0.0,1.0,1.0,0,0.0,0.0,0.0,0,0.0
24001,T235,0.3,0.3666666666666667,0.4048319267163707,0.0,1.0,11,0.9166666666666666,0.36666666666666653,0.7,0,0.0
24001,T236,1.0,0.8583333333333334,0.22530843057659625,0.4,1.0,4,0.3333333333333333,0.14166666666666666,0.6,0,0.0
24001,T237,1.0,1.0,0.0,1.0,1.0,0,0.0,0.0,0.0,0,0.0
24001,T238,1.0,1.0,0.0,1.0,1.0,0,0.0,0.0,0.0,0,0.0
24001,T239,1.0,1.0,0.0,1.0,1.0,0,0.0,0.0,0.0,0,0.0
24001,T24,1.0,1.0,0.0,1.0,1.0,0,0.0,0.0,0.0,0,0.0
24001,T240,1.0,1.0,0.0,1.0,1.0,0,0.0,0.0,0.0,0,0.0
24001,T241,1.0,0.775,0.3191786333700926,0.0,1.0,5,0.4166666666666667,0.225,1.0,1,0.08333333333333333
24001,T242,0.0,0.049999999999999996,0.16583123951776998,0.0,0.6,1,0.08333333333333333,0.049999999999999996,0.6,0,0.0
24001,T243,0.8,0.5833333333333334,0.3670452590924207,0.0,1.0,6,0.5,0.26666666666666666,0.8,0,0.0
24001,T244,1.0,1.0,0.0,1.0,1.0,0,0.0,0.0,0.0,0,0.0
24001,T245,0.0,0.25,0.4330127018922193,0.0,1.0,3,0.25,0.25,1.0,3,0.25
24001,T246,1.0,1.0,0.0,1.0,1.0,0,0.0,0.0,0.0,0,0.0
24001,T247,1.0,1.0,0.0,1.0,1.0,0,0.0,0.0,0.0,0,0.0
24001,T248,1.0,1.0,0.0,1.0,1.0,0,0.0,0.0,0.0,0,0.0
24001,T249,1.0,1.0,0.0,1.0,1.0,0,0.0,0.0,0.0,0,0.0
24001,T25,1.0,1.0,0.0,1.0,1.0,0,0.0,0.0,0.0,0,0.0
24001,T250,0.0,0.075,0.248746859276655,0.0,0.9,1,0.08333333333333333,0.075,0.9,0,0.0
24001,T251,1.0,1.0,0.0,1.0,1.0,0,0.0,0.0,0.0,0,0.0
24001,T252,1.0,1.0,0.0,1.0,1.0,0,0.0,0.0,0.0,0,0.0
24001,T253,0.0,0.0,0.0,0.0,0.0,0,0.0,0.0,0.0,0,0.0
24001,T254,0.0,0.0,0.0,0.0,0.0,0,0.0,0.0,0.0,0,0.0
24001,T255,1.0,1.0,0.0,1.0,1.0,0,0.0,0.0,0.0,0,0.0
24001,T256,1.0,1.0,0.0,1.0,1.0,0,0.0,0.0,0.0,0,0.0
24001,T257,1.0,1.0,0.0,1.0,1.0,0,0.0,0.0,0.0,0,0.0
24001,T258,1.0,1.0,0.0,1.0,1.0,0,0.0,0.0,0.0,0,0.0
24001,T259,1.0,1.0,0.0,1.0,1.0,0,0.0,0.0,0.0,0,0.0
24001,T26,1.0,0.9,0.27688746209726917,0.0,1.0,2,0.16666666666666666,0.09999999999999999,1.0,1,0.08333333333333333
24001,T260,1.0,1.0,0.0,1.0,1.0,0,0.0,0.0,0.0,0,0.0
24001,T261,0.0,0.125,0.22407216099581254,0.0,0.8,5,0.4166666666666667,0.125,0.8,0,0.0
24001,T262,0.5,0.49166666666666664,0.28710721961587027,0.0,0.8,10,0.8333333333333334,0.2416666666666667,0.5,0,0.0
24001,T263,1.0,1.0,0.0,1.0,1.0,0,0.0,0.0,0.0,0,0.0
24001,T264,1.0,1.0,0.0,1.0,1.0,0,0.0,0.0,0.0,0,0.0
24001,T265,0.4,0.46666666666666673,0.23570226039551584,0.2,1.0,7,0.5833333333333334,0.15000000000000002,0.6,0,0.0
24001,T266,1.0,1.0,0.0,1.0,1.0,0,0.0,0.0,0.0,0,0.0
24001,T267,1.0,1.0,0.0,1.0,1.0,0,0.0,0.0,0.0,0,0.0
24001,T268,1.0,1.0,0.0,1.0,1.0,0,0.0,0.0,0.0,0,0.0
24001,T269,0.0,0.0,0.0,0.0,0.0,0,0.0,0.0,0.0,0,0.0
24001,T27,1.0,0.9750000000000001,0.0595119035711904,0.8,1.0,2,0.16666666666666666,0.024999999999999994,0.19999999999999996,0,0.0
24001,T270,1.0,1.0,0.0,1.0,1.0,0,0.0,0.0,0.0,0,0.0
24001,T271,1.0,1.0,0.0,1.0,1.0,0,0.0,0.0,0.0,0,0.0
24001,T272,0.4,0.35833333333333334,0.3569741665100649,0.0,1.0,11,0.9166666666666666,0.325,0.6,0,0.0
24001,T273,1.0,1.0,0.0,1.0,1.0,0,0.0,0.0,0.0,0,0.0
24001,T274,1.0,1.0,0.0,1.0,1.0,0,0.0,0.0,0.0,0,0.0
24001,T275,1.0,1.0,0.0,1.0,1.0,0,0.0,0.0,0.0,0,0.0
24001,T276,1.0,1.0,0.0,1.0,1.0,0,0.0,0.0,0.0,0,0.0
24001,T277,1.0,1.0,0.0,1.0,1.0,0,0.0,0.0,0.0,0,0.0
24001,T278,1.0,1.0,0.0,1.0,1.0,0,0.0,0.0,0.0,0,0.0
24001,T279,0.0,0.25,0.4330127018922193,0.0,1.0,3,0.25,0.25,1.0,3,0.25
24001,T28,1.0,0.7916666666666665,0.18008485654145262,0.6,1.0,7,0.5833333333333334,0.20833333333333334,0.4,0,0.0
24001,T280,1.0,1.0,0.0,1.0,1.0,0,0.0,0.0,0.0,0,0.0
24001,T281,1.0,1.0,0.0,1.0,1.0,0,0.0,0.0,0.0,0,0.0
24001,T282,1.0,1.0,0.0,1.0,1.0,0,0.0,0.0,0.0,0,0.0
24001,T283,1.0,1.0,0.0,1.0,1.0,0,0.0,0.0,0.0,0,0.0
24001,T284,0.0,0.0,0.0,0.0,0.0,0,0.0,0.0,0.0,0,0.0
24001,T285,0.0,0.0,0.0,0.0,0.0,0,0.0,0.0,0.0,0,0.0
24001,T286,0.0,0.0,0.0,0.0,0.0,0,0.0,0.0,0.0,0,0.0
24001,T287,1.0,1.0,0.0,1.0,1.0,0,0.0,0.0,0.0,0,0.0
24001,T288,1.0,0.9000000000000002,0.09999999999999998,0.8,1.0,6,0.5,0.09999999999999998,0.19999999999999996,0,0.0
24001,T289,0.0,0.08333333333333333,0.2763853991962833,0.0,1.0,1,0.08333333333333333,0.08333333333333333,1.0,1,0.08333333333333333
24001,T29,1.0,1.0,0.0,1.0,1.0,0,0.0,0.0,0.0,0,0.0
24001,T290,1.0,1.0,0.0,1.0,1.0,0,0.0,0.0,0.0,0,0.0
24001,T291,1.0,1.0,0.0,1.0,1.0,0,0.0,0.0,0.0,0,0.0
24001,T292,0.0,0.15833333333333335,0.23258809561588106,0.0,0.6,4,0.3333333333333333,0.15833333333333335,0.6,0,0.0
24001,T293,0.0,0.0,0.0,0.0,0.0,0,0.0,0.0,0.0,0,0.0
24001,T294,1.0,1.0,0.0,1.0,1.0,0,0.0,0.0,0.0,0,0.0
24001,T295,1.0,1.0,0.0,1.0,1.0,0,0.0,0.0,0.0,0,0.0
24001,T296,1.0,1.0,0.0,1.0,1.0,0,0.0,0.0,0.0,0,0.0
24001,T297,1.0,1.0,0.0,1.0,1.0,0,0.0,0.0,0.0,0,0.0
24001,T298,1.0,1.0,0.0,1.0,1.0,0,0.0,0.0,0.0,0,0.0
24001,T299,1.0,1.0,0.0,1.0,1.0,0,0.0,0.0,0.0,0,0.0
24001,T3,1.0,1.0,0.0,1.0,1.0,0,0.0,0.0,0.0,0,0.0
24001,T30,1.0,0.45,0.46097722286464443,0.0,1.0,8,0.6666666666666666,0.5499999999999999,1.0,6,0.5
24001,T300,1.0,1.0,0.0,1.0,1.0,0,0.0,0.0,0.0,0,0.0
24001,T301,1.0,1.0,0.0,1.0,1.0,0,0.0,0.0,0.0,0,0.0
24001,T302,1.0,0.9916666666666667,0.02763853991962832,0.9,1.0,1,0.08333333333333333,0.008333333333333331,0.09999999999999998,0,0.0
24001,T303,1.0,1.0,0.0,1.0,1.0,0,0.0,0.0,0.0,0,0.0
24001,T304,0.0,0.0,0.0,0.0,0.0,0,0.0,0.0,0.0,0,0.0
24001,T305,1.0,1.0,0.0,1.0,1.0,0,0.0,0.0,0.0,0,0.0
24001,T306,0.0,0.0,0.0,0.0,0.0,0,0.0,0.0,0.0,0,0.0
24001,T307,1.0,1.0,0.0,1.0,1.0,0,0.0,0.0,0.0,0,0.0
24001,T308,1.0,1.0,0.0,1.0,1.0,0,0.0,0.0,0.0,0,0.0
24001,T309,0.0,0.375,0.462105687767059,0.0,1.0,5,0.4166666666666667,0.375,1.0,4,0.3333333333333333
24001,T31,1.0,1.0,0.0,1.0,1.0,0,0.0,0.0,0.0,0,0.0
24001,T310,1.0,1.0,0.0,1.0,1.0,0,0.0,0.0,0.0,0,0.0
24001,T311,1.0,1.0,0.0,1.0,1.0,0,0.0,0.0,0.0,0,0.0
24001,T312,1.0,0.7916666666666666,0.3796013991310124,0.0,1.0,3,0.25,0.20833333333333334,1.0,2,0.16666666666666666
24001,T313,1.0,0.9166666666666666,0.151840559652405,0.6,1.0,3,0.25,0.08333333333333333,0.4,0,0.0
24001,T314,1.0,1.0,0.0,1.0,1.0,0,0.0,0.0,0.0,0,0.0
24001,T315,0.0,0.16666666666666666,0.37267799624996495,0.0,1.0,2,0.16666666666666666,0.16666666666666666,1.0,2,0.16666666666666666
24001,T316,0.0,0.11666666666666665,0.2881936077631764,0.0,1.0,2,0.16666666666666666,0.11666666666666665,1.0,1,0.08333333333333333
24001,T317,0.0,0.15833333333333333,0.28710721961587027,0.0,0.8,3,0.25,0.15833333333333333,0.8,0,0.0
24001,T318,1.0,1.0,0.0,1.0,1.0,0,0.0,0.0,0.0,0,0.0
24001,T319,0.5,0.5666666666666668,0.4365266951236265,0.0,1.0,12,1.0,0.4333333333333333,0.5,0,0.0
24001,T32,1.0,1.0,0.0,1.0,1.0,0,0.0,0.0,0.0,0,0.0
24001,T320,0.3,0.35833333333333334,0.460901893634161,0.0,1.0,11,0.9166666666666666,0.40833333333333327,0.7,0,0.0
24001,T321,1.0,1.0,0.0,1.0,1.0,0,0.0,0.0,0.0,0,0.0
24001,T322,1.0,1.0,0.0,1.0,1.0,0,0.0,0.0,0.0,0,0.0
24001,T323,1.0,1.0,0.0,1.0,1.0,0,0.0,0.0,0.0,0,0.0
24001,T324,0.0,0.0,0.0,0.0,0.0,0,0.0,0.0,0.0,0,0.0
24001,T325,1.0,1.0,0.0,1.0,1.0,0,0.0,0.0,0.0,0,0.0
24001,T326,1.0,1.0,0.0,1.0,1.0,0,0.0,0.0,0.0,0,0.0
24001,T327,0.0,0.0,0.0,0.0,0.0,0,0.0,0.0,0.0,0,0.0
24001,T328,1.0,1.0,0.0,1.0,1.0,0,0.0,0.0,0.0,0,0.0
24001,T329,1.0,0.7416666666666666,0.28999521068842193,0.0,1.0,7,0.5833333333333334,0.2583333333333333,1.0,1,0.08333333333333333
24001,T33,0.0,0.0,0.0,0.0,0.0,0,0.0,0.0,0.0,0,0.0
24001,T330,0.0,0.0,0.0,0.0,0.0,0,0.0,0.0,0.0,0,0.0
24001,T331,0.0,0.0,0.0,0.0,0.0,0,0.0,0.0,0.0,0,0.0
24001,T332,0.0,0.0,0.0,0.0,0.0,0,0.0,0.0,0.0,0,0.0
24001,T333,1.0,1.0,0.0,1.0,1.0,0,0.0,0.0,0.0,0,0.0
24001,T334,0.0,0.0,0.0,0.0,0.0,0,0.0,0.0,0.0,0,0.0
24001,T335,1.0,1.0,0.0,1.0,1.0,0,0.0,0.0,0.0,0,0.0
24001,T336,0.7,0.42500000000000004,0.4380353866983808,0.0,1.0,9,0.75,0.425,0.7,0,0.0
24001,T337,0.6,0.6583333333333333,0.23258809561588104,0.4,1.0,10,0.8333333333333334,0.19166666666666665,0.4,0,0.0
24001,T338,1.0,1.0,0.0,1.0,1.0,0,0.0,0.0,0.0,0,0.0
24001,T339,1.0,1.0,0.0,1.0,1.0,0,0.0,0.0,0.0,0,0.0
24001,T34,1.0,1.0,0.0,1.0,1.0,0,0.0,0.0,0.0,0,0.0
24001,T340,0.0,0.0,0.0,0.0,0.0,0,0.0,0.0,0.0,0,0.0
24001,T341,1.0,1.0,0.0,1.0,1.0,0,0.0,0.0,0.0,0,0.0
24001,T342,1.0,1.0,0.0,1.0,1.0,0,0.0,0.0,0.0,0,0.0
24001,T343,0.0,0.0,0.0,0.0,0.0,0,0.0,0.0,0.0,0,0.0
24001,T344,1.0,0.9916666666666667,0.027638539919628325,0.9,1.0,1,0.08333333333333333,0.008333333333333331,0.09999999999999998,0,0.0
24001,T345,1.0,1.0,0.0,1.0,1.0,0,0.0,0.0,0.0,0,0.0
24001,T346,0.0,0.0,0.0,0.0,0.0,0,0.0,0.0,0.0,0,0.0
24001,T347,0.1,0.16666666666666666,0.28382310609877337,0.0,1.0,11,0.9166666666666666,0.18333333333333338,0.9,0,0.0
24001,T348,1.0,1.0,0.0,1.0,1.0,0,0.0,0.0,0.0,0,0.0
24001,T349,1.0,1.0,0.0,1.0,1.0,0,0.0,0.0,0.0,0,0.0
24001,T35,0.9,0.8333333333333334,0.15456030825826175,0.6,1.0,11,0.9166666666666666,0.15000000000000002,0.30000000000000004,0,0.0
24001,T350,0.0,0.0,0.0,0.0,0.0,0,0.0,0.0,0.0,0,0.0
24001,T351,1.0,1.0,0.0,1.0,1.0,0,0.0,0.0,0.0,0,0.0
24001,T352,0.2,0.3416666666666666,0.34990077958695026,0.0,0.9,12,1.0,0.3083333333333334,0.7,0,0.0
24001,T353,1.0,1.0,0.0,1.0,1.0,0,0.0,0.0,0.0,0,0.0
24001,T354,1.0,1.0,0.0,1.0,1.0,0,0.0,0.0,0.0,0,0.0
24001,T355,1.0,1.0,0.0,1.0,1.0,0,0.0,0.0,0.0,0,0.0
24001,T356,1.0,0.9,0.09999999999999998,0.8,1.0,6,0.5,0.09999999999999998,0.19999999999999996,0,0.0
24001,T357,1.0,0.8083333333333335,0.18911342863183697,0.5,1.0,7,0.5833333333333334,0.19166666666666665,0.5,0,0.0
24001,T358,1.0,1.0,0.0,1.0,1.0,0,0.0,0.0,0.0,0,0.0
24001,T359,1.0,1.0,0.0,1.0,1.0,0,0.0,0.0,0.0,0,0.0
24001,T36,0.0,0.125,0.21650635094610965,0.0,0.5,3,0.25,0.125,0.5,0,0.0
24001,T360,1.0,1.0,0.0,1.0,1.0,0,0.0,0.0,0.0,0,0.0
24001,T361,1.0,1.0,0.0,1.0,1.0,0,0.0,0.0,0.0,0,0.0
24001,T362,1.0,1.0,0.0,1.0,1.0,0,0.0,0.0,0.0,0,0.0
24001,T363,1.0,1.0,0.0,1.0,1.0,0,0.0,0.0,0.0,0,0.0
24001,T364,0.0,0.0,0.0,0.0,0.0,0,0.0,0.0,0.0,0,0.0
24001,T365,1.0,0.7666666666666666,0.34480268109295337,0.0,1.0,4,0.3333333333333333,0.2333333333333333,1.0,1,0.08333333333333333
24001,T366,1.0,1.0,0.0,1.0,1.0,0,0.0,0.0,0.0,0,0.0
24001,T367,1.0,1.0,0.0,1.0,1.0,0,0.0,0.0,0.0,0,0.0
24001,T368,1.0,1.0,0.0,1.0,1.0,0,0.0,0.0,0.0,0,0.0
24001,T369,0.0,0.0,0.0,0.0,0.0,0,0.0,0.0,0.0,0,0.0
24001,T37,1.0,0.9916666666666667,0.02763853991962832,0.9,1.0,1,0.08333333333333333,0.008333333333333331,0.09999999999999998,0,0.0
24001,T370,1.0,1.0,0.0,1.0,1.0,0,0.0,0.0,0.0,0,0.0
24001,T371,1.0,1.0,0.0,1.0,1.0,0,0.0,0.0,0.0,0,0.0
24001,T372,1.0,1.0,0.0,1.0,1.0,0,0.0,0.0,0.0,0,0.0
24001,T373,1.0,1.0,0.0,1.0,1.0,0,0.0,0.0,0.0,0,0.0
24001,T374,1.0,1.0,0.0,1.0,1.0,0,0.0,0.0,0.0,0,0.0
24001,T375,1.0,1.0,0.0,1.0,1.0,0,0.0,0.0,0.0,0,0.0
24001,T376,1.0,0.9249999999999999,0.1299038105676658,0.6,1.0,4,0.3333333333333333,0.075,0.4,0,0.0
24001,T377,0.0,0.0,0.0,0.0,0.0,0,0.0,0.0,0.0,0,0.0
24001,T378,0.0,0.0,0.0,0.0,0.0,0,0.0,0.0,0.0,0,0.0
24001,T379,1.0,1.0,0.0,1.0,1.0,0,0.0,0.0,0.0,0,0.0
24001,T38,1.0,1.0,0.0,1.0,1.0,0,0.0,0.0,0.0,0,0.0
24001,T380,0.9,0.9083333333333335,0.02763853991962833,0.9,1.0,1,0.08333333333333333,0.008333333333333331,0.09999999999999998,0,0.0
24001,T381,1.0,1.0,0.0,1.0,1.0,0,0.0,0.0,0.0,0,0.0
24001,T382,1.0,1.0,0.0,1.0,1.0,0,0.0,0.0,0.0,0,0.0
24001,T383,1.0,1.0,0.0,1.0,1.0,0,0.0,0.0,0.0,0,0.0
24001,T384,1.0,1.0,0.0,1.0,1.0,0,0.0,0.0,0.0,0,0.0
24001,T385,1.0,1.0,0.0,1.0,1.0,0,0.0,0.0,0.0,0,0.0
24001,T386,0.0,0.0,0.0,0.0,0.0,0,0.0,0.0,0.0,0,0.0
24001,T387,0.0,0.0,0.0,0.0,0.0,0,0.0,0.0,0.0,0,0.0
24001,T388,1.0,1.0,0.0,1.0,1.0,0,0.0,0.0,0.0,0,0.0
24001,T389,0.0,0.008333333333333333,0.027638539919628335,0.0,0.1,1,0.08333333333333333,0.008333333333333333,0.1,0,0.0
24001,T39,0.0,0.4166666666666667,0.4930066485916347,0.0,1.0,5,0.4166666666666667,0.4166666666666667,1.0,5,0.4166666666666667
24001,T390,1.0,0.9333333333333332,0.15456030825826175,0.5,1.0,2,0.16666666666666666,0.06666666666666667,0.5,0,0.0
24001,T391,0.4,0.225,0.39184393151695823,0.0,1.0,12,1.0,0.42500000000000004,0.6,0,0.0
24001,T392,1.0,0.9166666666666666,0.12133516482134199,0.7,1.0,4,0.3333333333333333,0.08333333333333333,0.30000000000000004,0,0.0
24001,T393,1.0,1.0,0.0,1.0,1.0,0,0.0,0.0,0.0,0,0.0
24001,T394,1.0,1.0,0.0,1.0,1.0,0,0.0,0.0,0.0,0,0.0
24001,T395,1.0,1.0,0.0,1.0,1.0,0,0.0,0.0,0.0,0,0.0
24001,T396,1.0,0.9333333333333335,0.10274023338281628,0.7,1.0,4,0.3333333333333333,0.06666666666666667,0.30000000000000004,0,0.0
24001,T397,0.0,0.25,0.4330127018922193,0.0,1.0,3,0.25,0.25,1.0,3,0.25
24001,T398,0.0,0.0,0.0,0.0,0.0,0,0.0,0.0,0.0,0,0.0
24001,T399,0.0,0.075,0.15343293866268304,0.0,0.5,3,0.25,0.075,0.5,0,0.0
24001,T4,1.0,1.0,0.0,1.0,1.0,0,0.0,0.0,0.0,0,0.0
24001,T40,0.0,0.0,0.0,0.0,0.0,0,0.0,0.0,0.0,0,0.0
24001,T400,1.0,1.0,0.0,1.0,1.0,0,0.0,0.0,0.0,0,0.0
24001,T401,1.0,1.0,0.0,1.0,1.0,0,0.0,0.0,0.0,0,0.0
24001,T402,1.0,1.0,0.0,1.0,1.0,0,0.0,0.0,0.0,0,0.0
24001,T403,1.0,0.7583333333333333,0.31743328257901515,0.0,1.0,5,0.4166666666666667,0.24166666666666667,1.0,1,0.08333333333333333
24001,T404,1.0,1.0,0.0,1.0,1.0,0,0.0,0.0,0.0,0,0.0
24001,T405,1.0,1.0,0.0,1.0,1.0,0,0.0,0.0,0.0,0,0.0
24001,T406,0.0,0.0,0.0,0.0,0.0,0,0.0,0.0,0.0,0,0.0
24001,T407,1.0,1.0,0.0,1.0,1.0,0,0.0,0.0,0.0,0,0.0
24001,T408,1.0,1.0,0.0,1.0,1.0,0,0.0,0.0,0.0,0,0.0
24001,T409,1.0,1.0,0.0,1.0,1.0,0,0.0,0.0,0.0,0,0.0
24001,T41,1.0,1.0,0.0,1.0,1.0,0,0.0,0.0,0.0,0,0.0
24001,T410,0.0,0.041666666666666664,0.13819269959814165,0.0,0.5,1,0.08333333333333333,0.041666666666666664,0.5,0,0.0
24001,T411,1.0,1.0,0.0,1.0,1.0,0,0.0,0.0,0.0,0,0.0
24001,T412,1.0,1.0,0.0,1.0,1.0,0,0.0,0.0,0.0,0,0.0
24001,T413,0.0,0.0,0.0,0.0,0.0,0,0.0,0.0,0.0,0,0.0
24001,T414,1.0,1.0,0.0,1.0,1.0,0,0.0,0.0,0.0,0,0.0
24001,T415,1.0,1.0,0.0,1.0,1.0,0,0.0,0.0,0.0,0,0.0
24001,T416,0.0,0.0,0.0,0.0,0.0,0,0.0,0.0,0.0,0,0.0
24001,T417,1.0,1.0,0.0,1.0,1.0,0,0.0,0.0,0.0,0,0.0
24001,T418,1.0,1.0,0.0,1.0,1.0,0,0.0,0.0,0.0,0,0.0
24001,T419,1.0,1.0,0.0,1.0,1.0,0,0.0,0.0,0.0,0,0.0
24001,T42,0.0,0.0,0.0,0.0,0.0,0,0.0,0.0,0.0,0,0.0
24001,T420,1.0,1.0,0.0,1.0,1.0,0,0.0,0.0,0.0,0,0.0
24001,T421,0.0,0.041666666666666664,0.13819269959814165,0.0,0.5,1,0.08333333333333333,0.041666666666666664,0.5,0,0.0
24001,T422,1.0,1.0,0.0,1.0,1.0,0,0.0,0.0,0.0,0,0.0
24001,T423,1.0,0.7000000000000001,0.42426406871192857,0.1,1.0,4,0.3333333333333333,0.3,0.9,0,0.0
24001,T424,1.0,1.0,0.0,1.0,1.0,0,0.0,0.0,0.0,0,0.0
24001,T425,1.0,1.0,0.0,1.0,1.0,0,0.0,0.0,0.0,0,0.0
24001,T426,1.0,1.0,0.0,1.0,1.0,0,0.0,0.0,0.0,0,0.0
24001,T427,1.0,1.0,0.0,1.0,1.0,0,0.0,0.0,0.0,0,0.0
24001,T428,0.0,0.0,0.0,0.0,0.0,0,0.0,0.0,0.0,0,0.0
24001,T429,1.0,1.0,0.0,1.0,1.0,0,0.0,0.0,0.0,0,0.0
24001,T43,1.0,1.0,0.0,1.0,1.0,0,0.0,0.0,0.0,0,0.0
24001,T430,1.0,1.0,0.0,1.0,1.0,0,0.0,0.0,0.0,0,0.0
24001,T431,1.0,1.0,0.0,1.0,1.0,0,0.0,0.0,0.0,0,0.0
24001,T432,1.0,1.0,0.0,1.0,1.0,0,0.0,0.0,0.0,0,0.0
24001,T433,1.0,1.0,0.0,1.0,1.0,0,0.0,0.0,0.0,0,0.0
24001,T434,1.0,1.0,0.0,1.0,1.0,0,0.0,0.0,0.0,0,0.0
24001,T435,1.0,0.7916666666666666,0.3616128992291189,0.0,1.0,5,0.4166666666666667,0.20833333333333334,1.0,2,0.16666666666666666
24001,T436,0.0,0.19166666666666665,0.3707162736589204,0.0,1.0,3,0.25,0.19166666666666665,1.0,2,0.16666666666666666
24001,T437,0.2,0.21666666666666665,0.24776781245530843,0.0,0.6,11,0.9166666666666666,0.21666666666666667,0.39999999999999997,0,0.0
24001,T438,1.0,1.0,0.0,1.0,1.0,0,0.0,0.0,0.0,0,0.0
24001,T439,1.0,1.0,0.0,1.0,1.0,0,0.0,0.0,0.0,0,0.0
24001,T44,0.0,0.0,0.0,0.0,0.0,0,0.0,0.0,0.0,0,0.0
24001,T440,1.0,1.0,0.0,1.0,1.0,0,0.0,0.0,0.0,0,0.0
24001,T441,1.0,1.0,0.0,1.0,1.0,0,0.0,0.0,0.0,0,0.0
24001,T442,1.0,0.9666666666666667,0.11055415967851334,0.6,1.0,1,0.08333333333333333,0.03333333333333333,0.4,0,0.0
24001,T443,0.0,0.0,0.0,0.0,0.0,0,0.0,0.0,0.0,0,0.0
24001,T444,0.0,0.0,0.0,0.0,0.0,0,0.0,0.0,0.0,0,0.0
24001,T445,0.6,0.6583333333333333,0.24309920243024702,0.4,1.0,12,1.0,0.2083333333333333,0.4,0,0.0
24001,T446,0.0,0.08333333333333333,0.2763853991962833,0.0,1.0,1,0.08333333333333333,0.08333333333333333,1.0,1,0.08333333333333333
24001,T447,1.0,1.0,0.0,1.0,1.0,0,0.0,0.0,0.0,0,0.0
24001,T448,1.0,1.0,0.0,1.0,1.0,0,0.0,0.0,0.0,0,0.0
24001,T449,1.0,1.0,0.0,1.0,1.0,0,0.0,0.0,0.0,0,0.0
24001,T45,1.0,1.0,0.0,1.0,1.0,0,0.0,0.0,0.0,0,0.0
24001,T450,1.0,1.0,0.0,1.0,1.0,0,0.0,0.0,0.0,0,0.0
24001,T451,1.0,1.0,0.0,1.0,1.0,0,0.0,0.0,0.0,0,0.0
24001,T452,1.0,1.0,0.0,1.0,1.0,0,0.0,0.0,0.0,0,0.0
24001,T453,1.0,1.0,0.0,1.0,1.0,0,0.0,0.0,0.0,0,0.0
24001,T454,1.0,1.0,0.0,1.0,1.0,0,0.0,0.0,0.0,0,0.0
24001,T455,1.0,1.0,0.0,1.0,1.0,0,0.0,0.0,0.0,0,0.0
24001,T456,0.0,0.0,0.0,0.0,0.0,0,0.0,0.0,0.0,0,0.0
24001,T457,1.0,1.0,0.0,1.0,1.0,0,0.0,0.0,0.0,0,0.0
24001,T458,1.0,1.0,0.0,1.0,1.0,0,0.0,0.0,0.0,0,0.0
24001,T459,1.0,1.0,0.0,1.0,1.0,0,0.0,0.0,0.0,0,0.0
24001,T46,0.0,0.0,0.0,0.0,0.0,0,0.0,0.0,0.0,0,0.0
24001,T460,1.0,1.0,0.0,1.0,1.0,0,0.0,0.0,0.0,0,0.0
24001,T461,1.0,1.0,0.0,1.0,1.0,0,0.0,0.0,0.0,0,0.0
24001,T462,1.0,1.0,0.0,1.0,1.0,0,0.0,0.0,0.0,0,0.0
24001,T463,1.0,1.0,0.0,1.0,1.0,0,0.0,0.0,0.0,0,0.0
24001,T464,1.0,1.0,0.0,1.0,1.0,0,0.0,0.0,0.0,0,0.0
24001,T465,1.0,1.0,0.0,1.0,1.0,0,0.0,0.0,0.0,0,0.0
24001,T466,1.0,1.0,0.0,1.0,1.0,0,0.0,0.0,0.0,0,0.0
24001,T467,1.0,1.0,0.0,1.0,1.0,0,0.0,0.0,0.0,0,0.0
24001,T468,1.0,1.0,0.0,1.0,1.0,0,0.0,0.0,0.0,0,0.0
24001,T469,1.0,1.0,0.0,1.0,1.0,0,0.0,0.0,0.0,0,0.0
24001,T47,1.0,1.0,0.0,1.0,1.0,0,0.0,0.0,0.0,0,0.0
24001,T470,0.0,0.0,0.0,0.0,0.0,0,0.0,0.0,0.0,0,0.0
24001,T471,0.0,0.18333333333333335,0.36930866343600566,0.0,1.0,3,0.25,0.18333333333333335,1.0,2,0.16666666666666666
24001,T472,0.0,0.19166666666666665,0.3707162736589204,0.0,1.0,3,0.25,0.19166666666666665,1.0,2,0.16666666666666666
24001,T473,1.0,0.9416666666666668,0.19346977943739832,0.3,1.0,1,0.08333333333333333,0.05833333333333333,0.7,0,0.0
24001,T474,0.0,0.0,0.0,0.0,0.0,0,0.0,0.0,0.0,0,0.0
24001,T475,1.0,1.0,0.0,1.0,1.0,0,0.0,0.0,0.0,0,0.0
24001,T476,0.0,0.19999999999999998,0.3651483716701108,0.0,1.0,4,0.3333333333333333,0.19999999999999998,1.0,2,0.16666666666666666
24001,T477,0.0,0.18333333333333335,0.33124344857252985,0.0,1.0,3,0.25,0.18333333333333335,1.0,1,0.08333333333333333
24001,T478,1.0,1.0,0.0,1.0,1.0,0,0.0,0.0,0.0,0,0.0
24001,T479,1.0,1.0,0.0,1.0,1.0,0,0.0,0.0,0.0,0,0.0
24001,T48,0.8,0.7000000000000001,0.36055512754639896,0.1,1.0,9,0.75,0.26666666666666666,0.7000000000000001,0,0.0
24001,T480,1.0,1.0,0.0,1.0,1.0,0,0.0,0.0,0.0,0,0.0
24001,T481,1.0,1.0,0.0,1.0,1.0,0,0.0,0.0,0.0,0,0.0
24001,T482,1.0,1.0,0.0,1.0,1.0,0,0.0,0.0,0.0,0,0.0
24001,T483,0.0,0.0,0.0,0.0,0.0,0,0.0,0.0,0.0,0,0.0
24001,T484,0.0,0.35000000000000003,0.4330127018922193,0.0,1.0,5,0.4166666666666667,0.35000000000000003,1.0,3,0.25
24001,T485,1.0,1.0,0.0,1.0,1.0,0,0.0,0.0,0.0,0,0.0
24001,T486,1.0,1.0,0.0,1.0,1.0,0,0.0,0.0,0.0,0,0.0
24001,T487,1.0,0.6666666666666666,0.3636237371545238,0.0,1.0,6,0.5,0.3333333333333333,1.0,1,0.08333333333333333
24001,T488,1.0,1.0,0.0,1.0,1.0,0,0.0,0.0,0.0,0,0.0
24001,T489,0.0,0.0,0.0,0.0,0.0,0,0.0,0.0,0.0,0,0.0
24001,T49,1.0,1.0,0.0,1.0,1.0,0,0.0,0.0,0.0,0,0.0
24001,T490,0.9,0.6666666666666669,0.268741924943285,0.4,1.0,8,0.6666666666666666,0.26666666666666666,0.5,0,0.0
24001,T491,0.0,0.0,0.0,0.0,0.0,0,0.0,0.0,0.0,0,0.0
24001,T492,0.0,0.4166666666666667,0.4930066485916347,0.0,1.0,5,0.4166666666666667,0.4166666666666667,1.0,5,0.4166666666666667
24001,T493,1.0,1.0,0.0,1.0,1.0,0,0.0,0.0,0.0,0,0.0
24001,T494,0.0,0.0,0.0,0.0,0.0,0,0.0,0.0,0.0,0,0.0
24001,T495,1.0,1.0,0.0,1.0,1.0,0,0.0,0.0,0.0,0,0.0
24001,T496,0.0,0.25,0.4330127018922193,0.0,1.0,3,0.25,0.25,1.0,3,0.25
24001,T497,0.2,0.325,0.4342138490037676,0.0,1.0,11,0.9166666666666666,0.3583333333333334,0.8,0,0.0
24001,T498,0.3,0.3,0.3674234614174767,0.0,1.0,10,0.8333333333333334,0.3,0.7,0,0.0
24001,T499,0.0,0.0,0.0,0.0,0.0,0,0.0,0.0,0.0,0,0.0
24001,T5,1.0,0.9249999999999998,0.10897247358851686,0.7,1.0,5,0.4166666666666667,0.075,0.30000000000000004,0,0.0
24001,T50,0.0,0.0,0.0,0.0,0.0,0,0.0,0.0,0.0,0,0.0
24001,T500,1.0,1.0,0.0,1.0,1.0,0,0.0,0.0,0.0,0,0.0
24001,T501,1.0,1.0,0.0,1.0,1.0,0,0.0,0.0,0.0,0,0.0
24001,T502,1.0,1.0,0.0,1.0,1.0,0,0.0,0.0,0.0,0,0.0
24001,T503,1.0,1.0,0.0,1.0,1.0,0,0.0,0.0,0.0,0,0.0
24001,T504,0.0,0.0,0.0,0.0,0.0,0,0.0,0.0,0.0,0,0.0
24001,T505,1.0,1.0,0.0,1.0,1.0,0,0.0,0.0,0.0,0,0.0
24001,T506,0.0,0.0,0.0,0.0,0.0,0,0.0,0.0,0.0,0,0.0
24001,T507,0.4,0.3916666666666666,0.3751851394830143,0.0,1.0,10,0.8333333333333334,0.32499999999999996,0.6,0,0.0
24001,T508,1.0,1.0,0.0,1.0,1.0,0,0.0,0.0,0.0,0,0.0
24001,T509,1.0,1.0,0.0,1.0,1.0,0,0.0,0.0,0.0,0,0.0
24001,T51,0.0,0.0,0.0,0.0,0.0,0,0.0,0.0,0.0,0,0.0
24001,T510,1.0,1.0,0.0,1.0,1.0,0,0.0,0.0,0.0,0,0.0
24001,T511,1.0,1.0,0.0,1.0,1.0,0,0.0,0.0,0.0,0,0.0
24001,T512,1.0,0.5333333333333333,0.4068851871911235,0.1,1.0,8,0.6666666666666666,0.46666666666666673,0.9,0,0.0
24001,T513,0.0,0.0,0.0,0.0,0.0,0,0.0,0.0,0.0,0,0.0
24001,T514,0.0,0.075,0.248746859276655,0.0,0.9,1,0.08333333333333333,0.075,0.9,0,0.0
24001,T515,0.0,0.0,0.0,0.0,0.0,0,0.0,0.0,0.0,0,0.0
24001,T516,0.0,0.075,0.24874685927665502,0.0,0.9,1,0.08333333333333333,0.075,0.9,0,0.0
24001,T517,1.0,1.0,0.0,1.0,1.0,0,0.0,0.0,0.0,0,0.0
24001,T518,1.0,1.0,0.0,1.0,1.0,0,0.0,0.0,0.0,0,0.0
24001,T519,1.0,1.0,0.0,1.0,1.0,0,0.0,0.0,0.0,0,0.0
24001,T52,0.0,0.0,0.0,0.0,0.0,0,0.0,0.0,0.0,0,0.0
24001,T520,0.0,0.0,0.0,0.0,0.0,0,0.0,0.0,0.0,0,0.0
24001,T521,1.0,1.0,0.0,1.0,1.0,0,0.0,0.0,0.0,0,0.0
24001,T522,0.0,0.0,0.0,0.0,0.0,0,0.0,0.0,0.0,0,0.0
24001,T523,0.0,0.09166666666666667,0.27525240941522905,0.0,1.0,2,0.16666666666666666,0.09166666666666667,1.0,1,0.08333333333333333
24001,T524,1.0,0.7916666666666666,0.2564447092238186,0.4,1.0,5,0.4166666666666667,0.20833333333333334,0.6,0,0.0
24001,T525,0.6,0.5666666666666667,0.26246692913372704,0.0,1.0,9,0.75,0.20000000000000004,0.6,0,0.0
24001,T526,1.0,0.9250000000000002,0.08291561975888498,0.8,1.0,6,0.5,0.07499999999999998,0.19999999999999996,0,0.0
24001,T527,1.0,1.0,0.0,1.0,1.0,0,0.0,0.0,0.0,0,0.0
24001,T528,1.0,1.0,0.0,1.0,1.0,0,0.0,0.0,0.0,0,0.0
24001,T529,0.5,0.5416666666666667,0.2782634642844,0.3,1.0,11,0.9166666666666666,0.225,0.5,0,0.0
24001,T53,1.0,1.0,0.0,1.0,1.0,0,0.0,0.0,0.0,0,0.0
24001,T530,0.7,0.575,0.36314597615834876,0.0,1.0,11,0.9166666666666666,0.2916666666666667,0.7,0,0.0
24001,T531,1.0,1.0,0.0,1.0,1.0,0,0.0,0.0,0.0,0,0.0
24001,T532,0.0,0.03333333333333333,0.07453559924999299,0.0,0.2,2,0.16666666666666666,0.03333333333333333,0.2,0,0.0
24001,T533,1.0,1.0,0.0,1.0,1.0,0,0.0,0.0,0.0,0,0.0
24001,T534,1.0,1.0,0.0,1.0,1.0,0,0.0,0.0,0.0,0,0.0
24001,T535,1.0,1.0,0.0,1.0,1.0,0,0.0,0.0,0.0,0,0.0
24001,T536,1.0,1.0,0.0,1.0,1.0,0,0.0,0.0,0.0,0,0.0
24001,T537,1.0,1.0,0.0,1.0,1.0,0,0.0,0.0,0.0,0,0.0
24001,T538,0.0,0.10000000000000002,0.11547005383792514,0.0,0.3,6,0.5,0.10000000000000002,0.3,0,0.0
24001,T539,0.0,0.0,0.0,0.0,0.0,0,0.0,0.0,0.0,0,0.0
24001,T54,1.0,1.0,0.0,1.0,1.0,0,0.0,0.0,0.0,0,0.0
24001,T540,1.0,1.0,0.0,1.0,1.0,0,0.0,0.0,0.0,0,0.0
24001,T541,1.0,0.8166666666666668,0.28235123910162363,0.0,1.0,6,0.5,0.18333333333333335,1.0,1,0.08333333333333333
24001,T542,1.0,1.0,0.0,1.0,1.0,0,0.0,0.0,0.0,0,0.0
24001,T543,0.2,0.3583333333333334,0.42516336729413656,0.0,1.0,10,0.8333333333333334,0.34166666666666673,0.8,0,0.0
24001,T544,0.0,0.0,0.0,0.0,0.0,0,0.0,0.0,0.0,0,0.0
24001,T545,1.0,1.0,0.0,1.0,1.0,0,0.0,0.0,0.0,0,0.0
24001,T546,1.0,1.0,0.0,1.0,1.0,0,0.0,0.0,0.0,0,0.0
24001,T547,1.0,0.8416666666666667,0.28710721961587027,0.2,1.0,3,0.25,0.15833333333333333,0.8,0,0.0
24001,T548,1.0,1.0,0.0,1.0,1.0,0,0.0,0.0,0.0,0,0.0
24001,T549,1.0,1.0,0.0,1.0,1.0,0,0.0,0.0,0.0,0,0.0
24001,T55,0.0,0.0,0.0,0.0,0.0,0,0.0,0.0,0.0,0,0.0
24001,T550,0.0,0.0,0.0,0.0,0.0,0,0.0,0.0,0.0,0,0.0
24001,T551,1.0,1.0,0.0,1.0,1.0,0,0.0,0.0,0.0,0,0.0
24001,T552,0.7,0.6666666666666666,0.268741924943285,0.3,1.0,11,0.9166666666666666,0.2333333333333333,0.39999999999999997,0,0.0
24001,T553,1.0,1.0,0.0,1.0,1.0,0,0.0,0.0,0.0,0,0.0
24001,T554,1.0,1.0,0.0,1.0,1.0,0,0.0,0.0,0.0,0,0.0
24001,T555,1.0,1.0,0.0,1.0,1.0,0,0.0,0.0,0.0,0,0.0
24001,T556,1.0,1.0,0.0,1.0,1.0,0,0.0,0.0,0.0,0,0.0
24001,T557,1.0,1.0,0.0,1.0,1.0,0,0.0,0.0,0.0,0,0.0
24001,T558,1.0,0.9333333333333332,0.14907119849998599,0.6,1.0,2,0.16666666666666666,0.06666666666666667,0.4,0,0.0
24001,T559,0.0,0.0,0.0,0.0,0.0,0,0.0,0.0,0.0,0,0.0
24001,T56,1.0,1.0,0.0,1.0,1.0,0,0.0,0.0,0.0,0,0.0
24001,T560,0.0,0.0,0.0,0.0,0.0,0,0.0,0.0,0.0,0,0.0
24001,T561,1.0,1.0,0.0,1.0,1.0,0,0.0,0.0,0.0,0,0.0
24001,T562,1.0,1.0,0.0,1.0,1.0,0,0.0,0.0,0.0,0,0.0
24001,T563,0.0,0.024999999999999998,0.08291561975888499,0.0,0.3,1,0.08333333333333333,0.024999999999999998,0.3,0,0.0
24001,T564,1.0,1.0,0.0,1.0,1.0,0,0.0,0.0,0.0,0,0.0
24001,T565,1.0,1.0,0.0,1.0,1.0,0,0.0,0.0,0.0,0,0.0
24001,T566,1.0,1.0,0.0,1.0,1.0,0,0.0,0.0,0.0,0,0.0
24001,T567,1.0,1.0,0.0,1.0,1.0,0,0.0,0.0,0.0,0,0.0
24001,T568,1.0,1.0,0.0,1.0,1.0,0,0.0,0.0,0.0,0,0.0
24001,T569,1.0,1.0,0.0,1.0,1.0,0,0.0,0.0,0.0,0,0.0
24001,T57,0.0,0.0,0.0,0.0,0.0,0,0.0,0.0,0.0,0,0.0
24001,T570,1.0,1.0,0.0,1.0,1.0,0,0.0,0.0,0.0,0,0.0
24001,T571,0.3,0.2583333333333333,0.3522743564641375,0.0,1.0,9,0.75,0.27499999999999997,0.7,0,0.0
24001,T572,0.0,0.0,0.0,0.0,0.0,0,0.0,0.0,0.0,0,0.0
24001,T573,0.0,0.016666666666666666,0.05527707983925667,0.0,0.2,1,0.08333333333333333,0.016666666666666666,0.2,0,0.0
24001,T574,1.0,1.0,0.0,1.0,1.0,0,0.0,0.0,0.0,0,0.0
24001,T575,1.0,1.0,0.0,1.0,1.0,0,0.0,0.0,0.0,0,0.0
24001,T576,1.0,1.0,0.0,1.0,1.0,0,0.0,0.0,0.0,0,0.0
24001,T577,1.0,1.0,0.0,1.0,1.0,0,0.0,0.0,0.0,0,0.0
24001,T578,1.0,1.0,0.0,1.0,1.0,0,0.0,0.0,0.0,0,0.0
24001,T579,1.0,1.0,0.0,1.0,1.0,0,0.0,0.0,0.0,0,0.0
24001,T58,0.0,0.0,0.0,0.0,0.0,0,0.0,0.0,0.0,0,0.0
24001,T580,1.0,1.0,0.0,1.0,1.0,0,0.0,0.0,0.0,0,0.0
24001,T581,1.0,1.0,0.0,1.0,1.0,0,0.0,0.0,0.0,0,0.0
24001,T582,1.0,1.0,0.0,1.0,1.0,0,0.0,0.0,0.0,0,0.0
24001,T583,0.6,0.5583333333333332,0.3121386800054674,0.0,1.0,8,0.6666666666666666,0.22499999999999998,0.6,0,0.0
24001,T584,1.0,1.0,0.0,1.0,1.0,0,0.0,0.0,0.0,0,0.0
24001,T585,0.0,0.0,0.0,0.0,0.0,0,0.0,0.0,0.0,0,0.0
24001,T586,1.0,1.0,0.0,1.0,1.0,0,0.0,0.0,0.0,0,0.0
24001,T587,0.7,0.5083333333333333,0.37739972914080844,0.0,1.0,12,1.0,0.3916666666666666,0.7,0,0.0
24001,T588,0.0,0.041666666666666664,0.13819269959814165,0.0,0.5,1,0.08333333333333333,0.041666666666666664,0.5,0,0.0
24001,T589,1.0,0.9083333333333332,0.18008485654145256,0.4,1.0,3,0.25,0.09166666666666667,0.6,0,0.0
24001,T59,0.0,0.0,0.0,0.0,0.0,0,0.0,0.0,0.0,0,0.0
24001,T590,0.9,0.7416666666666667,0.18465433171800283,0.4,1.0,12,1.0,0.2083333333333334,0.5,0,0.0
24001,T591,1.0,1.0,0.0,1.0,1.0,0,0.0,0.0,0.0,0,0.0
24001,T592,1.0,1.0,0.0,1.0,1.0,0,0.0,0.0,0.0,0,0.0
24001,T593,1.0,1.0,0.0,1.0,1.0,0,0.0,0.0,0.0,0,0.0
24001,T594,1.0,1.0,0.0,1.0,1.0,0,0.0,0.0,0.0,0,0.0
24001,T595,1.0,1.0,0.0,1.0,1.0,0,0.0,0.0,0.0,0,0.0
24001,T596,1.0,1.0,0.0,1.0,1.0,0,0.0,0.0,0.0,0,0.0
24001,T597,1.0,1.0,0.0,1.0,1.0,0,0.0,0.0,0.0,0,0.0
24001,T598,1.0,1.0,0.0,1.0,1.0,0,0.0,0.0,0.0,0,0.0
24001,T599,1.0,1.0,0.0,1.0,1.0,0,0.0,0.0,0.0,0,0.0
24001,T6,1.0,1.0,0.0,1.0,1.0,0,0.0,0.0,0.0,0,0.0
24001,T60,0.0,0.08333333333333333,0.2763853991962833,0.0,1.0,1,0.08333333333333333,0.08333333333333333,1.0,1,0.08333333333333333
24001,T600,0.0,0.08333333333333333,0.2763853991962833,0.0,1.0,1,0.08333333333333333,0.08333333333333333,1.0,1,0.08333333333333333
24001,T601,0.2,0.325,0.414578098794425,0.0,1.0,10,0.8333333333333334,0.325,0.8,0,0.0
24001,T602,1.0,0.7916666666666666,0.25967394084804807,0.3,1.0,5,0.4166666666666667,0.20833333333333334,0.7,0,0.0
24001,T603,1.0,0.975,0.082915619758885,0.7,1.0,1,0.08333333333333333,0.025000000000000005,0.30000000000000004,0,0.0
24001,T604,0.7,0.3499999999999999,0.3840572873934304,0.0,1.0,10,0.8333333333333334,0.44999999999999996,0.7,0,0.0
24001,T605,0.3,0.40833333333333327,0.43485310418832496,0.0,1.0,9,0.75,0.35833333333333334,0.7,0,0.0
24001,T606,0.0,0.0,0.0,0.0,0.0,0,0.0,0.0,0.0,0,0.0
24001,T607,1.0,1.0,0.0,1.0,1.0,0,0.0,0.0,0.0,0,0.0
24001,T608,0.0,0.0,0.0,0.0,0.0,0,0.0,0.0,0.0,0,0.0
24001,T609,1.0,1.0,0.0,1.0,1.0,0,0.0,0.0,0.0,0,0.0
24001,T61,0.0,0.024999999999999998,0.08291561975888499,0.0,0.3,1,0.08333333333333333,0.024999999999999998,0.3,0,0.0
24001,T610,1.0,0.9333333333333332,0.16499158227686112,0.4,1.0,3,0.25,0.06666666666666667,0.6,0,0.0
24001,T611,1.0,1.0,0.0,1.0,1.0,0,0.0,0.0,0.0,0,0.0
24001,T612,1.0,1.0,0.0,1.0,1.0,0,0.0,0.0,0.0,0,0.0
24001,T613,0.0,0.08333333333333333,0.2763853991962833,0.0,1.0,1,0.08333333333333333,0.08333333333333333,1.0,1,0.08333333333333333
24001,T614,1.0,1.0,0.0,1.0,1.0,0,0.0,0.0,0.0,0,0.0
24001,T615,0.0,0.0,0.0,0.0,0.0,0,0.0,0.0,0.0,0,0.0
24001,T616,0.0,0.0,0.0,0.0,0.0,0,0.0,0.0,0.0,0,0.0
24001,T617,0.0,0.0,0.0,0.0,0.0,0,0.0,0.0,0.0,0,0.0
24001,T618,1.0,0.9166666666666666,0.19075871903765995,0.4,1.0,2,0.16666666666666666,0.08333333333333333,0.6,0,0.0
24001,T619,1.0,1.0,0.0,1.0,1.0,0,0.0,0.0,0.0,0,0.0
24001,T62,0.0,0.0,0.0,0.0,0.0,0,0.0,0.0,0.0,0,0.0
24001,T620,1.0,1.0,0.0,1.0,1.0,0,0.0,0.0,0.0,0,0.0
24001,T621,1.0,0.9833333333333334,0.03726779962499649,0.9,1.0,2,0.16666666666666666,0.016666666666666663,0.09999999999999998,0,0.0
24001,T622,1.0,1.0,0.0,1.0,1.0,0,0.0,0.0,0.0,0,0.0
24001,T623,0.7,0.7000000000000001,0.334165627596057,0.0,1.0,8,0.6666666666666666,0.2333333333333333,0.7,0,0.0
24001,T624,1.0,1.0,0.0,1.0,1.0,0,0.0,0.0,0.0,0,0.0
24001,T625,0.4,0.4416666666666667,0.3946693412071539,0.0,1.0,10,0.8333333333333334,0.3416666666666666,0.6,0,0.0
24001,T626,0.0,0.0,0.0,0.0,0.0,0,0.0,0.0,0.0,0,0.0
24001,T627,1.0,1.0,0.0,1.0,1.0,0,0.0,0.0,0.0,0,0.0
24001,T628,0.0,0.0,0.0,0.0,0.0,0,0.0,0.0,0.0,0,0.0
24001,T629,0.0,0.0,0.0,0.0,0.0,0,0.0,0.0,0.0,0,0.0
24001,T63,0.3,0.4166666666666667,0.4278499217664478,0.0,1.0,9,0.75,0.35000000000000003,0.7,0,0.0
24001,T630,1.0,1.0,0.0,1.0,1.0,0,0.0,0.0,0.0,0,0.0
24001,T631,1.0,1.0,0.0,1.0,1.0,0,0.0,0.0,0.0,0,0.0
24001,T632,1.0,1.0,0.0,1.0,1.0,0,0.0,0.0,0.0,0,0.0
24001,T633,1.0,1.0,0.0,1.0,1.0,0,0.0,0.0,0.0,0,0.0
24001,T634,1.0,1.0,0.0,1.0,1.0,0,0.0,0.0,0.0,0,0.0
24001,T635,0.0,0.0,0.0,0.0,0.0,0,0.0,0.0,0.0,0,0.0
24001,T636,1.0,0.9666666666666667,0.04714045207910316,0.9,1.0,4,0.3333333333333333,0.033333333333333326,0.09999999999999998,0,0.0
24001,T637,1.0,1.0,0.0,1.0,1.0,0,0.0,0.0,0.0,0,0.0
24001,T638,0.0,0.0,0.0,0.0,0.0,0,0.0,0.0,0.0,0,0.0
24001,T639,0.0,0.0,0.0,0.0,0.0,0,0.0,0.0,0.0,0,0.0
24001,T64,0.0,0.049999999999999996,0.16583123951776998,0.0,0.6,1,0.08333333333333333,0.049999999999999996,0.6,0,0.0
24001,T640,1.0,1.0,0.0,1.0,1.0,0,0.0,0.0,0.0,0,0.0
24001,T641,0.0,0.16666666666666666,0.3726779962499649,0.0,1.0,2,0.16666666666666666,0.16666666666666666,1.0,2,0.16666666666666666
24001,T642,1.0,1.0,0.0,1.0,1.0,0,0.0,0.0,0.0,0,0.0
24001,T643,0.0,0.08333333333333333,0.18633899812498245,0.0,0.5,2,0.16666666666666666,0.08333333333333333,0.5,0,0.0
24001,T644,1.0,1.0,0.0,1.0,1.0,0,0.0,0.0,0.0,0,0.0
24001,T645,1.0,1.0,0.0,1.0,1.0,0,0.0,0.0,0.0,0,0.0
24001,T646,0.0,0.0,0.0,0.0,0.0,0,0.0,0.0,0.0,0,0.0
24001,T647,1.0,1.0,0.0,1.0,1.0,0,0.0,0.0,0.0,0,0.0
24001,T648,1.0,0.7749999999999999,0.2553592241007427,0.4,1.0,6,0.5,0.22499999999999998,0.6,0,0.0
24001,T649,0.0,0.0,0.0,0.0,0.0,0,0.0,0.0,0.0,0,0.0
24001,T65,1.0,1.0,0.0,1.0,1.0,0,0.0,0.0,0.0,0,0.0
24001,T650,0.0,0.024999999999999998,0.08291561975888499,0.0,0.3,1,0.08333333333333333,0.024999999999999998,0.3,0,0.0
24001,T651,0.0,0.0,0.0,0.0,0.0,0,0.0,0.0,0.0,0,0.0
24001,T652,1.0,1.0,0.0,1.0,1.0,0,0.0,0.0,0.0,0,0.0
24001,T653,1.0,1.0,0.0,1.0,1.0,0,0.0,0.0,0.0,0,0.0
24001,T654,1.0,1.0,0.0,1.0,1.0,0,0.0,0.0,0.0,0,0.0
24001,T655,1.0,1.0,0.0,1.0,1.0,0,0.0,0.0,0.0,0,0.0
24001,T656,1.0,1.0,0.0,1.0,1.0,0,0.0,0.0,0.0,0,0.0
24001,T657,1.0,1.0,0.0,1.0,1.0,0,0.0,0.0,0.0,0,0.0
24001,T658,1.0,0.8583333333333333,0.17057907908715603,0.6,1.0,5,0.4166666666666667,0.1416666666666667,0.4,0,0.0
24001,T659,1.0,1.0,0.0,1.0,1.0,0,0.0,0.0,0.0,0,0.0
24001,T66,1.0,1.0,0.0,1.0,1.0,0,0.0,0.0,0.0,0,0.0
24001,T660,1.0,1.0,0.0,1.0,1.0,0,0.0,0.0,0.0,0,0.0
24001,T661,0.0,0.08333333333333333,0.2763853991962833,0.0,1.0,1,0.08333333333333333,0.08333333333333333,1.0,1,0.08333333333333333
24001,T662,1.0,1.0,0.0,1.0,1.0,0,0.0,0.0,0.0,0,0.0
24001,T663,1.0,1.0,0.0,1.0,1.0,0,0.0,0.0,0.0,0,0.0
24001,T664,0.3,0.26666666666666666,0.3749073959733998,0.0,1.0,10,0.8333333333333334,0.3166666666666666,0.7,0,0.0
24001,T665,1.0,1.0,0.0,1.0,1.0,0,0.0,0.0,0.0,0,0.0
24001,T666,0.0,0.18333333333333335,0.36704525909242064,0.0,1.0,4,0.3333333333333333,0.18333333333333335,1.0,2,0.16666666666666666
24001,T667,0.0,0.03333333333333333,0.11055415967851334,0.0,0.4,1,0.08333333333333333,0.03333333333333333,0.4,0,0.0
24001,T668,1.0,1.0,0.0,1.0,1.0,0,0.0,0.0,0.0,0,0.0
24001,T669,1.0,1.0,0.0,1.0,1.0,0,0.0,0.0,0.0,0,0.0
24001,T67,0.0,0.0,0.0,0.0,0.0,0,0.0,0.0,0.0,0,0.0
24001,T670,1.0,1.0,0.0,1.0,1.0,0,0.0,0.0,0.0,0,0.0
24001,T671,1.0,1.0,0.0,1.0,1.0,0,0.0,0.0,0.0,0,0.0
24001,T672,0.0,0.049999999999999996,0.1118033988749895,0.0,0.3,2,0.16666666666666666,0.049999999999999996,0.3,0,0.0
24001,T673,0.0,0.0,0.0,0.0,0.0,0,0.0,0.0,0.0,0,0.0
24001,T674,1.0,1.0,0.0,1.0,1.0,0,0.0,0.0,0.0,0,0.0
24001,T675,1.0,1.0,0.0,1.0,1.0,0,0.0,0.0,0.0,0,0.0
24001,T676,1.0,1.0,0.0,1.0,1.0,0,0.0,0.0,0.0,0,0.0
24001,T677,1.0,1.0,0.0,1.0,1.0,0,0.0,0.0,0.0,0,0.0
24001,T678,1.0,1.0,0.0,1.0,1.0,0,0.0,0.0,0.0,0,0.0
24001,T679,1.0,1.0,0.0,1.0,1.0,0,0.0,0.0,0.0,0,0.0
24001,T68,0.0,0.0,0.0,0.0,0.0,0,0.0,0.0,0.0,0,0.0
24001,T680,1.0,0.9833333333333334,0.05527707983925664,0.8,1.0,1,0.08333333333333333,0.016666666666666663,0.19999999999999996,0,0.0
24001,T681,1.0,0.9166666666666666,0.1863389981249825,0.5,1.0,2,0.16666666666666666,0.08333333333333333,0.5,0,0.0
24001,T682,1.0,1.0,0.0,1.0,1.0,0,0.0,0.0,0.0,0,0.0
24001,T683,1.0,1.0,0.0,1.0,1.0,0,0.0,0.0,0.0,0,0.0
24001,T684,0.0,0.0,0.0,0.0,0.0,0,0.0,0.0,0.0,0,0.0
24001,T685,1.0,1.0,0.0,1.0,1.0,0,0.0,0.0,0.0,0,0.0
24001,T686,1.0,1.0,0.0,1.0,1.0,0,0.0,0.0,0.0,0,0.0
24001,T687,0.0,0.0,0.0,0.0,0.0,0,0.0,0.0,0.0,0,0.0
24001,T688,0.0,0.0,0.0,0.0,0.0,0,0.0,0.0,0.0,0,0.0
24001,T689,1.0,0.9249999999999998,0.1299038105676658,0.7,1.0,3,0.25,0.07500000000000001,0.30000000000000004,0,0.0
24001,T69,0.0,0.0,0.0,0.0,0.0,0,0.0,0.0,0.0,0,0.0
24001,T690,1.0,1.0,0.0,1.0,1.0,0,0.0,0.0,0.0,0,0.0
24001,T691,0.1,0.2916666666666667,0.3861310946067698,0.0,1.0,12,1.0,0.3083333333333334,0.9,0,0.0
24001,T692,1.0,1.0,0.0,1.0,1.0,0,0.0,0.0,0.0,0,0.0
24001,T693,0.0,0.041666666666666664,0.13819269959814165,0.0,0.5,1,0.08333333333333333,0.041666666666666664,0.5,0,0.0
24001,T694,1.0,1.0,0.0,1.0,1.0,0,0.0,0.0,0.0,0,0.0
24001,T695,0.0,0.18333333333333335,0.36930866343600566,0.0,1.0,3,0.25,0.18333333333333335,1.0,2,0.16666666666666666
24001,T696,1.0,1.0,0.0,1.0,1.0,0,0.0,0.0,0.0,0,0.0
24001,T697,1.0,1.0,0.0,1.0,1.0,0,0.0,0.0,0.0,0,0.0
24001,T698,1.0,1.0,0.0,1.0,1.0,0,0.0,0.0,0.0,0,0.0
24001,T699,1.0,1.0,0.0,1.0,1.0,0,0.0,0.0,0.0,0,0.0
24001,T7,1.0,0.9333333333333335,0.09428090415820632,0.8,1.0,4,0.3333333333333333,0.06666666666666665,0.19999999999999996,0,0.0
24001,T70,1.0,1.0,0.0,1.0,1.0,0,0.0,0.0,0.0,0,0.0
24001,T700,1.0,1.0,0.0,1.0,1.0,0,0.0,0.0,0.0,0,0.0
24001,T701,1.0,1.0,0.0,1.0,1.0,0,0.0,0.0,0.0,0,0.0
24001,T702,0.0,0.0,0.0,0.0,0.0,0,0.0,0.0,0.0,0,0.0
24001,T703,0.0,0.2916666666666667,0.34024092770989334,0.0,1.0,6,0.5,0.2916666666666667,1.0,1,0.08333333333333333
24001,T704,0.0,0.016666666666666666,0.05527707983925667,0.0,0.2,1,0.08333333333333333,0.016666666666666666,0.2,0,0.0
24001,T705,1.0,1.0,0.0,1.0,1.0,0,0.0,0.0,0.0,0,0.0
24001,T706,1.0,1.0,0.0,1.0,1.0,0,0.0,0.0,0.0,0,0.0
24001,T707,1.0,1.0,0.0,1.0,1.0,0,0.0,0.0,0.0,0,0.0
24001,T708,1.0,1.0,0.0,1.0,1.0,0,0.0,0.0,0.0,0,0.0
24001,T709,0.0,0.20833333333333334,0.3661928757119971,0.0,1.0,4,0.3333333333333333,0.20833333333333334,1.0,2,0.16666666666666666
24001,T71,1.0,1.0,0.0,1.0,1.0,0,0.0,0.0,0.0,0,0.0
24001,T710,1.0,1.0,0.0,1.0,1.0,0,0.0,0.0,0.0,0,0.0
24001,T711,0.0,0.11666666666666668,0.1674979270186815,0.0,0.5,5,0.4166666666666667,0.11666666666666668,0.5,0,0.0
24001,T712,0.0,0.0,0.0,0.0,0.0,0,0.0,0.0,0.0,0,0.0
24001,T713,0.7,0.6833333333333332,0.19930434571835662,0.5,1.0,9,0.75,0.16666666666666666,0.30000000000000004,0,0.0
24001,T714,1.0,1.0,0.0,1.0,1.0,0,0.0,0.0,0.0,0,0.0
24001,T715,0.0,0.0,0.0,0.0,0.0,0,0.0,0.0,0.0,0,0.0
24001,T716,1.0,1.0,0.0,1.0,1.0,0,0.0,0.0,0.0,0,0.0
24001,T717,0.1,0.2833333333333334,0.4199867722784717,0.0,1.0,12,1.0,0.30000000000000004,0.9,0,0.0
24001,T718,0.0,0.0,0.0,0.0,0.0,0,0.0,0.0,0.0,0,0.0
24001,T719,1.0,1.0,0.0,1.0,1.0,0,0.0,0.0,0.0,0,0.0
24001,T72,1.0,1.0,0.0,1.0,1.0,0,0.0,0.0,0.0,0,0.0
24001,T720,0.0,0.05833333333333333,0.11149240133549711,0.0,0.3,3,0.25,0.05833333333333333,0.3,0,0.0
24001,T721,1.0,1.0,0.0,1.0,1.0,0,0.0,0.0,0.0,0,0.0
24001,T722,1.0,1.0,0.0,1.0,1.0,0,0.0,0.0,0.0,0,0.0
24001,T723,1.0,1.0,0.0,1.0,1.0,0,0.0,0.0,0.0,0,0.0
24001,T724,0.0,0.0,0.0,0.0,0.0,0,0.0,0.0,0.0,0,0.0
24001,T725,1.0,1.0,0.0,1.0,1.0,0,0.0,0.0,0.0,0,0.0
24001,T726,1.0,1.0,0.0,1.0,1.0,0,0.0,0.0,0.0,0,0.0
24001,T727,1.0,1.0,0.0,1.0,1.0,0,0.0,0.0,0.0,0,0.0
24001,T728,1.0,1.0,0.0,1.0,1.0,0,0.0,0.0,0.0,0,0.0
24001,T729,0.0,0.2333333333333333,0.4068851871911235,0.0,1.0,3,0.25,0.2333333333333333,1.0,2,0.16666666666666666
24001,T73,1.0,1.0,0.0,1.0,1.0,0,0.0,0.0,0.0,0,0.0
24001,T730,1.0,1.0,0.0,1.0,1.0,0,0.0,0.0,0.0,0,0.0
24001,T731,1.0,1.0,0.0,1.0,1.0,0,0.0,0.0,0.0,0,0.0
24001,T732,1.0,1.0,0.0,1.0,1.0,0,0.0,0.0,0.0,0,0.0
24001,T733,1.0,1.0,0.0,1.0,1.0,0,0.0,0.0,0.0,0,0.0
24001,T734,0.1,0.21666666666666667,0.3760171390892826,0.0,1.0,11,0.9166666666666666,0.25000000000000006,0.9,0,0.0
24001,T735,1.0,1.0,0.0,1.0,1.0,0,0.0,0.0,0.0,0,0.0
24001,T736,0.0,0.024999999999999998,0.08291561975888499,0.0,0.3,1,0.08333333333333333,0.024999999999999998,0.3,0,0.0
24001,T737,1.0,1.0,0.0,1.0,1.0,0,0.0,0.0,0.0,0,0.0
24001,T738,1.0,1.0,0.0,1.0,1.0,0,0.0,0.0,0.0,0,0.0
24001,T739,0.0,0.08333333333333333,0.2763853991962833,0.0,1.0,1,0.08333333333333333,0.08333333333333333,1.0,1,0.08333333333333333
24001,T74,1.0,1.0,0.0,1.0,1.0,0,0.0,0.0,0.0,0,0.0
24001,T740,1.0,1.0,0.0,1.0,1.0,0,0.0,0.0,0.0,0,0.0
24001,T741,1.0,1.0,0.0,1.0,1.0,0,0.0,0.0,0.0,0,0.0
24001,T742,0.0,0.0,0.0,0.0,0.0,0,0.0,0.0,0.0,0,0.0
24001,T743,0.3,0.30000000000000004,0.34156502553198664,0.0,1.0,12,1.0,0.26666666666666666,0.7,0,0.0
24001,T744,0.0,0.0,0.0,0.0,0.0,0,0.0,0.0,0.0,0,0.0
24001,T745,1.0,1.0,0.0,1.0,1.0,0,0.0,0.0,0.0,0,0.0
24001,T746,1.0,1.0,0.0,1.0,1.0,0,0.0,0.0,0.0,0,0.0
24001,T747,0.0,0.0,0.0,0.0,0.0,0,0.0,0.0,0.0,0,0.0
24001,T748,0.8,0.7083333333333334,0.301270458042087,0.1,1.0,11,0.9166666666666666,0.22500000000000006,0.7000000000000001,0,0.0
24001,T749,1.0,1.0,0.0,1.0,1.0,0,0.0,0.0,0.0,0,0.0
24001,T75,0.0,0.0,0.0,0.0,0.0,0,0.0,0.0,0.0,0,0.0
24001,T750,1.0,1.0,0.0,1.0,1.0,0,0.0,0.0,0.0,0,0.0
24001,T751,1.0,1.0,0.0,1.0,1.0,0,0.0,0.0,0.0,0,0.0
24001,T752,1.0,1.0,0.0,1.0,1.0,0,0.0,0.0,0.0,0,0.0
24001,T753,0.0,0.0,0.0,0.0,0.0,0,0.0,0.0,0.0,0,0.0
24001,T754,1.0,1.0,0.0,1.0,1.0,0,0.0,0.0,0.0,0,0.0
24001,T755,0.2,0.2833333333333333,0.38042374035044424,0.0,1.0,12,1.0,0.31666666666666676,0.8,0,0.0
24001,T756,1.0,1.0,0.0,1.0,1.0,0,0.0,0.0,0.0,0,0.0
24001,T757,0.0,0.0,0.0,0.0,0.0,0,0.0,0.0,0.0,0,0.0
24001,T758,0.0,0.0,0.0,0.0,0.0,0,0.0,0.0,0.0,0,0.0
24001,T759,1.0,1.0,0.0,1.0,1.0,0,0.0,0.0,0.0,0,0.0
24001,T76,1.0,1.0,0.0,1.0,1.0,0,0.0,0.0,0.0,0,0.0
24001,T760,1.0,1.0,0.0,1.0,1.0,0,0.0,0.0,0.0,0,0.0
24001,T761,1.0,1.0,0.0,1.0,1.0,0,0.0,0.0,0.0,0,0.0
24001,T762,1.0,1.0,0.0,1.0,1.0,0,0.0,0.0,0.0,0,0.0
24001,T763,1.0,1.0,0.0,1.0,1.0,0,0.0,0.0,0.0,0,0.0
24001,T764,1.0,1.0,0.0,1.0,1.0,0,0.0,0.0,0.0,0,0.0
24001,T765,1.0,1.0,0.0,1.0,1.0,0,0.0,0.0,0.0,0,0.0
24001,T766,0.0,0.09166666666666667,0.20598678490513792,0.0,0.6,2,0.16666666666666666,0.09166666666666667,0.6,0,0.0
24001,T767,1.0,1.0,0.0,1.0,1.0,0,0.0,0.0,0.0,0,0.0
24001,T77,1.0,1.0,0.0,1.0,1.0,0,0.0,0.0,0.0,0,0.0
24001,T78,1.0,0.7666666666666666,0.24944382578492946,0.4,1.0,6,0.5,0.23333333333333336,0.6,0,0.0
24001,T79,1.0,1.0,0.0,1.0,1.0,0,0.0,0.0,0.0,0,0.0
24001,T8,0.8,0.6083333333333333,0.3569741665100649,0.0,1.0,5,0.4166666666666667,0.225,0.8,0,0.0
24001,T80,1.0,1.0,0.0,1.0,1.0,0,0.0,0.0,0.0,0,0.0
24001,T81,1.0,1.0,0.0,1.0,1.0,0,0.0,0.0,0.0,0,0.0
24001,T82,1.0,1.0,0.0,1.0,1.0,0,0.0,0.0,0.0,0,0.0
24001,T83,1.0,1.0,0.0,1.0,1.0,0,0.0,0.0,0.0,0,0.0
24001,T84,1.0,1.0,0.0,1.0,1.0,0,0.0,0.0,0.0,0,0.0
24001,T85,1.0,1.0,0.0,1.0,1.0,0,0.0,0.0,0.0,0,0.0
24001,T86,1.0,1.0,0.0,1.0,1.0,0,0.0,0.0,0.0,0,0.0
24001,T87,1.0,1.0,0.0,1.0,1.0,0,0.0,0.0,0.0,0,0.0
24001,T88,1.0,1.0,0.0,1.0,1.0,0,0.0,0.0,0.0,0,0.0
24001,T89,1.0,1.0,0.0,1.0,1.0,0,0.0,0.0,0.0,0,0.0
24001,T9,1.0,1.0,0.0,1.0,1.0,0,0.0,0.0,0.0,0,0.0
24001,T90,0.0,0.0,0.0,0.0,0.0,0,0.0,0.0,0.0,0,0.0
24001,T91,0.6,0.45833333333333326,0.4132358756072479,0.0,1.0,9,0.75,0.35833333333333334,0.6,0,0.0
24001,T92,0.7,0.7166666666666667,0.23033791601808756,0.1,1.0,7,0.5833333333333334,0.15000000000000002,0.6,0,0.0
24001,T93,0.0,0.0,0.0,0.0,0.0,0,0.0,0.0,0.0,0,0.0
24001,T94,0.0,0.0,0.0,0.0,0.0,0,0.0,0.0,0.0,0,0.0
24001,T95,0.2,0.3,0.32914029430219166,0.0,1.0,11,0.9166666666666666,0.26666666666666666,0.8,0,0.0
24001,T96,1.0,1.0,0.0,1.0,1.0,0,0.0,0.0,0.0,0,0.0
24001,T97,1.0,0.9583333333333334,0.13819269959814165,0.5,1.0,1,0.08333333333333333,0.041666666666666664,0.5,0,0.0
24001,T98,1.0,0.9666666666666667,0.11055415967851334,0.6,1.0,1,0.08333333333333333,0.03333333333333333,0.4,0,0.0
24001,T99,1.0,1.0,0.0,1.0,1.0,0,0.0,0.0,0.0,0,0.0
