series_id,seed,origin,alpha,global_alpha,F0_loss,GLOBAL_loss,INDIVIDUAL_loss,LORA_loss,mean_SHUFFLED_loss
T1,24000,60,1.0,1.0,0.31770522471109114,0.29639049752837165,0.29639049752837165,0.29639049752837165,0.30115000413657944
T1,24000,72,1.0,1.0,0.3071279370299408,0.2992916053908979,0.2992916053908979,0.2992916053908979,0.3010366864737322
T10,24000,60,1.0,1.0,0.5559596909362261,0.5537018107155951,0.5537018107155951,0.5537018107155951,0.5545896741826543
T10,24000,72,1.0,1.0,0.586162410913578,0.5880347502787096,0.5880347502787096,0.5880347502787096,0.5872342205007282
T100,24000,60,0.0,1.0,0.6796026962394602,0.6603488774329229,0.6796026962394602,0.6603488774329229,0.6681415706591747
T100,24000,72,0.0,1.0,0.7951304383342128,0.8029338529300805,0.7951304383342128,0.8029338529300805,0.7997628938202412
T101,24000,60,1.0,1.0,0.37549741777621465,0.36157642343021906,0.36157642343021906,0.36157642343021906,0.3666981127054006
T101,24000,72,1.0,1.0,0.6819654829547052,0.6691948994277377,0.6691948994277377,0.6691948994277377,0.6739174166922741
T102,24000,60,1.0,1.0,0.12322622089089261,0.12439221018964411,0.12439221018964411,0.12439221018964411,0.12382821940441924
T102,24000,72,1.0,1.0,0.17374599571627447,0.16212727662443346,0.16212727662443346,0.16212727662443346,0.1676623799027354
T103,24000,60,1.0,1.0,0.8930658546385885,0.8870436891953617,0.8870436891953617,0.8870436891953617,0.8895960365084472
T103,24000,72,1.0,1.0,0.5854674864885007,0.5755657421051922,0.5755657421051922,0.5755657421051922,0.5797666258373134
T104,24000,60,1.0,1.0,0.5772136489950861,0.5694178712587022,0.5694178712587022,0.5694178712587022,0.5731363608503812
T104,24000,72,1.0,1.0,0.42903754770495395,0.4125438624403213,0.4125438624403213,0.4125438624403213,0.42044129911594535
T105,24000,60,1.0,1.0,0.731060496320931,0.7418890074412291,0.7418890074412291,0.7418890074412291,0.7395895558744667
T105,24000,72,1.0,1.0,0.6288625670913612,0.6198075849322972,0.6198075849322972,0.6198075849322972,0.6215825714858136
T106,24000,60,1.0,1.0,1.2709696708854132,1.263808177376803,1.263808177376803,1.263808177376803,1.2666727747802469
T106,24000,72,1.0,1.0,0.7519925892419171,0.7731539342495403,0.7731539342495403,0.7731539342495403,0.7646893962464911
T107,24000,60,1.0,1.0,1.4031521243510465,1.3997913669298092,1.3997913669298092,1.3997913669298092,1.4007105905084123
T107,24000,72,1.0,1.0,0.9492928033046819,0.9473476723677547,0.9473476723677547,0.9473476723677547,0.9478751437017167
T108,24000,60,1.0,1.0,0.7356417091205847,0.7456587428180178,0.7456587428180178,0.7456587428180178,0.7423101376619655
T108,24000,72,1.0,1.0,0.41847542162419243,0.3809469504311502,0.3809469504311502,0.3809469504311502,0.393282679965396
T109,24000,60,1.0,1.0,0.5376860409601071,0.523000060009643,0.523000060009643,0.523000060009643,0.5293849663620203
T109,24000,72,1.0,1.0,0.8432905480310455,0.849194885794107,0.849194885794107,0.849194885794107,0.8466124195193071
T11,24000,60,0.9,1.0,0.6016901571312936,0.6049326795850568,0.6043828675846276,0.6049326795850568,0.6041384840874949
T11,24000,72,0.9,1.0,0.7103541144104054,0.7263538783891866,0.7245419733446102,0.7263538783891866,0.7224798048460517
T110,24000,60,1.0,1.0,0.43553024920238154,0.42934380026443947,0.42934380026443947,0.42934380026443947,0.4319268188017311
T110,24000,72,1.0,1.0,0.38298711158562376,0.36978568170840276,0.36978568170840276,0.36978568170840276,0.3753191757087523
T111,24000,60,1.0,1.0,0.7863098761395667,0.7607682565495766,0.7607682565495766,0.7607682565495766,0.7662109649232661
T111,24000,72,1.0,1.0,0.5899571955264231,0.5524374001551177,0.5524374001551177,0.5524374001551177,0.5605041561599483
T112,24000,60,1.0,1.0,0.5875985509741596,0.5860492708963128,0.5860492708963128,0.5860492708963128,0.586533184665265
T112,24000,72,1.0,1.0,0.5824448581105843,0.5842584898352492,0.5842584898352492,0.5842584898352492,0.5836586093345453
T113,24000,60,1.0,1.0,0.4117207215065141,0.415734819505316,0.415734819505316,0.415734819505316,0.4146666955161038
T113,24000,72,1.0,1.0,0.26560035702828444,0.2594874932848025,0.2594874932848025,0.2594874932848025,0.2610096170010875
T114,24000,60,1.0,1.0,0.5669548653063847,0.5592975205639407,0.5592975205639407,0.5592975205639407,0.5615131937162253
T114,24000,72,1.0,1.0,0.4193733677122499,0.41396606367903704,0.41396606367903704,0.41396606367903704,0.4154548382596306
T115,24000,60,0.0,1.0,0.5716310577178523,0.5524203895458254,0.5716310577178523,0.5524203895458254,0.5575683317697602
T115,24000,72,0.0,1.0,0.6128478765735582,0.6239419641064802,0.6128478765735582,0.6239419641064802,0.620853812647829
T116,24000,60,1.0,1.0,1.2581707394079116,1.3136522849092342,1.3136522849092342,1.3136522849092342,1.2950443671267415
T116,24000,72,1.0,1.0,0.6083086681919327,0.5442990450537378,0.5442990450537378,0.5442990450537378,0.5657219972328962
T117,24000,60,1.0,1.0,0.7278377977940103,0.7296416193134195,0.7296416193134195,0.7296416193134195,0.7292024446880658
T117,24000,72,1.0,1.0,0.6546984524500219,0.656159195592929,0.656159195592929,0.656159195592929,0.6558156193495444
T118,24000,60,1.0,1.0,0.7839480748389517,0.7429504540021268,0.7429504540021268,0.7429504540021268,0.7546216463824396
T118,24000,72,1.0,1.0,0.537363644572294,0.5195856360005895,0.5195856360005895,0.5195856360005895,0.5246415769089193
T119,24000,60,1.0,1.0,0.694341442742403,0.6876908408923142,0.6876908408923142,0.6876908408923142,0.6899756522405343
T119,24000,72,1.0,1.0,0.5678329539887844,0.560948324235141,0.560948324235141,0.560948324235141,0.5633157994736961
T12,24000,60,1.0,1.0,0.553442582502843,0.5506386989797449,0.5506386989797449,0.5506386989797449,0.5513396698605193
T12,24000,72,1.0,1.0,0.5678059997730337,0.5721438967983284,0.5721438967983284,0.5721438967983284,0.5710594225420047
T120,24000,60,0.0,1.0,1.06784298317931,1.0101639723539446,1.06784298317931,1.0101639723539446,1.0245837250602858
T120,24000,72,0.0,1.0,0.7468864585951538,0.7240594439411562,0.7468864585951538,0.7240594439411562,0.7297661976046557
T121,24000,60,1.0,1.0,0.799508484649172,0.7360332990111639,0.7360332990111639,0.7360332990111639,0.7626772737797972
T121,24000,72,1.0,1.0,0.5342199330979736,0.5198184076775406,0.5198184076775406,0.5198184076775406,0.5258485143853614
T122,24000,60,0.6,1.0,0.5206665971736228,0.51243505159329,0.5154150370922188,0.51243505159329,0.5136140651362737
T122,24000,72,0.6,1.0,0.3818355892739544,0.3640732820769423,0.37066488884887244,0.3640732820769423,0.3666146557329239
T123,24000,60,0.0,1.0,0.5741339435935309,0.5711263599133589,0.5741339435935309,0.5711263599133589,0.5723642256404163
T123,24000,72,0.0,1.0,0.6257119809353338,0.641348315746804,0.6257119809353338,0.641348315746804,0.6348415116222133
T124,24000,60,0.0,1.0,0.5249817426662562,0.49373996745137877,0.5249817426662562,0.49373996745137877,0.5015329243118727
T124,24000,72,0.0,1.0,0.7043570559547034,0.71256480197338,0.7043570559547034,0.71256480197338,0.7104656452579724
T125,24000,60,1.0,1.0,0.7697659616869743,0.7653308613098657,0.7653308613098657,0.7653308613098657,0.7667284408135144
T125,24000,72,1.0,1.0,0.6654502448883757,0.6492226228302881,0.6492226228302881,0.6492226228302881,0.6546615040385524
T126,24000,60,1.0,1.0,0.650443113824885,0.6518402722719219,0.6518402722719219,0.6518402722719219,0.6512861045472816
T126,24000,72,1.0,1.0,0.5730611135203777,0.5346556628651106,0.5346556628651106,0.5346556628651106,0.5463169056245581
T127,24000,60,1.0,1.0,0.9856866334866363,0.9975395783708205,0.9975395783708205,0.9975395783708205,0.9923645235758828
T127,24000,72,1.0,1.0,0.4456606913696326,0.43208680407418615,0.43208680407418615,0.43208680407418615,0.437977993883287
T128,24000,60,1.0,1.0,0.5959215636170748,0.5836368683405038,0.5836368683405038,0.5836368683405038,0.5870675666500902
T128,24000,72,1.0,1.0,0.48558837786875564,0.4919204174606837,0.4919204174606837,0.4919204174606837,0.49014051471746267
T129,24000,60,1.0,1.0,0.6049323209517019,0.5986108881629273,0.5986108881629273,0.5986108881629273,0.5995591030812435
T129,24000,72,1.0,1.0,0.5626697387934194,0.5535305472481774,0.5535305472481774,0.5535305472481774,0.5549014259799637
T13,24000,60,1.0,1.0,0.8664746339546547,0.8757645642956768,0.8757645642956768,0.8757645642956768,0.8734420817104211
T13,24000,72,1.0,1.0,1.1385727352498212,1.1567482334174282,1.1567482334174282,1.1567482334174282,1.1522043588755264
T130,24000,60,0.0,1.0,3.747342369402863,3.7270981196998183,3.747342369402863,3.7270981196998183,3.7327665096166713
T130,24000,72,0.0,1.0,0.802860853772862,0.7590885556401792,0.802860853772862,0.7590885556401792,0.7713319385696078
T131,24000,60,1.0,1.0,0.954703809388367,0.8915729033769676,0.8915729033769676,0.8915729033769676,0.9063843566887982
T131,24000,72,1.0,1.0,1.0047419861162712,0.9992636842911721,0.9992636842911721,0.9992636842911721,1.0005424269035235
T132,24000,60,1.0,1.0,0.6427761789194256,0.6458229753599102,0.6458229753599102,0.6458229753599102,0.6446433640237971
T132,24000,72,1.0,1.0,0.44052438266064853,0.42631017638262736,0.42631017638262736,0.42631017638262736,0.4316336012768388
T133,24000,60,1.0,1.0,0.8687648859933501,0.8738852096324005,0.8738852096324005,0.8738852096324005,0.8727302551812016
T133,24000,72,1.0,1.0,0.4517324994431065,0.4408425171062171,0.4408425171062171,0.4408425171062171,0.4432881922952331
T134,24000,60,1.0,1.0,0.5133343027552264,0.48000286044832186,0.48000286044832186,0.48000286044832186,0.48833572102504785
T134,24000,72,1.0,1.0,0.3405436783731411,0.3375794255227026,0.3375794255227026,0.3375794255227026,0.3383204887353122
T135,24000,60,1.0,1.0,0.6214272238431627,0.5985660037893102,0.5985660037893102,0.5985660037893102,0.605424369805466
T135,24000,72,1.0,1.0,0.4798657110436514,0.466759206603377,0.466759206603377,0.466759206603377,0.47069115793545924
T136,24000,60,1.0,1.0,0.31985397301816787,0.30939450846210687,0.30939450846210687,0.30939450846210687,0.312418283033724
T136,24000,72,1.0,1.0,0.2909285472603032,0.2785992798595159,0.2785992798595159,0.2785992798595159,0.28217141543654145
T137,24000,60,1.0,1.0,0.5129195025489766,0.5084656070927699,0.5084656070927699,0.5084656070927699,0.5093925163948527
T137,24000,72,1.0,1.0,0.33196571910788913,0.3114688902060301,0.3114688902060301,0.3114688902060301,0.3157732242754205
T138,24000,60,1.0,1.0,0.7475175504927506,0.7419884920403582,0.7419884920403582,0.7419884920403582,0.7430943037308366
T138,24000,72,1.0,1.0,0.7051652257204811,0.7004220204029429,0.7004220204029429,0.7004220204029429,0.7013706614664506
T139,24000,60,1.0,1.0,0.3309580600159829,0.3183015629680394,0.3183015629680394,0.3183015629680394,0.3225318841980374
T139,24000,72,1.0,1.0,0.49346582427008595,0.48108243751521557,0.48108243751521557,0.48108243751521557,0.4852138612207583
T14,24000,60,1.0,1.0,0.6105561766157432,0.6052052926767649,0.6052052926767649,0.6052052926767649,0.6074105206088036
T14,24000,72,1.0,1.0,0.7183562939691376,0.7226107946911938,0.7226107946911938,0.7226107946911938,0.720812865796246
T140,24000,60,1.0,1.0,0.6959862256721291,0.6799219545187194,0.6799219545187194,0.6799219545187194,0.6855444494224127
T140,24000,72,1.0,1.0,0.697697274683039,0.6974145741746077,0.6974145741746077,0.6974145741746077,0.6975135193525588
T141,24000,60,1.0,1.0,0.9939694169295294,0.9963988944822036,0.9963988944822036,0.9963988944822036,0.9958610190204672
T141,24000,72,1.0,1.0,0.8099083240264304,0.8116354105483234,0.8116354105483234,0.8116354105483234,0.8112566285296741
T142,24000,60,1.0,1.0,0.6291343284430175,0.6357644944304173,0.6357644944304173,0.6357644944304173,0.6340720832314981
T142,24000,72,1.0,1.0,1.0353577949082022,1.0488198282527081,1.0488198282527081,1.0488198282527081,1.0453813321748737
T143,24000,60,1.0,1.0,0.6887367512465562,0.6775619701928465,0.6775619701928465,0.6775619701928465,0.681473143561645
T143,24000,72,1.0,1.0,0.6333240954707282,0.6257286720222746,0.6257286720222746,0.6257286720222746,0.6283870702292333
T144,24000,60,0.0,1.0,0.5665466063156426,0.5620475509103104,0.5665466063156426,0.5620475509103104,0.5634295113136969
T144,24000,72,0.0,1.0,0.5626777338701087,0.5583797430840681,0.5626777338701087,0.5583797430840681,0.5596982741177761
T145,24000,60,1.0,1.0,0.682156408219177,0.6854665753073474,0.6854665753073474,0.6854665753073474,0.6842583643201652
T145,24000,72,1.0,1.0,1.7865485071954514,1.8050388224452014,1.8050388224452014,1.8050388224452014,1.7982696753954515
T146,24000,60,1.0,1.0,0.5904979862939568,0.5751128575447427,0.5751128575447427,0.5751128575447427,0.5780322568610952
T146,24000,72,1.0,1.0,0.7402929634084475,0.7313834229622979,0.7313834229622979,0.7313834229622979,0.7330720811650433
T147,24000,60,1.0,1.0,0.889962985614871,0.8998097215151181,0.8998097215151181,0.8998097215151181,0.8982365914353823
T147,24000,72,1.0,1.0,0.9709835987483466,0.9737296491043591,0.9737296491043591,0.9737296491043591,0.9733040112991773
T148,24000,60,0.0,1.0,0.6085884685291898,0.5960603416082055,0.6085884685291898,0.5960603416082055,0.6006331079343649
T148,24000,72,0.0,1.0,0.9533722875072845,0.9772232237430732,0.9533722875072845,0.9772232237430732,0.9683293039929224
T149,24000,60,1.0,1.0,0.7765064041198491,0.7857545038389047,0.7857545038389047,0.7857545038389047,0.7825176689372354
T149,24000,72,1.0,1.0,0.4954087464475901,0.4822624002802693,0.4822624002802693,0.4822624002802693,0.48686362143883155
T15,24000,60,1.0,1.0,0.5067984726577203,0.5049909234844504,0.5049909234844504,0.5049909234844504,0.505139063859126
T15,24000,72,1.0,1.0,0.5254792228960662,0.5144467131706405,0.5144467131706405,0.5144467131706405,0.515380686917851
T150,24000,60,0.0,1.0,0.8661616255127305,0.8375104911089378,0.8661616255127305,0.8375104911089378,0.8456634550620136
T150,24000,72,0.0,1.0,1.3202987101611738,1.3596902082317557,1.3202987101611738,1.3596902082317557,1.3484544007206218
T151,24000,60,0.0,1.0,0.6809282521191756,0.6909410314346786,0.6809282521191756,0.6909410314346786,0.6883207098929566
T151,24000,72,0.0,1.0,0.4931656013250128,0.48070724851423524,0.4931656013250128,0.48070724851423524,0.4839440119294105
T152,24000,60,0.0,1.0,0.5666267678797402,0.5627689784472636,0.5666267678797402,0.5627689784472636,0.5639263152770064
T152,24000,72,0.0,1.0,0.9324884400526909,0.9150304750113248,0.9324884400526909,0.9150304750113248,0.9202678645237345
T153,24000,60,1.0,1.0,0.9738594602484787,0.9651733111429397,0.9651733111429397,0.9651733111429397,0.9701073536897826
T153,24000,72,1.0,1.0,0.7584857127748043,0.756316176380531,0.756316176380531,0.756316176380531,0.7575434484155381
T154,24000,60,1.0,1.0,0.6299377798880582,0.6369280203098314,0.6369280203098314,0.6369280203098314,0.6344814361622108
T154,24000,72,1.0,1.0,0.49213291557652394,0.4898951965347487,0.4898951965347487,0.4898951965347487,0.49067839819937004
T155,24000,60,0.0,1.0,0.45748617717306866,0.4446867183563311,0.45748617717306866,0.4446867183563311,0.4490905305451583
T155,24000,72,0.0,1.0,0.7679571387101524,0.7558890515870936,0.7679571387101524,0.7558890515870936,0.7600444491486977
T156,24000,60,0.0,1.0,1.9682061794921544,1.9931331388263949,1.9682061794921544,1.9931331388263949,1.985869319472099
T156,24000,72,0.0,1.0,0.5453369293148063,0.5287281470535699,0.5453369293148063,0.5287281470535699,0.5334616499980223
T157,24000,60,1.0,1.0,1.1870933236633072,1.1681815308369594,1.1681815308369594,1.1681815308369594,1.1730485023018289
T157,24000,72,1.0,1.0,1.562229414666523,1.576886112676728,1.576886112676728,1.576886112676728,1.5729851328692206
T158,24000,60,1.0,1.0,0.5414404132422763,0.5294910214717254,0.5294910214717254,0.5294910214717254,0.5309175866224934
T158,24000,72,1.0,1.0,0.6170656461112984,0.6139669046794191,0.6139669046794191,0.6139669046794191,0.6143253296088911
T159,24000,60,0.0,1.0,0.5964570672831578,0.5582376062037768,0.5964570672831578,0.5582376062037768,0.5652667758531346
T159,24000,72,0.0,1.0,1.0814681704927207,1.1755308162364788,1.0814681704927207,1.1755308162364788,1.158081894909062
T16,24000,60,1.0,1.0,0.4716992051595797,0.4653147737941709,0.4653147737941709,0.4653147737941709,0.46777099613212236
T16,24000,72,1.0,1.0,0.6221560645869777,0.6160521514832857,0.6160521514832857,0.6160521514832857,0.6183911131064005
T160,24000,60,1.0,1.0,1.177210539898598,1.1028208802757822,1.1028208802757822,1.1028208802757822,1.1187908081302926
T160,24000,72,1.0,1.0,0.7296224803168251,0.7088539803451192,0.7088539803451192,0.7088539803451192,0.7132901951191187
T161,24000,60,0.0,1.0,0.621841285461924,0.6116855714584394,0.621841285461924,0.6116855714584394,0.6157420708418913
T161,24000,72,0.0,1.0,0.6559131173491275,0.6626503276179936,0.6559131173491275,0.6626503276179936,0.659802931926626
T162,24000,60,0.0,1.0,0.9184198609560379,0.9078202554095801,0.9184198609560379,0.9078202554095801,0.9118148525969529
T162,24000,72,0.0,1.0,0.6071141875807171,0.6246082747816915,0.6071141875807171,0.6246082747816915,0.6177242336351526
T163,24000,60,1.0,1.0,0.8397506712688447,0.7783900392071162,0.7783900392071162,0.7783900392071162,0.7995210851454975
T163,24000,72,1.0,1.0,0.575345854970438,0.563213243478449,0.563213243478449,0.563213243478449,0.5673688015240137
T164,24000,60,1.0,1.0,0.7770176331481812,0.7874438438159964,0.7874438438159964,0.7874438438159964,0.7830705764853043
T164,24000,72,1.0,1.0,0.8248882809722788,0.8444997965442569,0.8444997965442569,0.8444997965442569,0.8363041275985857
T165,24000,60,1.0,1.0,0.3829337264879058,0.39141517888753286,0.39141517888753286,0.39141517888753286,0.3892948157876261
T165,24000,72,1.0,1.0,0.43511371049074554,0.4307429858465163,0.4307429858465163,0.4307429858465163,0.4318356670075735
T166,24000,60,0.0,1.0,1.1927379641429734,1.232625256752299,1.1927379641429734,1.232625256752299,1.2228393090921807
T166,24000,72,0.0,1.0,0.47321247780521936,0.4613677917928463,0.47321247780521936,0.4613677917928463,0.46426816594885506
T167,24000,60,1.0,1.0,0.721374296484,0.7218125852135723,0.7218125852135723,0.7218125852135723,0.7216819123246665
T167,24000,72,1.0,1.0,0.8876040200237519,0.8880429570136329,0.8880429570136329,0.8880429570136329,0.8879156530578374
T168,24000,60,0.0,1.0,0.9481407551538376,0.9444309409368604,0.9481407551538376,0.9444309409368604,0.9453583944911049
T168,24000,72,0.0,1.0,0.7342143198830741,0.7611657534281414,0.7342143198830741,0.7611657534281414,0.7544278950418745
T169,24000,60,1.0,1.0,0.5293017344612644,0.5273580219353142,0.5273580219353142,0.5273580219353142,0.5282326925719916
T169,24000,72,1.0,1.0,0.661206153057236,0.6873213841513559,0.6873213841513559,0.6873213841513559,0.675569530159002
T17,24000,60,0.0,1.0,0.4592099713712413,0.4738024451547053,0.4592099713712413,0.4738024451547053,0.4664064750187273
T17,24000,72,0.0,1.0,0.6374890537344776,0.6385697485628433,0.6374890537344776,0.6385697485628433,0.6379874398909584
T170,24000,60,1.0,1.0,0.8879392889895816,0.9030652240661484,0.9030652240661484,0.9030652240661484,0.9013919463416679
T170,24000,72,1.0,1.0,0.8188662857982416,0.815332486164999,0.815332486164999,0.815332486164999,0.8157044610273955
T171,24000,60,1.0,1.0,1.186514582181187,1.2370885698843561,1.2370885698843561,1.2370885698843561,1.2219163735734055
T171,24000,72,1.0,1.0,0.5857955166234005,0.5775573378784362,0.5775573378784362,0.5775573378784362,0.5800287915019255
T172,24000,60,1.0,1.0,0.5457026330039177,0.5572065361062888,0.5572065361062888,0.5572065361062888,0.5549061745342605
T172,24000,72,1.0,1.0,0.5164512170145398,0.5231586323412162,0.5231586323412162,0.5231586323412162,0.5218260700440046
T173,24000,60,1.0,1.0,0.7914671418698368,0.8267177902057646,0.8267177902057646,0.8267177902057646,0.8137825005715346
T173,24000,72,1.0,1.0,0.7062509443078709,0.6470099885171261,0.6470099885171261,0.6470099885171261,0.6685990344740489
T174,24000,60,1.0,1.0,1.006544509879231,1.0471346740068723,1.0471346740068723,1.0471346740068723,1.028869100149434
T174,24000,72,1.0,1.0,0.7878110291283353,0.7864396644100927,0.7864396644100927,0.7864396644100927,0.7870567785333019
T175,24000,60,1.0,1.0,0.3390673216894927,0.3344897318816435,0.3344897318816435,0.3344897318816435,0.33654964729517567
T175,24000,72,1.0,1.0,0.383672746971887,0.35281164639633933,0.35281164639633933,0.35281164639633933,0.36669914165533574
T176,24000,60,1.0,1.0,0.3963261180144048,0.3770422773094156,0.3770422773094156,0.3770422773094156,0.3851398645451574
T176,24000,72,1.0,1.0,0.336054524854944,0.3216493072760728,0.3216493072760728,0.3216493072760728,0.3276862271242311
T177,24000,60,1.0,1.0,0.3472144572651138,0.2910326298923614,0.2910326298923614,0.2910326298923614,0.31404480617677705
T177,24000,72,1.0,1.0,0.17609902739420435,0.17509378087954722,0.17509378087954722,0.17509378087954722,0.17550056497848796
T178,24000,60,1.0,1.0,0.36658983430430997,0.3297723540766711,0.3297723540766711,0.3297723540766711,0.3444993461677267
T178,24000,72,1.0,1.0,0.2569648793692888,0.2520686128518167,0.2520686128518167,0.2520686128518167,0.2540271194588055
T179,24000,60,1.0,1.0,0.4317721435343737,0.361520310297906,0.361520310297906,0.361520310297906,0.38962104359249305
T179,24000,72,1.0,1.0,0.24166169313547003,0.22970227322087675,0.22970227322087675,0.22970227322087675,0.23448604118671407
T18,24000,60,1.0,1.0,1.4782273454024761,1.511534114395753,1.511534114395753,1.511534114395753,1.5018087263403996
T18,24000,72,1.0,1.0,0.5060980483677037,0.49840062437134186,0.49840062437134186,0.49840062437134186,0.5006257749948066
T180,24000,60,1.0,1.0,0.29899864735858556,0.28425643436107484,0.28425643436107484,0.28425643436107484,0.2883687200833783
T180,24000,72,1.0,1.0,0.7129979504211421,0.7160068002919259,0.7160068002919259,0.7160068002919259,0.7151461402834418
T181,24000,60,1.0,1.0,0.5216701885821917,0.494876794819149,0.494876794819149,0.494876794819149,0.5049069902951713
T181,24000,72,1.0,1.0,0.3697063131191341,0.3553837990523747,0.3553837990523747,0.3553837990523747,0.3607509502706533
T182,24000,60,1.0,1.0,0.5254219791708817,0.5192043640579955,0.5192043640579955,0.5192043640579955,0.5217607831441576
T182,24000,72,1.0,1.0,0.4955229466751727,0.4848709291916662,0.4848709291916662,0.4848709291916662,0.4892822639742603
T183,24000,60,1.0,1.0,0.3712572326946749,0.36473203482680333,0.36473203482680333,0.36473203482680333,0.3671951059373545
T183,24000,72,1.0,1.0,0.8123269137718473,0.7905539749231139,0.7905539749231139,0.7905539749231139,0.7988226604364623
T184,24000,60,1.0,1.0,0.17521656106707226,0.16411328349175752,0.16411328349175752,0.16411328349175752,0.16744426676435192
T184,24000,72,1.0,1.0,0.3599892379792764,0.33332732597643405,0.33332732597643405,0.33332732597643405,0.34132589957728665
T185,24000,60,1.0,1.0,0.5772409696182053,0.5733346411190778,0.5733346411190778,0.5733346411190778,0.5742765460418037
T185,24000,72,1.0,1.0,0.42655345256838856,0.4144141412409196,0.4144141412409196,0.4144141412409196,0.41738114516672553
T186,24000,60,1.0,1.0,0.23391157338432372,0.2238021541622461,0.2238021541622461,0.2238021541622461,0.22752805754570046
T186,24000,72,1.0,1.0,0.2374090216725631,0.23970895779155096,0.23970895779155096,0.23970895779155096,0.2387786439728617
T187,24000,60,1.0,1.0,0.43896747712145956,0.4408726915617709,0.4408726915617709,0.4408726915617709,0.44039638795169295
T187,24000,72,1.0,1.0,0.3395285529143623,0.3240827820505998,0.3240827820505998,0.3240827820505998,0.3279442247665404
T188,24000,60,1.0,1.0,0.4937796129064341,0.4814540339025159,0.4814540339025159,0.4814540339025159,0.48600006068922336
T188,24000,72,1.0,1.0,0.3440845617098237,0.33314471269721824,0.33314471269721824,0.33314471269721824,0.3371767530659621
T189,24000,60,1.0,1.0,0.6917911957071134,0.6709337678527681,0.6709337678527681,0.6709337678527681,0.678418461624565
T189,24000,72,1.0,1.0,0.31913693917350744,0.29653023209862195,0.29653023209862195,0.29653023209862195,0.3046205716488485
T19,24000,60,1.0,1.0,0.8198746013166249,0.7708724270521201,0.7708724270521201,0.7708724270521201,0.7880231880446968
T19,24000,72,1.0,1.0,0.730104988194912,0.7389568013280394,0.7389568013280394,0.7389568013280394,0.7358586667314446
T190,24000,60,1.0,1.0,0.5516684791792751,0.5524718880820128,0.5524718880820128,0.5524718880820128,0.5522503590707674
T190,24000,72,1.0,1.0,0.2423162738282473,0.2323786399183796,0.2323786399183796,0.2323786399183796,0.23464745858260644
T191,24000,60,1.0,1.0,0.8002125251004488,0.7960287401981431,0.7960287401981431,0.7960287401981431,0.7973240940668334
T191,24000,72,1.0,1.0,0.41119058730332875,0.38733704647809575,0.38733704647809575,0.38733704647809575,0.3947219105193722
T192,24000,60,1.0,1.0,0.3933557309946495,0.38324630634755424,0.38324630634755424,0.38324630634755424,0.38567250770265576
T192,24000,72,1.0,1.0,0.720452545809965,0.6991400709660265,0.6991400709660265,0.6991400709660265,0.704248311144777
T193,24000,60,1.0,1.0,1.5219041326591025,1.5279645413847271,1.5279645413847271,1.5279645413847271,1.5264494392033208
T193,24000,72,1.0,1.0,0.3482716262099854,0.33786054379728847,0.33786054379728847,0.33786054379728847,0.3404633144004626
T194,24000,60,1.0,1.0,0.4983472819611681,0.4144008015644323,0.4144008015644323,0.4144008015644323,0.4466708702046759
T194,24000,72,1.0,1.0,0.25835709291380127,0.2502412998653012,0.2502412998653012,0.2502412998653012,0.25329981459014117
T195,24000,60,0.0,1.0,0.45092306994715114,0.43078442115757554,0.45092306994715114,0.43078442115757554,0.43900962771310936
T195,24000,72,0.0,1.0,0.15115185767729275,0.15007005355949646,0.15115185767729275,0.15007005355949646,0.15051168884590718
T196,24000,60,1.0,1.0,0.3185249779543365,0.2566852380045993,0.2566852380045993,0.2566852380045993,0.2937890819744416
T196,24000,72,1.0,1.0,0.23552341426840023,0.2193537432167928,0.2193537432167928,0.2193537432167928,0.22905554584775728
T197,24000,60,1.0,1.0,0.9711391098933354,0.826928101349076,0.826928101349076,0.826928101349076,0.8650981284371817
T197,24000,72,1.0,1.0,0.13738044510498892,0.13532279156455418,0.13532279156455418,0.13532279156455418,0.13586695017850964
T198,24000,60,1.0,1.0,0.6412887328481272,0.5830137916214143,0.5830137916214143,0.5830137916214143,0.5949437697031662
T198,24000,72,1.0,1.0,0.3098596903849657,0.32483455422444724,0.32483455422444724,0.32483455422444724,0.3217553122857596
T199,24000,60,1.0,1.0,0.6751258478700594,0.5121947676521161,0.5121947676521161,0.5121947676521161,0.561074091717499
T199,24000,72,1.0,1.0,0.10500783638108498,0.10091512545804446,0.10091512545804446,0.10091512545804446,0.10214293873495661
T2,24000,60,1.0,1.0,0.7859225189771872,0.7543297293207519,0.7543297293207519,0.7543297293207519,0.7612695295970998
T2,24000,72,1.0,1.0,0.8796173068285652,0.7972793309928929,0.7972793309928929,0.7972793309928929,0.8153501983519675
T20,24000,60,1.0,1.0,0.5294253679798967,0.4402474045167282,0.4402474045167282,0.4402474045167282,0.4709935754386879
T20,24000,72,1.0,1.0,0.44855237298468176,0.44629319812011514,0.44629319812011514,0.44629319812011514,0.4470705558397893
T200,24000,60,1.0,1.0,0.26355009333851315,0.23471764096216008,0.23471764096216008,0.23471764096216008,0.2466785900832459
T200,24000,72,1.0,1.0,0.1492407368533251,0.14728829555514544,0.14728829555514544,0.14728829555514544,0.1480974196686968
T201,24000,60,1.0,1.0,1.5104280712504676,1.5265085952788195,1.5265085952788195,1.5265085952788195,1.5208804118688963
T201,24000,72,1.0,1.0,1.1650222712465965,1.0950390015233091,1.0950390015233091,1.0950390015233091,1.1195331459264595
T202,24000,60,1.0,1.0,0.5373580014561635,0.5047232127878798,0.5047232127878798,0.5047232127878798,0.5143457922256223
T202,24000,72,1.0,1.0,1.1909213365379139,1.2139402076554944,1.2139402076554944,1.2139402076554944,1.207107857715934
T203,24000,60,1.0,1.0,0.7485718919822966,0.7418701174247693,0.7418701174247693,0.7418701174247693,0.7449318973566108
T203,24000,72,1.0,1.0,0.8272911355005234,0.830030590651061,0.830030590651061,0.830030590651061,0.8287544551685404
T204,24000,60,0.0,1.0,0.6624631642483855,0.6663549944837449,0.6624631642483855,0.6663549944837449,0.6644124498863576
T204,24000,72,0.0,1.0,1.1426894303529915,1.1566375640187831,1.1426894303529915,1.1566375640187831,1.1497217704693932
T205,24000,60,0.0,1.0,0.45058166307345343,0.4326925010765638,0.45058166307345343,0.4326925010765638,0.43868027749648936
T205,24000,72,0.0,1.0,0.6148140399808173,0.6215956462102449,0.6148140399808173,0.6215956462102449,0.6193238081233867
T206,24000,60,1.0,1.0,0.3521684424672171,0.34077073973907085,0.34077073973907085,0.34077073973907085,0.34475993569392205
T206,24000,72,1.0,1.0,0.6827346295925916,0.6853436533548194,0.6853436533548194,0.6853436533548194,0.6844304950380395
T207,24000,60,1.0,1.0,0.4427820997418328,0.44096361938886464,0.44096361938886464,0.44096361938886464,0.44141823947710657
T207,24000,72,1.0,1.0,0.42195839861797385,0.41562933300884747,0.41562933300884747,0.41562933300884747,0.41721159941112906
T208,24000,60,1.0,1.0,0.7154256006106255,0.7179864000658595,0.7179864000658595,0.7179864000658595,0.717653496136679
T208,24000,72,1.0,1.0,0.6872423597249128,0.6881082074935713,0.6881082074935713,0.6881082074935713,0.6879852425783758
T209,24000,60,1.0,1.0,0.7008687492063056,0.7136259746027055,0.7136259746027055,0.7136259746027055,0.7092865550787492
T209,24000,72,1.0,1.0,0.513581044248215,0.49682860627373543,0.49682860627373543,0.49682860627373543,0.5025184354064081
T21,24000,60,1.0,1.0,0.37862591494567993,0.36955698080976646,0.36955698080976646,0.36955698080976646,0.3727311077573361
T21,24000,72,1.0,1.0,0.3832382571606017,0.3663951255344945,0.3663951255344945,0.3663951255344945,0.372290221603632
T210,24000,60,0.0,1.0,2.0169739652953855,2.038754456729674,2.0169739652953855,2.038754456729674,2.030466159121527
T210,24000,72,0.0,1.0,0.8967908931363079,0.8890697756813432,0.8967908931363079,0.8890697756813432,0.8919931519169614
T211,24000,60,1.0,1.0,0.9866708703359715,1.0000574488818772,1.0000574488818772,1.0000574488818772,0.9967106932425267
T211,24000,72,1.0,1.0,1.4393433597215592,1.443589220193365,1.443589220193365,1.443589220193365,1.4425269827213687
T212,24000,60,0.8,1.0,0.514851951943318,0.508792755952024,0.5096438400568767,0.508792755952024,0.50935704258023
T212,24000,72,0.8,1.0,0.6658122064632486,0.6696398081698067,0.6680327649763732,0.6696398081698067,0.6692591940948639
T213,24000,60,0.0,1.0,0.5363207344440452,0.5573337340877471,0.5363207344440452,0.5573337340877471,0.5498899962577595
T213,24000,72,0.0,1.0,0.4383167793726902,0.41842275409324403,0.4383167793726902,0.41842275409324403,0.42534112520759804
T214,24000,60,0.0,1.0,0.47519556507781713,0.44633562792130843,0.47519556507781713,0.44633562792130843,0.45410515763319903
T214,24000,72,0.0,1.0,0.5959220858380524,0.6058243432001534,0.5959220858380524,0.6058243432001534,0.6031369580601073
T215,24000,60,0.0,1.0,0.8431498990104497,0.8342962638972738,0.8431498990104497,0.8342962638972738,0.8362370885688716
T215,24000,72,0.0,1.0,0.517650048276589,0.5030802212000159,0.517650048276589,0.5030802212000159,0.5062658823879758
T216,24000,60,0.0,1.0,0.7307342720944905,0.7218471454265386,0.7307342720944905,0.7218471454265386,0.7256227547335682
T216,24000,72,0.0,1.0,0.6627519160912783,0.6257290496038928,0.6627519160912783,0.6257290496038928,0.6416400633328385
T217,24000,60,0.0,1.0,0.5161624980261351,0.5026686350531956,0.5161624980261351,0.5026686350531956,0.5073914870937244
T217,24000,72,0.0,1.0,0.6443608001994264,0.5987814375201436,0.6443608001994264,0.5987814375201436,0.6147342144578924
T218,24000,60,1.0,1.0,0.30814137999276425,0.3066504345014127,0.3066504345014127,0.3066504345014127,0.30694862359968306
T218,24000,72,1.0,1.0,0.3135562128470536,0.3078181996163742,0.3078181996163742,0.3078181996163742,0.3089658022625101
T219,24000,60,1.0,1.0,0.6918528274259477,0.686750408239006,0.686750408239006,0.686750408239006,0.6881479415426556
T219,24000,72,1.0,1.0,0.5702247839978043,0.5653314167459085,0.5653314167459085,0.5653314167459085,0.5666788338077083
T22,24000,60,1.0,1.0,0.6816905149005478,0.6759867638706958,0.6759867638706958,0.6759867638706958,0.6773528725456489
T22,24000,72,1.0,1.0,0.48090530230071854,0.4663679621512665,0.4663679621512665,0.4663679621512665,0.4698386377977785
T220,24000,60,1.0,1.0,0.6125746861996576,0.6046589928455153,0.6046589928455153,0.6046589928455153,0.6070702779434056
T220,24000,72,1.0,1.0,0.6029337018507782,0.6040523606380614,0.6040523606380614,0.6040523606380614,0.6036994606269163
T221,24000,60,1.0,1.0,0.6455515649040409,0.6461350363308839,0.6461350363308839,0.6461350363308839,0.6459057914191177
T221,24000,72,1.0,1.0,0.5500384480212005,0.5402084999044781,0.5402084999044781,0.5402084999044781,0.5439875510563228
T222,24000,60,0.0,1.0,0.5775367593624733,0.5608883307980134,0.5775367593624733,0.5608883307980134,0.5664882309099937
T222,24000,72,0.0,1.0,0.4936469090459507,0.4873522690662731,0.4936469090459507,0.4873522690662731,0.4893967232265017
T223,24000,60,0.0,1.0,0.8168818360172653,0.8140992940216174,0.8168818360172653,0.8140992940216174,0.8157336943878741
T223,24000,72,0.0,1.0,0.6008382076026542,0.5937882233934125,0.6008382076026542,0.5937882233934125,0.5979820520510253
T224,24000,60,0.0,1.0,1.2139970357865533,1.2106849650965519,1.2139970357865533,1.2106849650965519,1.2119108662573497
T224,24000,72,0.0,1.0,0.8275324262410567,0.8329941582744058,0.8275324262410567,0.8329941582744058,0.8309078964111454
T225,24000,60,0.0,1.0,0.3939238137481237,0.3844265819609262,0.3939238137481237,0.3844265819609262,0.3872757514970854
T225,24000,72,0.0,1.0,0.4030717578348634,0.3958964661941335,0.4030717578348634,0.3958964661941335,0.39804905368635246
T226,24000,60,1.0,1.0,0.36007436075754784,0.3808402464658112,0.3808402464658112,0.3808402464658112,0.3735721864679191
T226,24000,72,1.0,1.0,0.20223285320426276,0.19837432993185403,0.19837432993185403,0.19837432993185403,0.19972481307719708
T227,24000,60,0.0,1.0,0.9686713199835414,0.9642325238011153,0.9686713199835414,0.9642325238011153,0.9657861024649644
T227,24000,72,0.0,1.0,0.8578869582914793,0.8466805717095355,0.8578869582914793,0.8466805717095355,0.8506028070132157
T228,24000,60,0.0,1.0,0.7586663603895447,0.7785756176809516,0.7586663603895447,0.7785756176809516,0.7726028404935297
T228,24000,72,0.0,1.0,0.4571074819046745,0.4457345208194235,0.4571074819046745,0.4457345208194235,0.44914640914499876
T229,24000,60,1.0,1.0,0.6712560342428752,0.6927556809464477,0.6927556809464477,0.6927556809464477,0.6860822495615383
T229,24000,72,1.0,1.0,0.4801194187428927,0.4746205590034294,0.4746205590034294,0.4746205590034294,0.47631478829442503
T23,24000,60,0.7,1.0,0.6411659226003068,0.6539140655586989,0.648163396092036,0.6539140655586989,0.6479121609054117
T23,24000,72,0.7,1.0,0.5245121811657925,0.5232700193758193,0.5235072200416194,0.5232700193758193,0.5238298949689989
T230,24000,60,1.0,1.0,0.5469021159492484,0.5433214742535477,0.5433214742535477,0.5433214742535477,0.5438565082127321
T230,24000,72,1.0,1.0,0.3946579218187388,0.39142011133506516,0.39142011133506516,0.39142011133506516,0.3919057829076162
T231,24000,60,0.7,1.0,0.4962753639787025,0.49144677279377924,0.49284777009472797,0.49144677279377924,0.49334692930364465
T231,24000,72,0.7,1.0,0.6013045271254247,0.6026221862796697,0.6022198916651931,0.6026221862796697,0.6021006613835124
T232,24000,60,1.0,1.0,0.4130996057339235,0.4066975884265482,0.4066975884265482,0.4066975884265482,0.408298092753392
T232,24000,72,1.0,1.0,0.7976039895735707,0.7849113825918355,0.7849113825918355,0.7849113825918355,0.7880845343372692
T233,24000,60,0.0,1.0,0.6035897069892581,0.5662030097426252,0.6035897069892581,0.5662030097426252,0.5811182444472595
T233,24000,72,0.0,1.0,0.8242410815713489,0.8597253733283664,0.8242410815713489,0.8597253733283664,0.8455175692266582
T234,24000,60,1.0,1.0,0.3283757052543264,0.3225849520458447,0.3225849520458447,0.3225849520458447,0.3251907909896615
T234,24000,72,1.0,1.0,0.4605879690344008,0.46082190756655794,0.46082190756655794,0.46082190756655794,0.46071663522708733
T235,24000,60,1.0,1.0,0.5926692533492767,0.5924224591391226,0.5924224591391226,0.5924224591391226,0.5924890935758642
T235,24000,72,1.0,1.0,0.467710191390384,0.4709563664695723,0.4709563664695723,0.4709563664695723,0.47007688335931797
T236,24000,60,0.3,1.0,0.5665356417737968,0.5667116590155489,0.5665672896430178,0.5667116590155489,0.5666350885791955
T236,24000,72,0.3,1.0,0.5293970507791185,0.5213689627507113,0.5267874199557803,0.5213689627507113,0.5247654060004454
T237,24000,60,1.0,1.0,0.47161729623492304,0.4572575308170282,0.4572575308170282,0.4572575308170282,0.4611114355937399
T237,24000,72,1.0,1.0,0.5035126390320891,0.49892289505344994,0.49892289505344994,0.49892289505344994,0.5000733639820966
T238,24000,60,1.0,1.0,0.5787982866521121,0.5836462863377988,0.5836462863377988,0.5836462863377988,0.5815778541949201
T238,24000,72,1.0,1.0,0.39938516991204426,0.3882383433142987,0.3882383433142987,0.3882383433142987,0.39297501923138534
T239,24000,60,1.0,1.0,0.5483340497803595,0.5458636422546591,0.5458636422546591,0.5458636422546591,0.546834008428684
T239,24000,72,1.0,1.0,0.4012388628626274,0.39455322369985657,0.39455322369985657,0.39455322369985657,0.39718936025691587
T24,24000,60,1.0,1.0,0.5363981015828296,0.5401330861538294,0.5401330861538294,0.5401330861538294,0.5389699298113234
T24,24000,72,1.0,1.0,0.4128849088972268,0.38682997002002495,0.38682997002002495,0.38682997002002495,0.39473088546390506
T240,24000,60,1.0,1.0,0.5598693147467212,0.5372859498090756,0.5372859498090756,0.5372859498090756,0.5463192957841337
T240,24000,72,1.0,1.0,0.5309151173556542,0.5027685408120542,0.5027685408120542,0.5027685408120542,0.5140271714294943
T241,24000,60,0.0,1.0,0.35398443711934874,0.3463334912796595,0.35398443711934874,0.3463334912796595,0.3474811331556128
T241,24000,72,0.0,1.0,0.39280184257237,0.39208794906193845,0.39280184257237,0.39208794906193845,0.39219503308850323
T242,24000,60,1.0,1.0,0.49947327131175195,0.4947003260629501,0.4947003260629501,0.4947003260629501,0.4962368477687448
T242,24000,72,1.0,1.0,0.4485642409974192,0.4377598389789812,0.4377598389789812,0.4377598389789812,0.44126800082244255
T243,24000,60,0.0,1.0,0.7401547172909052,0.7366800219383215,0.7401547172909052,0.7366800219383215,0.738168060974423
T243,24000,72,0.0,1.0,0.6265702259706503,0.6190799080441793,0.6265702259706503,0.6190799080441793,0.6223064829715674
T244,24000,60,1.0,1.0,0.36844398400670547,0.36683827096009797,0.36683827096009797,0.36683827096009797,0.36724626362215795
T244,24000,72,1.0,1.0,0.6026620435261164,0.5895522721544169,0.5895522721544169,0.5895522721544169,0.5929571682756121
T245,24000,60,0.0,1.0,0.4774919762266087,0.4702481677930428,0.4774919762266087,0.4702481677930428,0.4732180605047486
T245,24000,72,0.0,1.0,0.6517798675320641,0.6521819829225651,0.6517798675320641,0.6521819829225651,0.6520118064003623
T246,24000,60,1.0,1.0,3.0552682245611855,3.083033151387193,3.083033151387193,3.083033151387193,3.076220179067033
T246,24000,72,1.0,1.0,0.8149317116000643,0.8104185800815482,0.8104185800815482,0.8104185800815482,0.8114686618260831
T247,24000,60,1.0,1.0,0.3279637621675446,0.3270359960373804,0.3270359960373804,0.3270359960373804,0.32738097784899556
T247,24000,72,1.0,1.0,0.401736081447478,0.3999431972979386,0.3999431972979386,0.3999431972979386,0.4006100817699637
T248,24000,60,1.0,1.0,1.1470462037778282,1.1396743121896376,1.1396743121896376,1.1396743121896376,1.1416492124080593
T248,24000,72,1.0,1.0,0.5396791871525946,0.525831129059457,0.525831129059457,0.525831129059457,0.5295580177160965
T249,24000,60,1.0,1.0,0.4143106897268985,0.3818166778590601,0.3818166778590601,0.3818166778590601,0.39998854654208854
T249,24000,72,1.0,1.0,0.2361264635664999,0.22957500635074635,0.22957500635074635,0.22957500635074635,0.23322334293813213
T25,24000,60,1.0,1.0,0.5910575502652928,0.6015832929842085,0.6015832929842085,0.6015832929842085,0.5980542540741146
T25,24000,72,1.0,1.0,0.30079352556282435,0.2855759125918683,0.2855759125918683,0.2855759125918683,0.290477325362859
T250,24000,60,0.0,1.0,0.6312706456538013,0.6376667529302129,0.6312706456538013,0.6376667529302129,0.6360217626681494
T250,24000,72,0.0,1.0,0.3845608200014752,0.37177737351669277,0.3845608200014752,0.37177737351669277,0.37496667776394743
T251,24000,60,1.0,1.0,0.5366835315534025,0.5534312003377174,0.5534312003377174,0.5534312003377174,0.5491510096143776
T251,24000,72,1.0,1.0,0.5396563440283697,0.5452393967820997,0.5452393967820997,0.5452393967820997,0.5438096369115799
T252,24000,60,1.0,1.0,0.3553171425659899,0.35212287505269335,0.35212287505269335,0.35212287505269335,0.35299452334803727
T252,24000,72,1.0,1.0,0.4241915293319577,0.42315116471155284,0.42315116471155284,0.42315116471155284,0.42344622141776744
T253,24000,60,0.0,1.0,0.5055285992532376,0.5061443789475766,0.5055285992532376,0.5061443789475766,0.5058992708583478
T253,24000,72,0.0,1.0,0.6076570598471204,0.6002929113870894,0.6076570598471204,0.6002929113870894,0.6029646074597996
T254,24000,60,0.0,1.0,0.5122194029390393,0.502937462848512,0.5122194029390393,0.502937462848512,0.5052579478711439
T254,24000,72,0.0,1.0,0.819550809882343,0.8205599873846167,0.819550809882343,0.8205599873846167,0.8203076930090483
T255,24000,60,1.0,1.0,0.9703822138017022,0.9538747899352483,0.9538747899352483,0.9538747899352483,0.9564997689615196
T255,24000,72,1.0,1.0,0.7286190227949801,0.7125279167021671,0.7125279167021671,0.7125279167021671,0.7150846865744094
T256,24000,60,1.0,1.0,0.7918724221936133,0.7837672078784051,0.7837672078784051,0.7837672078784051,0.7874776644229238
T256,24000,72,1.0,1.0,0.4283282339898744,0.4055208675729759,0.4055208675729759,0.4055208675729759,0.4160102676173418
T257,24000,60,1.0,1.0,0.49863904489301114,0.4793457406153514,0.4793457406153514,0.4793457406153514,0.4868628939811579
T257,24000,72,1.0,1.0,1.2742233839462878,1.286643939520938,1.286643939520938,1.286643939520938,1.2817401326332036
T258,24000,60,0.2,1.0,0.5751864076886535,0.5625685218832028,0.5724405799612301,0.5625685218832028,0.565772256058694
T258,24000,72,0.2,1.0,0.6363978430443945,0.6263945915648116,0.6342061943486491,0.6263945915648116,0.6289409278401548
T259,24000,60,0.8,1.0,0.6462633305113628,0.606443788702519,0.6143437204976514,0.606443788702519,0.6177885093858024
T259,24000,72,0.8,1.0,0.7518645884667224,0.7262261972588979,0.7311270007491826,0.7262261972588979,0.7335172112391717
T26,24000,60,0.7,1.0,0.6523506630711878,0.6302547385776307,0.6367411989158602,0.6302547385776307,0.6342242039131345
T26,24000,72,0.7,1.0,0.6775694148666846,0.6821295959561954,0.6804918230401812,0.6821295959561954,0.6812885541307607
T260,24000,60,0.0,1.0,0.7934543474672556,0.7749056468944961,0.7934543474672556,0.7749056468944961,0.7830562463642794
T260,24000,72,0.0,1.0,0.510637369922701,0.49084030805401424,0.510637369922701,0.49084030805401424,0.4995451934880407
T261,24000,60,0.0,1.0,0.8144586302361227,0.8138998281715601,0.8144586302361227,0.8138998281715601,0.8140954088941571
T261,24000,72,0.0,1.0,0.8429967834607495,0.8350036227389779,0.8429967834607495,0.8350036227389779,0.8378012289915979
T262,24000,60,0.0,1.0,0.5543839683452885,0.5369493365579878,0.5543839683452885,0.5369493365579878,0.5423401731212757
T262,24000,72,0.0,1.0,0.9187328134978276,0.8920763828975917,0.9187328134978276,0.8920763828975917,0.9003348360814586
T263,24000,60,1.0,1.0,0.502148467216166,0.4991480763536708,0.4991480763536708,0.4991480763536708,0.5001154125201454
T263,24000,72,1.0,1.0,0.5130774988364712,0.5095506211360176,0.5095506211360176,0.5095506211360176,0.5106851482255156
T264,24000,60,1.0,1.0,0.6482782364797715,0.641618520260333,0.641618520260333,0.641618520260333,0.6446153925590805
T264,24000,72,1.0,1.0,1.3886149417156388,1.4217670768155704,1.4217670768155704,1.4217670768155704,1.406848616020601
T265,24000,60,0.3,1.0,0.50243148401118,0.4985340845084237,0.5011139367168074,0.4985340845084237,0.49973895743175
T265,24000,72,0.3,1.0,0.7439412598930606,0.7457304669779844,0.7444742282607804,0.7457304669779844,0.7451753069472906
T266,24000,60,1.0,1.0,0.5541276527681357,0.5556792160652103,0.5556792160652103,0.5556792160652103,0.555247829537659
T266,24000,72,1.0,1.0,0.5630583767757877,0.5626506952309646,0.5626506952309646,0.5626506952309646,0.56274027795238
T267,24000,60,1.0,1.0,0.5883164522182321,0.5634639089563124,0.5634639089563124,0.5634639089563124,0.5745180405130145
T267,24000,72,1.0,1.0,0.7055967475298327,0.7105145735001142,0.7105145735001142,0.7105145735001142,0.7082672997059728
T268,24000,60,1.0,1.0,0.6118170401010292,0.5813637478480889,0.5813637478480889,0.5813637478480889,0.58593174168603
T268,24000,72,1.0,1.0,1.2367628396601433,1.2515782142829324,1.2515782142829324,1.2515782142829324,1.249355908089514
T269,24000,60,0.0,1.0,0.9137699826228122,0.876072990945573,0.9137699826228122,0.876072990945573,0.881727539697159
T269,24000,72,0.0,1.0,0.6209790559503572,0.61462863829066,0.6209790559503572,0.61462863829066,0.6155812009396144
T27,24000,60,1.0,1.0,0.5927433878652661,0.5838481061290788,0.5838481061290788,0.5838481061290788,0.5865166906499348
T27,24000,72,1.0,1.0,0.5463244705482894,0.5275644403461016,0.5275644403461016,0.5275644403461016,0.5331924494067578
T270,24000,60,0.1,1.0,0.5545335223408536,0.5393290704530915,0.5527241747635968,0.5393290704530915,0.5443840045451677
T270,24000,72,0.1,1.0,0.5128823604765098,0.5006300446995152,0.5115350832928789,0.5006300446995152,0.5047194826961503
T271,24000,60,1.0,1.0,0.5430038653271632,0.5439617096250482,0.5439617096250482,0.5439617096250482,0.5435373122283582
T271,24000,72,1.0,1.0,1.1249670090629142,1.1463658616472305,1.1463658616472305,1.1463658616472305,1.1373258746139903
T272,24000,60,0.0,1.0,0.48547404766053814,0.46900173764408504,0.48547404766053814,0.46900173764408504,0.4785545302914217
T272,24000,72,0.0,1.0,0.8098390458568021,0.8222902819260939,0.8098390458568021,0.8222902819260939,0.8147354201181466
T273,24000,60,1.0,1.0,0.34148019659698853,0.3245772381636982,0.3245772381636982,0.3245772381636982,0.32888406453243035
T273,24000,72,1.0,1.0,0.6859090763829834,0.6875270679911077,0.6875270679911077,0.6875270679911077,0.687114480131036
T274,24000,60,1.0,1.0,0.7937860569947541,0.788048501071155,0.788048501071155,0.788048501071155,0.7900566456444146
T274,24000,72,1.0,1.0,0.6055461144507673,0.6039786075758424,0.6039786075758424,0.6039786075758424,0.6045272349820661
T275,24000,60,1.0,1.0,0.37097675520640555,0.38499699044072394,0.38499699044072394,0.38499699044072394,0.3809098552041426
T275,24000,72,1.0,1.0,0.29459518546069347,0.3009343834624068,0.3009343834624068,0.3009343834624068,0.2990626421446453
T276,24000,60,1.0,1.0,0.37991793418791636,0.3684799605054601,0.3684799605054601,0.3684799605054601,0.37408451655250075
T276,24000,72,1.0,1.0,0.3973466321764279,0.3937956882907518,0.3937956882907518,0.3937956882907518,0.395533912949252
T277,24000,60,1.0,1.0,0.9176833306962713,0.9278068992614865,0.9278068992614865,0.9278068992614865,0.9240957107451772
T277,24000,72,1.0,1.0,0.7768336638123431,0.7800869513118196,0.7800869513118196,0.7800869513118196,0.7788278412807417
T278,24000,60,1.0,1.0,0.5326490116435474,0.5133152686245303,0.5133152686245303,0.5133152686245303,0.5207515042648797
T278,24000,72,1.0,1.0,0.6351849992650861,0.6143403017779762,0.6143403017779762,0.6143403017779762,0.621945011882253
T279,24000,60,0.0,1.0,2.4196167023460773,2.444352729499572,2.4196167023460773,2.444352729499572,2.4312008118228654
T279,24000,72,0.0,1.0,0.9396922211969864,0.930033776072612,0.9396922211969864,0.930033776072612,0.9350503579150595
T28,24000,60,1.0,1.0,0.5661334682720691,0.5687992555926557,0.5687992555926557,0.5687992555926557,0.5675996512983915
T28,24000,72,1.0,1.0,0.9203537689367545,0.9174455090185357,0.9174455090185357,0.9174455090185357,0.9187542259817342
T280,24000,60,1.0,1.0,0.6413097019389052,0.650437283630155,0.650437283630155,0.650437283630155,0.6463298718690924
T280,24000,72,1.0,1.0,2.07447454330408,2.136828300939246,2.136828300939246,2.136828300939246,2.1087691100034207
T281,24000,60,1.0,1.0,0.8127893319880306,0.8328940265513174,0.8328940265513174,0.8328940265513174,0.8301594790356539
T281,24000,72,1.0,1.0,0.8014152727559666,0.7989329024679165,0.7989329024679165,0.7989329024679165,0.7991390253303963
T282,24000,60,0.3,1.0,0.43356681360672905,0.4114961759712026,0.426396492442009,0.4114961759712026,0.4183146229014213
T282,24000,72,0.3,1.0,0.42260172640887367,0.4242902524068805,0.4224321387936537,0.4242902524068805,0.4237331439038069
T283,24000,60,1.0,1.0,0.6821577368311011,0.6781048090796588,0.6781048090796588,0.6781048090796588,0.6794318507941384
T283,24000,72,1.0,1.0,0.7263866561054331,0.7180245644932193,0.7180245644932193,0.7180245644932193,0.7208981997952437
T284,24000,60,0.0,1.0,0.6208764521779038,0.5960607777602598,0.6208764521779038,0.5960607777602598,0.6008941312851194
T284,24000,72,0.0,1.0,0.4782418645650554,0.47267016492060154,0.4782418645650554,0.47267016492060154,0.4737418369570621
T285,24000,60,0.0,1.0,0.4105567230407712,0.41132481822339784,0.4105567230407712,0.41132481822339784,0.41113952682849647
T285,24000,72,0.0,1.0,0.4841262414119437,0.46286807321560514,0.4841262414119437,0.46286807321560514,0.46694383434061687
T286,24000,60,0.0,1.0,0.34784978187087273,0.32386568759982953,0.34784978187087273,0.32386568759982953,0.33247956347433444
T286,24000,72,0.0,1.0,0.44140931437705994,0.43965016235436194,0.44140931437705994,0.43965016235436194,0.4401213724086942
T287,24000,60,1.0,1.0,0.3995869250940834,0.3876032683698826,0.3876032683698826,0.3876032683698826,0.3901136890527021
T287,24000,72,1.0,1.0,0.6724041911431523,0.6775228505125576,0.6775228505125576,0.6775228505125576,0.6764470668201655
T288,24000,60,1.0,1.0,0.7557707730636402,0.7506272593774476,0.7506272593774476,0.7506272593774476,0.7515166243369649
T288,24000,72,1.0,1.0,0.4198509482262453,0.3936143422228241,0.3936143422228241,0.3936143422228241,0.39824715744730865
T289,24000,60,0.0,1.0,1.162441525058846,1.13913883052478,1.162441525058846,1.13913883052478,1.1415669851446208
T289,24000,72,0.0,1.0,0.6397054309144098,0.6167985286412814,0.6397054309144098,0.6167985286412814,0.619202271692993
T29,24000,60,1.0,1.0,0.608076365724533,0.5921943723363188,0.5921943723363188,0.5921943723363188,0.5985471696916045
T29,24000,72,1.0,1.0,0.6283463165950366,0.6185242701930395,0.6185242701930395,0.6185242701930395,0.6224530887538384
T290,24000,60,1.0,1.0,0.8944048694318218,0.83796695131735,0.83796695131735,0.83796695131735,0.8464326390345207
T290,24000,72,1.0,1.0,0.857452975495452,0.8249505590033009,0.8249505590033009,0.8249505590033009,0.8298259214771238
T291,24000,60,1.0,1.0,0.6152488531781168,0.5846167017534033,0.5846167017534033,0.5846167017534033,0.6014643850369957
T291,24000,72,1.0,1.0,0.6580082514435903,0.6533759241680098,0.6533759241680098,0.6533759241680098,0.6559237041695791
T292,24000,60,0.0,1.0,0.737249178879758,0.6228572618730536,0.737249178879758,0.6228572618730536,0.6627829541722299
T292,24000,72,0.0,1.0,0.3594703164524466,0.35203432806289736,0.3594703164524466,0.35203432806289736,0.35458837951645805
T293,24000,60,0.0,1.0,0.4821986095527952,0.44845795103444874,0.4821986095527952,0.44845795103444874,0.46701531321953926
T293,24000,72,0.0,1.0,0.614644427405654,0.5953878733407508,0.614644427405654,0.5953878733407508,0.6059789780764475
T294,24000,60,1.0,1.0,0.36630241679838876,0.39259760322559256,0.39259760322559256,0.39259760322559256,0.3866232187048365
T294,24000,72,1.0,1.0,0.44450679024271483,0.45847547816502,0.45847547816502,0.45847547816502,0.45529141273693
T295,24000,60,1.0,1.0,0.4444702798714906,0.4210525903170529,0.4210525903170529,0.4210525903170529,0.4257361282279405
T295,24000,72,1.0,1.0,0.6214478878149751,0.6012388191990955,0.6012388191990955,0.6012388191990955,0.6052806329222713
T296,24000,60,1.0,1.0,0.30342587456369463,0.28798540826287744,0.28798540826287744,0.28798540826287744,0.2941319119672294
T296,24000,72,1.0,1.0,0.2935270185586466,0.2979836173288609,0.2979836173288609,0.2979836173288609,0.2961590515809113
T297,24000,60,1.0,1.0,0.3325277046909266,0.30143007559495794,0.30143007559495794,0.30143007559495794,0.3119647106112955
T297,24000,72,1.0,1.0,0.3729857824175523,0.36371471227161445,0.36371471227161445,0.36371471227161445,0.3668279938544804
T298,24000,60,1.0,1.0,0.26136605804070395,0.2442110520349341,0.2442110520349341,0.2442110520349341,0.24745594435620796
T298,24000,72,1.0,1.0,0.2104276027501182,0.2045706029172656,0.2045706029172656,0.2045706029172656,0.20568287048986464
T299,24000,60,1.0,1.0,0.7458742771291303,0.7085017673679549,0.7085017673679549,0.7085017673679549,0.7193170766263163
T299,24000,72,1.0,1.0,0.4345861650050825,0.45352084848362706,0.45352084848362706,0.45352084848362706,0.44797551667857044
T3,24000,60,1.0,1.0,0.45328031439121147,0.43616674697281416,0.43616674697281416,0.43616674697281416,0.44162513992365493
T3,24000,72,1.0,1.0,0.1506684701185473,0.1459316108567457,0.1459316108567457,0.1459316108567457,0.147442718037026
T30,24000,60,0.0,1.0,0.6891980449608297,0.6853644748418263,0.6891980449608297,0.6853644748418263,0.6867591648250502
T30,24000,72,0.0,1.0,0.525932241902271,0.5354866553233124,0.525932241902271,0.5354866553233124,0.5318601197215578
T300,24000,60,1.0,1.0,0.8689099874164652,0.8755836306268763,0.8755836306268763,0.8755836306268763,0.8736582755597194
T300,24000,72,1.0,1.0,0.5827911003574846,0.5846733001707491,0.5846733001707491,0.5846733001707491,0.5841056439266709
T301,24000,60,1.0,1.0,0.34480671613854097,0.3357116320524134,0.3357116320524134,0.3357116320524134,0.3398861976000048
T301,24000,72,1.0,1.0,0.5789739614100157,0.5709833622252797,0.5709833622252797,0.5709833622252797,0.5746559436187867
T302,24000,60,1.0,1.0,0.6595131983463848,0.6571667112625187,0.6571667112625187,0.6571667112625187,0.6577076836764485
T302,24000,72,1.0,1.0,0.583123968359148,0.5841163370540996,0.5841163370540996,0.5841163370540996,0.5838448401619841
T303,24000,60,1.0,1.0,0.578641874089244,0.5694178588861124,0.5694178588861124,0.5694178588861124,0.5721850634470519
T303,24000,72,1.0,1.0,0.3924892439703081,0.3849267577637627,0.3849267577637627,0.3849267577637627,0.38719550362572636
T304,24000,60,0.0,1.0,0.5053402324186718,0.4975367817309637,0.5053402324186718,0.4975367817309637,0.49990710959996
T304,24000,72,0.0,1.0,0.9356878712920298,0.9459025399451609,0.9356878712920298,0.9459025399451609,0.9427690058948169
T305,24000,60,1.0,1.0,0.9216683144762272,0.9423790084130769,0.9423790084130769,0.9423790084130769,0.9362613200254467
T305,24000,72,1.0,1.0,0.996167072255373,1.010266395753899,1.010266395753899,1.010266395753899,1.0060288066680734
T306,24000,60,0.0,1.0,0.5751525918470688,0.581668361940578,0.5751525918470688,0.581668361940578,0.5803879594878378
T306,24000,72,0.0,1.0,0.4732301170058965,0.46164671025912235,0.4732301170058965,0.46164671025912235,0.46389839875921046
T307,24000,60,1.0,1.0,0.3396013222806063,0.3243530701282812,0.3243530701282812,0.3243530701282812,0.32740272055874625
T307,24000,72,1.0,1.0,0.5726198969404456,0.5718948657795798,0.5718948657795798,0.5718948657795798,0.572039872011753
T308,24000,60,1.0,1.0,0.3544640903910259,0.352145462110088,0.352145462110088,0.352145462110088,0.35290466552735505
T308,24000,72,1.0,1.0,0.5766726494167868,0.5744340701049756,0.5744340701049756,0.5744340701049756,0.5751794123135812
T309,24000,60,1.0,1.0,0.5365294267729096,0.5270011128056528,0.5270011128056528,0.5270011128056528,0.5302794095953173
T309,24000,72,1.0,1.0,0.6764083592171416,0.6760647898525267,0.6760647898525267,0.6760647898525267,0.6761825244702315
T31,24000,60,1.0,1.0,0.5646349546443765,0.5628447301781729,0.5628447301781729,0.5628447301781729,0.5634877605839119
T31,24000,72,1.0,1.0,0.8272028391271657,0.830025582500702,0.830025582500702,0.830025582500702,0.8289790928969161
T310,24000,60,0.3,1.0,0.4277861321228232,0.4285998772223342,0.427935422250911,0.4285998772223342,0.4281523174176032
T310,24000,72,0.3,1.0,0.41938773933269236,0.4177395188784036,0.4187375185123964,0.4177395188784036,0.41864604012826245
T311,24000,60,1.0,1.0,0.5351894384493007,0.5405947301217576,0.5405947301217576,0.5405947301217576,0.5387829506410238
T311,24000,72,1.0,1.0,0.6188459812412086,0.613829424396595,0.613829424396595,0.613829424396595,0.6155099709395406
T312,24000,60,1.0,1.0,0.7807327848595987,0.7693753678754067,0.7693753678754067,0.7693753678754067,0.771646851272245
T312,24000,72,1.0,1.0,0.6919787073491305,0.6904509600519636,0.6904509600519636,0.6904509600519636,0.690756509511397
T313,24000,60,1.0,1.0,0.37989814888757334,0.36916331630629573,0.36916331630629573,0.36916331630629573,0.3727581214772859
T313,24000,72,1.0,1.0,0.41002700269839404,0.4306240181774901,0.4306240181774901,0.4306240181774901,0.42357352428979295
T314,24000,60,1.0,1.0,0.5509775549443403,0.5503061547136208,0.5503061547136208,0.5503061547136208,0.5503281986097746
T314,24000,72,1.0,1.0,0.44023421267060436,0.43847025682999674,0.43847025682999674,0.43847025682999674,0.43871660515273236
T315,24000,60,1.0,1.0,1.432515944910507,1.445175171515494,1.445175171515494,1.445175171515494,1.4392798001497065
T315,24000,72,1.0,1.0,0.5302870888209591,0.5191205521252418,0.5191205521252418,0.5191205521252418,0.5243011224955617
T316,24000,60,0.0,1.0,0.7773035216733929,0.789325038793396,0.7773035216733929,0.789325038793396,0.7868458315602106
T316,24000,72,0.0,1.0,0.5247288861248515,0.5151938763109447,0.5247288861248515,0.5151938763109447,0.5171485533227956
T317,24000,60,0.0,1.0,0.4686136295685513,0.45981005049899853,0.4686136295685513,0.45981005049899853,0.4625193887482313
T317,24000,72,0.0,1.0,0.43315416210653107,0.4301731561285846,0.43315416210653107,0.4301731561285846,0.431077011624805
T318,24000,60,1.0,1.0,0.39340891447034776,0.3877476262759825,0.3877476262759825,0.3877476262759825,0.390031599058041
T318,24000,72,1.0,1.0,0.4682406737064282,0.4771771698441556,0.4771771698441556,0.4771771698441556,0.47346566452313554
T319,24000,60,1.0,1.0,0.5149042951137156,0.5243262995544058,0.5243262995544058,0.5243262995544058,0.5227468578686025
T319,24000,72,1.0,1.0,0.5409902431145566,0.555866441863962,0.555866441863962,0.555866441863962,0.5534486397759932
T32,24000,60,1.0,1.0,0.6734793578811411,0.6718604700529205,0.6718604700529205,0.6718604700529205,0.6723904537239349
T32,24000,72,1.0,1.0,0.5394817532904586,0.5343778526193191,0.5343778526193191,0.5343778526193191,0.5360759365237867
T320,24000,60,1.0,1.0,0.49536190418142817,0.48619096151622854,0.48619096151622854,0.48619096151622854,0.4908403162691112
T320,24000,72,1.0,1.0,0.7659020211408623,0.7656560202716701,0.7656560202716701,0.7656560202716701,0.7657688971199208
T321,24000,60,0.0,1.0,0.4256170252192137,0.40173025818245034,0.4256170252192137,0.40173025818245034,0.4106532882939306
T321,24000,72,0.0,1.0,0.5100121207337266,0.45556171707670007,0.5100121207337266,0.45556171707670007,0.47588698216782105
T322,24000,60,0.0,1.0,0.36403784746679274,0.36645820462252016,0.36403784746679274,0.36645820462252016,0.36573209747580193
T322,24000,72,0.0,1.0,0.5263685206440966,0.4937672930546456,0.5263685206440966,0.4937672930546456,0.5035476613314809
T323,24000,60,1.0,1.0,0.6809932322037737,0.686320189327841,0.686320189327841,0.686320189327841,0.684447432794332
T323,24000,72,1.0,1.0,0.7952700831383221,0.7921568749299216,0.7921568749299216,0.7921568749299216,0.7931772098004912
T324,24000,60,0.0,1.0,0.5617728208069451,0.5684704581384884,0.5617728208069451,0.5684704581384884,0.5658464860144825
T324,24000,72,0.0,1.0,0.4155917899973896,0.39271968997477386,0.4155917899973896,0.39271968997477386,0.4015439238842224
T325,24000,60,1.0,1.0,0.5822406304718422,0.585838395828278,0.585838395828278,0.585838395828278,0.5845791779535254
T325,24000,72,1.0,1.0,0.6041260690533505,0.6049770184574684,0.6049770184574684,0.6049770184574684,0.6046791861660271
T326,24000,60,1.0,1.0,0.48197952612936246,0.4824290779615887,0.4824290779615887,0.4824290779615887,0.48229421241192083
T326,24000,72,1.0,1.0,0.5417384639525088,0.5360972154784583,0.5360972154784583,0.5360972154784583,0.5377895900206735
T327,24000,60,0.0,1.0,1.8311711414294303,1.8346691619426203,1.8311711414294303,1.8346691619426203,1.8340738616274934
T327,24000,72,0.0,1.0,0.6432822020302532,0.6398848578779299,0.6432822020302532,0.6398848578779299,0.6404454196630633
T328,24000,60,1.0,1.0,0.5541309596397486,0.5497676936772905,0.5497676936772905,0.5497676936772905,0.5506566978528012
T328,24000,72,1.0,1.0,0.5556985561969042,0.560306477736314,0.560306477736314,0.560306477736314,0.559355839954734
T329,24000,60,1.0,1.0,0.5531248903942718,0.5427613765872257,0.5427613765872257,0.5427613765872257,0.5469067821100442
T329,24000,72,1.0,1.0,0.4496469658387231,0.44694613027681046,0.44694613027681046,0.44694613027681046,0.44802646450157557
T33,24000,60,0.0,1.0,0.7325320005290741,0.7200692748310539,0.7325320005290741,0.7200692748310539,0.7219386836857571
T33,24000,72,0.0,1.0,0.8920704408690121,0.916897575970221,0.8920704408690121,0.916897575970221,0.9131735057050397
T330,24000,60,0.0,1.0,0.5541641263611585,0.5359432578526583,0.5541641263611585,0.5359432578526583,0.5400178344119946
T330,24000,72,0.0,1.0,0.3502661890193481,0.34576515904964517,0.3502661890193481,0.34576515904964517,0.3467688802648695
T331,24000,60,0.0,1.0,0.37193637546028274,0.3798289889225407,0.37193637546028274,0.3798289889225407,0.3770665742107505
T331,24000,72,0.0,1.0,0.3459404616003804,0.34566690427114916,0.3459404616003804,0.34566690427114916,0.34576264933638007
T332,24000,60,0.0,1.0,0.6774269945793641,0.6925437539062885,0.6774269945793641,0.6925437539062885,0.6864970501755188
T332,24000,72,0.0,1.0,1.0009828241382484,0.9846769150299869,1.0009828241382484,0.9846769150299869,0.9911992786732913
T333,24000,60,1.0,1.0,0.6649874333772017,0.6670977081299947,0.6670977081299947,0.6670977081299947,0.6667811669170757
T333,24000,72,1.0,1.0,0.7224223377351189,0.722493812908315,0.722493812908315,0.722493812908315,0.7224830916323356
T334,24000,60,0.0,1.0,0.9363932358488759,0.9363854173913272,0.9363932358488759,0.9363854173913272,0.9363881865926983
T334,24000,72,0.0,1.0,0.5095763268035105,0.5074386473453949,0.5095763268035105,0.5074386473453949,0.5085142068753337
T335,24000,60,1.0,1.0,0.37227314384442095,0.3769303216389257,0.3769303216389257,0.3769303216389257,0.37599888608002474
T335,24000,72,1.0,1.0,0.5777743777173959,0.576258833138141,0.576258833138141,0.576258833138141,0.576561942053992
T336,24000,60,1.0,1.0,0.49897269417056817,0.49864754422705604,0.49864754422705604,0.49864754422705604,0.4986961838195776
T336,24000,72,1.0,1.0,0.4906402782708036,0.48329353527936664,0.48329353527936664,0.48329353527936664,0.48527189752816347
T337,24000,60,0.3,1.0,0.5246651949766287,0.5326912473170491,0.5270404299318477,0.5326912473170491,0.530041127186373
T337,24000,72,0.3,1.0,0.4116655866549018,0.4105014581321406,0.41131634809807344,0.4105014581321406,0.4108856205446518
T338,24000,60,1.0,1.0,0.6048876402086033,0.5949888874297155,0.5949888874297155,0.5949888874297155,0.597958513263382
T338,24000,72,1.0,1.0,0.4072272263110244,0.39868356549435346,0.39868356549435346,0.39868356549435346,0.40124666373935475
T339,24000,60,1.0,1.0,0.6232048083442608,0.6291262455299639,0.6291262455299639,0.6291262455299639,0.627645886233538
T339,24000,72,1.0,1.0,0.6982992264116329,0.6985378259456065,0.6985378259456065,0.6985378259456065,0.6984781760621133
T34,24000,60,0.4,1.0,0.4938549629885833,0.4739735822315964,0.48555454143102433,0.4739735822315964,0.48376535307128277
T34,24000,72,0.4,1.0,0.5830810357666976,0.5800280849960471,0.5817668364799619,0.5800280849960471,0.5815259161884041
T340,24000,60,0.0,1.0,0.525799441652588,0.524214256340615,0.525799441652588,0.524214256340615,0.5247411904120592
T340,24000,72,0.0,1.0,0.47498275597452844,0.46872176867579435,0.47498275597452844,0.46872176867579435,0.470812392172647
T341,24000,60,1.0,1.0,0.5971709542992308,0.5976717122258244,0.5976717122258244,0.5976717122258244,0.5975431635492101
T341,24000,72,1.0,1.0,0.4725438040130483,0.46421027293571027,0.46421027293571027,0.46421027293571027,0.46633505089644495
T342,24000,60,1.0,1.0,0.7450619290812935,0.7482487044715813,0.7482487044715813,0.7482487044715813,0.7468064728254661
T342,24000,72,1.0,1.0,0.6851894878053547,0.6831967475030265,0.6831967475030265,0.6831967475030265,0.6840697021813077
T343,24000,60,0.0,1.0,0.7449706555782376,0.753818476488466,0.7449706555782376,0.753818476488466,0.7509325488739373
T343,24000,72,0.0,1.0,0.9188081148553436,0.9218761019623453,0.9188081148553436,0.9218761019623453,0.9208605903384189
T344,24000,60,0.0,1.0,0.9685140709258937,0.9312142824465945,0.9685140709258937,0.9312142824465945,0.943888579497542
T344,24000,72,0.0,1.0,0.4606377894088447,0.4560530029513954,0.4606377894088447,0.4560530029513954,0.45757396894615654
T345,24000,60,1.0,1.0,0.5911553899627974,0.5908939652468073,0.5908939652468073,0.5908939652468073,0.5909723926616042
T345,24000,72,1.0,1.0,0.6216624809309325,0.615448817952336,0.615448817952336,0.615448817952336,0.617312916845915
T346,24000,60,0.0,1.0,0.7224303388721034,0.695842713045575,0.7224303388721034,0.695842713045575,0.7024896195022071
T346,24000,72,0.0,1.0,0.6653380304169801,0.6414280308683702,0.6653380304169801,0.6414280308683702,0.6474055307555228
T347,24000,60,0.0,1.0,0.764607420633186,0.7703910985814594,0.764607420633186,0.7703910985814594,0.7684726035032092
T347,24000,72,0.0,1.0,0.9910289226011813,0.9995742015247587,0.9910289226011813,0.9995742015247587,0.9967311471157633
T348,24000,60,1.0,1.0,0.6316118414611247,0.63104252392329,0.63104252392329,0.63104252392329,0.6311458252458764
T348,24000,72,1.0,1.0,0.4471394776471173,0.4429193740497852,0.4429193740497852,0.4429193740497852,0.44375178700384393
T349,24000,60,1.0,1.0,0.6554366868969822,0.6386595081531177,0.6386595081531177,0.6386595081531177,0.6445315207134703
T349,24000,72,1.0,1.0,0.9443083527918612,0.9445176910813848,0.9445176910813848,0.9445176910813848,0.9444444226800515
T35,24000,60,0.8,1.0,0.6840469072299971,0.6644871148751198,0.668131289676473,0.6644871148751198,0.6698481029184308
T35,24000,72,0.8,1.0,0.49407200312045113,0.48308933578591,0.48502518877238265,0.48308933578591,0.4860988766589898
T350,24000,60,0.0,1.0,0.5758916370818516,0.5675625714148755,0.5758916370818516,0.5675625714148755,0.5696448378316195
T350,24000,72,0.0,1.0,0.7108419009541719,0.710431989422369,0.7108419009541719,0.710431989422369,0.7105344673053198
T351,24000,60,0.9,1.0,0.6092385423693109,0.6056707627856344,0.6059868831076347,0.6056707627856344,0.6067410966607374
T351,24000,72,0.9,1.0,0.45229708865064183,0.44392742838479926,0.4446575629310922,0.44392742838479926,0.44643832646455206
T352,24000,60,0.0,1.0,1.070797503002313,1.0529304622795852,1.070797503002313,1.0529304622795852,1.0577393128866628
T352,24000,72,0.0,1.0,0.84463151364823,0.8168501120689493,0.84463151364823,0.8168501120689493,0.8246100557359494
T353,24000,60,1.0,1.0,0.5680110391025531,0.561363059517686,0.561363059517686,0.561363059517686,0.5629862447580957
T353,24000,72,1.0,1.0,0.480294714709651,0.4714538994986655,0.4714538994986655,0.4714538994986655,0.47361010817743027
T354,24000,60,1.0,1.0,0.42084318971363555,0.4011795437994489,0.4011795437994489,0.4011795437994489,0.40904500216512363
T354,24000,72,1.0,1.0,0.6777384115590201,0.6872469783121348,0.6872469783121348,0.6872469783121348,0.683443551610889
T355,24000,60,1.0,1.0,1.0805830571135009,1.102720577082036,1.102720577082036,1.102720577082036,1.0993999490867556
T355,24000,72,1.0,1.0,0.878712283232405,0.8211956949732071,0.8211956949732071,0.8211956949732071,0.8298231832120868
T356,24000,60,1.0,1.0,0.6589944915401517,0.6580492939212751,0.6580492939212751,0.6580492939212751,0.6582435609141828
T356,24000,72,1.0,1.0,0.6556051621174934,0.6627244224229847,0.6627244224229847,0.6627244224229847,0.6611427683337233
T357,24000,60,0.4,1.0,0.9150740107354368,0.9583285532627784,0.931470782075726,0.9583285532627784,0.9415748598183347
T357,24000,72,0.4,1.0,0.8156432373729405,0.7711247933993578,0.7972762404752005,0.7711247933993578,0.7882073909734771
T358,24000,60,1.0,1.0,1.7800982030712038,1.810159182253449,1.810159182253449,1.810159182253449,1.804738245339827
T358,24000,72,1.0,1.0,0.6796500126989686,0.6593295519734809,0.6593295519734809,0.6593295519734809,0.6629735337284643
T359,24000,60,1.0,1.0,0.4668629232215181,0.4722152732297868,0.4722152732297868,0.4722152732297868,0.4712153799858321
T359,24000,72,1.0,1.0,1.433538412299139,1.4329525712310391,1.4329525712310391,1.4329525712310391,1.4330609518286372
T36,24000,60,0.0,1.0,0.7206887063933716,0.7187149552985356,0.7206887063933716,0.7187149552985356,0.7192160556750269
T36,24000,72,0.0,1.0,1.1353183701306933,1.1530249446594085,1.1353183701306933,1.1530249446594085,1.1484121254194462
T360,24000,60,1.0,1.0,0.6253056558583395,0.6392338585090507,0.6392338585090507,0.6392338585090507,0.6350553977138372
T360,24000,72,1.0,1.0,0.49225355649761693,0.4806405220210515,0.4806405220210515,0.4806405220210515,0.4841244323640212
T361,24000,60,1.0,1.0,0.5722033475559692,0.5384390317700576,0.5384390317700576,0.5384390317700576,0.5502565422951267
T361,24000,72,1.0,1.0,0.7066360774161392,0.6615406363873169,0.6615406363873169,0.6615406363873169,0.6773240407474046
T362,24000,60,1.0,1.0,1.0506709795148337,1.0514262088204718,1.0514262088204718,1.0514262088204718,1.0511996400287806
T362,24000,72,1.0,1.0,0.6568758629915286,0.6499376106592726,0.6499376106592726,0.6499376106592726,0.6520190863589492
T363,24000,60,1.0,1.0,0.4544887277333196,0.45750141004601,0.45750141004601,0.45750141004601,0.45629633712093387
T363,24000,72,1.0,1.0,0.47711074029781664,0.49017389424889973,0.49017389424889973,0.49017389424889973,0.4849486326684665
T364,24000,60,0.0,1.0,0.39319471619768037,0.39389050891829097,0.39319471619768037,0.39389050891829097,0.3936073712074976
T364,24000,72,0.0,1.0,0.44572976527890923,0.3563377927790751,0.44572976527890923,0.3563377927790751,0.38889699857211757
T365,24000,60,1.0,1.0,0.41588096304293326,0.4138196568030691,0.4138196568030691,0.4138196568030691,0.41443804867502837
T365,24000,72,1.0,1.0,0.6049153718526024,0.5842600272994491,0.5842600272994491,0.5842600272994491,0.5904566306653949
T366,24000,60,1.0,1.0,0.9078049345327436,0.8979675547332816,0.8979675547332816,0.8979675547332816,0.9022632632614634
T366,24000,72,1.0,1.0,0.9009926507571124,0.8989036905932822,0.8989036905932822,0.8989036905932822,0.8998126838416859
T367,24000,60,1.0,1.0,0.9469129277110281,0.9067292056015657,0.9067292056015657,0.9067292056015657,0.9181752435022273
T367,24000,72,1.0,1.0,0.6648905717167934,0.6764821727065297,0.6764821727065297,0.6764821727065297,0.6731241845291291
T368,24000,60,1.0,1.0,0.7616712356880762,0.7469122347952206,0.7469122347952206,0.7469122347952206,0.7525776956451207
T368,24000,72,1.0,1.0,0.48666173301480936,0.47361386686968976,0.47361386686968976,0.47361386686968976,0.4786288887060691
T369,24000,60,0.0,1.0,1.2228510695897585,1.1349679447264955,1.2228510695897585,1.1349679447264955,1.162182599799398
T369,24000,72,0.0,1.0,0.5616087580196777,0.533276976478398,0.5616087580196777,0.533276976478398,0.5420515997864422
T37,24000,60,1.0,1.0,0.5159254233696821,0.501504643479545,0.501504643479545,0.501504643479545,0.5041622445558029
T37,24000,72,1.0,1.0,0.4675395666865376,0.45034559017911896,0.45034559017911896,0.45034559017911896,0.4535246059973108
T370,24000,60,1.0,1.0,0.5915209220132286,0.5605055461177885,0.5605055461177885,0.5605055461177885,0.5676812097711241
T370,24000,72,1.0,1.0,0.5315300169474686,0.5363303326387902,0.5363303326387902,0.5363303326387902,0.5351824703432287
T371,24000,60,0.0,1.0,0.48899500389151335,0.4820526865281349,0.48899500389151335,0.4820526865281349,0.4843098781134877
T371,24000,72,0.0,1.0,0.636067309940388,0.595958752221978,0.636067309940388,0.595958752221978,0.6091845694459187
T372,24000,60,0.8,1.0,1.1211297953187507,1.0723219074600974,1.0820834850318282,1.0723219074600974,1.0862321554998136
T372,24000,72,0.8,1.0,0.47313102066378865,0.4510987979001643,0.4554805281345792,0.4510987979001643,0.4573775179943289
T373,24000,60,1.0,1.0,0.6257253320255175,0.6267696592476588,0.6267696592476588,0.6267696592476588,0.6266526218628102
T373,24000,72,1.0,1.0,1.0059347218128865,1.021388519191801,1.021388519191801,1.021388519191801,1.0196065529821465
T374,24000,60,1.0,1.0,0.7130048300183551,0.7102912759799404,0.7102912759799404,0.7102912759799404,0.7110610298144191
T374,24000,72,1.0,1.0,0.5967563702869207,0.5944350068184721,0.5944350068184721,0.5944350068184721,0.5950786711159296
T375,24000,60,1.0,1.0,0.8234287846843898,0.8294397409805747,0.8294397409805747,0.8294397409805747,0.8270954680250627
T375,24000,72,1.0,1.0,0.6983251571991984,0.695830904765364,0.695830904765364,0.695830904765364,0.6968002826140964
T376,24000,60,1.0,1.0,0.5458869386674392,0.5431023343856007,0.5431023343856007,0.5431023343856007,0.5438060009959184
T376,24000,72,1.0,1.0,0.5996598076616393,0.5988058837644487,0.5988058837644487,0.5988058837644487,0.5990159255049161
T377,24000,60,0.0,1.0,0.6211450098178445,0.6250982699071035,0.6211450098178445,0.6250982699071035,0.6245052808937147
T377,24000,72,0.0,1.0,0.7592536719928883,0.6769287112577029,0.7592536719928883,0.6769287112577029,0.6892774553679809
T378,24000,60,0.0,1.0,0.718714604468434,0.7242126392189081,0.718714604468434,0.7242126392189081,0.7234183181935484
T378,24000,72,0.0,1.0,0.831408401891187,0.8174834503943433,0.831408401891187,0.8174834503943433,0.8194067082389932
T379,24000,60,1.0,1.0,0.05022241073526425,0.04691446112056387,0.04691446112056387,0.04691446112056387,0.04840303844717904
T379,24000,72,1.0,1.0,0.15676978806091302,0.12438244678504659,0.12438244678504659,0.12438244678504659,0.1389567503591865
T38,24000,60,1.0,1.0,0.6116526378609944,0.6094841546281701,0.6094841546281701,0.6094841546281701,0.6101455420141815
T38,24000,72,1.0,1.0,0.6756064953359316,0.6696089075462719,0.6696089075462719,0.6696089075462719,0.6714379791505609
T380,24000,60,0.0,1.0,0.9037524992475515,0.8888174478892505,0.9037524992475515,0.8888174478892505,0.8925512107288259
T380,24000,72,0.0,1.0,1.064108651098096,1.0954563313933368,1.064108651098096,1.0954563313933368,1.0876194113195266
T381,24000,60,1.0,1.0,0.8818804918187195,0.8487881209328157,0.8487881209328157,0.8487881209328157,0.8606014871657723
T381,24000,72,1.0,1.0,0.91477610288008,0.9179817632704662,0.9179817632704662,0.9179817632704662,0.9168233006739298
T382,24000,60,1.0,1.0,0.6369087191410742,0.6304713570005588,0.6304713570005588,0.6304713570005588,0.6314824109333859
T382,24000,72,1.0,1.0,0.7687754056174054,0.7712953937248583,0.7712953937248583,0.7712953937248583,0.7708812999823832
T383,24000,60,1.0,1.0,0.3729176004984868,0.3383651970108094,0.3383651970108094,0.3383651970108094,0.3523275414726912
T383,24000,72,1.0,1.0,0.313688954639932,0.29373233244473346,0.29373233244473346,0.29373233244473346,0.30169457201099126
T384,24000,60,1.0,1.0,1.3416943977626008,1.3196199417615857,1.3196199417615857,1.3196199417615857,1.3295534469620427
T384,24000,72,1.0,1.0,0.9244167719987574,0.9139332613658046,0.9139332613658046,0.9139332613658046,0.9186508411506334
T385,24000,60,1.0,1.0,1.3041846505844557,1.2991678475378912,1.2991678475378912,1.2991678475378912,1.3006682235243723
T385,24000,72,1.0,1.0,0.5572711548941957,0.5494390339689713,0.5494390339689713,0.5494390339689713,0.5518175425413613
T386,24000,60,0.0,1.0,1.0707569739962204,1.0671259100308685,1.0707569739962204,1.0671259100308685,1.0680539358777805
T386,24000,72,0.0,1.0,0.9873069588064342,0.9705617347952964,0.9873069588064342,0.9705617347952964,0.9751514982979611
T387,24000,60,0.0,1.0,0.5542372331681236,0.5397729058803341,0.5542372331681236,0.5397729058803341,0.5438691115594845
T387,24000,72,0.0,1.0,0.35525874736486895,0.359931099878037,0.35525874736486895,0.359931099878037,0.35858062346142416
T388,24000,60,1.0,1.0,0.5244465205825853,0.5026720582220743,0.5026720582220743,0.5026720582220743,0.5093277589626098
T388,24000,72,1.0,1.0,0.6070182954344133,0.6071038055217389,0.6071038055217389,0.6071038055217389,0.607024557973195
T389,24000,60,0.0,1.0,1.2394999918363125,1.217211053138113,1.2394999918363125,1.217211053138113,1.228132531835197
T389,24000,72,0.0,1.0,0.4969408792851896,0.4938351597119921,0.4969408792851896,0.4938351597119921,0.49529277298373725
T39,24000,60,1.0,1.0,1.1131696139711984,1.1245914637337913,1.1245914637337913,1.1245914637337913,1.119599087701151
T39,24000,72,1.0,1.0,0.5804308270243074,0.5833260502091852,0.5833260502091852,0.5833260502091852,0.5820473801652563
T390,24000,60,1.0,1.0,0.3616453913996372,0.3581095219397347,0.3581095219397347,0.3581095219397347,0.3589344471016701
T390,24000,72,1.0,1.0,0.5177928236965508,0.49926621797419657,0.49926621797419657,0.49926621797419657,0.5036108517886649
T391,24000,60,0.0,1.0,0.5930206379925107,0.584232057528428,0.5930206379925107,0.584232057528428,0.5864292026444488
T391,24000,72,0.0,1.0,0.6488300568361433,0.6438933353882977,0.6488300568361433,0.6438933353882977,0.6451275157502591
T392,24000,60,0.6,1.0,0.715661787329101,0.7079206510042015,0.7106564326224596,0.7079206510042015,0.7106660745473197
T392,24000,72,0.6,1.0,0.7226477105869833,0.7107123802865306,0.7153701080042131,0.7107123802865306,0.7149966210380454
T393,24000,60,1.0,1.0,0.9022564207147747,0.9042059225602661,0.9042059225602661,0.9042059225602661,0.9037039580373017
T393,24000,72,1.0,1.0,0.524755903537334,0.5197629580607361,0.5197629580607361,0.5197629580607361,0.5208992757650674
T394,24000,60,1.0,1.0,0.5313341545236767,0.5147778214550247,0.5147778214550247,0.5147778214550247,0.5206163468949832
T394,24000,72,1.0,1.0,0.5270343498406465,0.518685187462635,0.518685187462635,0.518685187462635,0.521639409263414
T395,24000,60,1.0,1.0,0.9210124643882601,0.9379537150117754,0.9379537150117754,0.9379537150117754,0.9354125274182481
T395,24000,72,1.0,1.0,0.5020923781017829,0.5069876522578356,0.5069876522578356,0.5069876522578356,0.5062533611344276
T396,24000,60,1.0,1.0,0.8939983589310849,0.9026739162509027,0.9026739162509027,0.9026739162509027,0.9001659706041771
T396,24000,72,1.0,1.0,0.5709718499947837,0.5573473407178906,0.5573473407178906,0.5573473407178906,0.5612214061360444
T397,24000,60,0.0,1.0,0.39418526875136073,0.4032381610660928,0.39418526875136073,0.4032381610660928,0.4007862442678224
T397,24000,72,0.0,1.0,0.5153097240270195,0.5163452517311014,0.5153097240270195,0.5163452517311014,0.5159960403829538
T398,24000,60,0.0,1.0,0.5358836867880546,0.530671177366249,0.5358836867880546,0.530671177366249,0.5325603571310585
T398,24000,72,0.0,1.0,0.35714413870115685,0.35139098201026964,0.35714413870115685,0.35139098201026964,0.3534811171100972
T399,24000,60,0.0,1.0,0.6391890392590535,0.607701512457672,0.6391890392590535,0.607701512457672,0.6158721732147567
T399,24000,72,0.0,1.0,0.41319701285220606,0.39846371718180046,0.41319701285220606,0.39846371718180046,0.4022569782455265
T4,24000,60,1.0,1.0,0.39632994430482754,0.36838454477717403,0.36838454477717403,0.36838454477717403,0.38010153941130365
T4,24000,72,1.0,1.0,0.721827752944118,0.7179386732223805,0.7179386732223805,0.7179386732223805,0.7195614306242913
T40,24000,60,0.0,1.0,1.024780896557157,0.9704531956477953,1.024780896557157,0.9704531956477953,0.9889054788176473
T40,24000,72,0.0,1.0,0.4499817421236852,0.4123060901513786,0.4499817421236852,0.4123060901513786,0.42511515911978603
T400,24000,60,1.0,1.0,1.9802317208928446,2.056110081711815,2.056110081711815,2.056110081711815,2.0295526554251753
T400,24000,72,1.0,1.0,0.6331247950208579,0.602179802345385,0.602179802345385,0.602179802345385,0.6130105497818005
T401,24000,60,1.0,1.0,0.5762323616853284,0.5447422751727669,0.5447422751727669,0.5447422751727669,0.5513530481387334
T401,24000,72,1.0,1.0,0.5546599583187237,0.5434755321329114,0.5434755321329114,0.5434755321329114,0.545824261631932
T402,24000,60,1.0,1.0,0.6457937069839252,0.6528810144414767,0.6528810144414767,0.6528810144414767,0.6494919942454668
T402,24000,72,1.0,1.0,0.7029661682567975,0.6950310252842585,0.6950310252842585,0.6950310252842585,0.6987941299425214
T403,24000,60,1.0,1.0,1.6768191006056048,1.6295827089610615,1.6295827089610615,1.6295827089610615,1.6413918068721969
T403,24000,72,1.0,1.0,0.45339879835624497,0.42715872047042813,0.42715872047042813,0.42715872047042813,0.4337187399418824
T404,24000,60,1.0,1.0,0.6773874013053917,0.6088593741208084,0.6088593741208084,0.6088593741208084,0.6246208203732625
T404,24000,72,1.0,1.0,0.6122451732438988,0.5759375086531988,0.5759375086531988,0.5759375086531988,0.5842770155048427
T405,24000,60,1.0,1.0,0.7792672609874843,0.7879812439270802,0.7879812439270802,0.7879812439270802,0.7859927869078449
T405,24000,72,1.0,1.0,0.5236747970372385,0.4948014252224482,0.4948014252224482,0.4948014252224482,0.5011380627317319
T406,24000,60,0.0,1.0,0.5381515417182707,0.5735467333973411,0.5381515417182707,0.5735467333973411,0.5682374546454805
T406,24000,72,0.0,1.0,0.3802207769233068,0.31794754383003926,0.3802207769233068,0.31794754383003926,0.3272885287940293
T407,24000,60,1.0,1.0,0.584133697469192,0.6003030609700621,0.6003030609700621,0.6003030609700621,0.5970691882698882
T407,24000,72,1.0,1.0,0.5439123386913263,0.5459053241010146,0.5459053241010146,0.5459053241010146,0.5455067270190768
T408,24000,60,1.0,1.0,1.5007643786766056,1.3658899050522297,1.3658899050522297,1.3658899050522297,1.404322659238614
T408,24000,72,1.0,1.0,0.6817205461962516,0.634949790430382,0.634949790430382,0.634949790430382,0.6482567195003399
T409,24000,60,0.0,1.0,0.4019639082628805,0.40156196494941354,0.4019639082628805,0.40156196494941354,0.40168254794345365
T409,24000,72,0.0,1.0,0.4873383742347716,0.4670547362238644,0.4873383742347716,0.4670547362238644,0.4731398276271367
T41,24000,60,1.0,1.0,0.36932828456872907,0.35870588899424427,0.35870588899424427,0.35870588899424427,0.3608817266718075
T41,24000,72,1.0,1.0,0.5032529632813733,0.5019131636919323,0.5019131636919323,0.5019131636919323,0.5021872886548983
T410,24000,60,0.0,1.0,0.6873301172160818,0.6906086235690732,0.6873301172160818,0.6906086235690732,0.6896250716631757
T410,24000,72,0.0,1.0,0.6508389532166927,0.6499447007771126,0.6508389532166927,0.6499447007771126,0.6502129765089866
T411,24000,60,1.0,1.0,0.9617928759242379,0.9659113616032884,0.9659113616032884,0.9659113616032884,0.9647529128852164
T411,24000,72,1.0,1.0,0.8587170595052098,0.8716506289852799,0.8716506289852799,0.8716506289852799,0.8680067574833938
T412,24000,60,0.0,1.0,0.7131615392582551,0.6886678037097196,0.7131615392582551,0.6886678037097196,0.6984652979291338
T412,24000,72,0.0,1.0,1.0892161564010574,1.091690411896231,1.0892161564010574,1.091690411896231,1.0907007096981616
T413,24000,60,0.0,1.0,0.3921033643592405,0.38205450407815184,0.3921033643592405,0.38205450407815184,0.38776536678693574
T413,24000,72,0.0,1.0,0.5544179224265082,0.557255040402192,0.5544179224265082,0.557255040402192,0.5556255712440944
T414,24000,60,1.0,1.0,0.67528523945819,0.674200041102852,0.674200041102852,0.674200041102852,0.6746036932685369
T414,24000,72,1.0,1.0,0.8606121954393571,0.8634232375470497,0.8634232375470497,0.8634232375470497,0.8623269311250498
T415,24000,60,1.0,1.0,0.7582811452112646,0.7581992313627324,0.7581992313627324,0.7581992313627324,0.7582171512651329
T415,24000,72,1.0,1.0,0.9101150362058835,0.9071122888472753,0.9071122888472753,0.9071122888472753,0.9078466487070399
T416,24000,60,0.0,1.0,0.7257573300567892,0.7172837853079763,0.7257573300567892,0.7172837853079763,0.7193956475691058
T416,24000,72,0.0,1.0,0.746086893987979,0.7315047358929565,0.746086893987979,0.7315047358929565,0.7351014260880405
T417,24000,60,1.0,1.0,0.8042904175502661,0.7938497511082849,0.7938497511082849,0.7938497511082849,0.7964599177187802
T417,24000,72,1.0,1.0,0.7030684025091548,0.701113950942262,0.701113950942262,0.701113950942262,0.7016025638339851
T418,24000,60,1.0,1.0,0.9534552957750629,0.976032473719687,0.976032473719687,0.976032473719687,0.9702353094979796
T418,24000,72,1.0,1.0,0.8321782157657847,0.8206411040316945,0.8206411040316945,0.8206411040316945,0.823575628482516
T419,24000,60,1.0,1.0,0.39241644620868826,0.38770490562162385,0.38770490562162385,0.38770490562162385,0.38932732151881166
T419,24000,72,1.0,1.0,0.5219649542296191,0.5229069786847039,0.5229069786847039,0.5229069786847039,0.5225813642461692
T42,24000,60,0.0,1.0,0.3853497847933675,0.37452099976242786,0.3853497847933675,0.37452099976242786,0.37760218503490683
T42,24000,72,0.0,1.0,0.42062214260714237,0.39389992850206385,0.42062214260714237,0.39389992850206385,0.40149566958687144
T420,24000,60,1.0,1.0,0.568380716787178,0.5635228412461738,0.5635228412461738,0.5635228412461738,0.5653400767529158
T420,24000,72,1.0,1.0,0.36978859825934984,0.36043107730716295,0.36043107730716295,0.36043107730716295,0.3639323645740218
T421,24000,60,0.0,1.0,0.529443861062427,0.5239708572856034,0.529443861062427,0.5239708572856034,0.5262795894822286
T421,24000,72,0.0,1.0,0.4844066981607455,0.48011284580119556,0.4844066981607455,0.48011284580119556,0.48192327591047635
T422,24000,60,1.0,1.0,0.8270104762844686,0.8163177678051334,0.8163177678051334,0.8163177678051334,0.8210574416897897
T422,24000,72,1.0,1.0,0.7581537582587516,0.7524087380789,0.7524087380789,0.7524087380789,0.7549359908251445
T423,24000,60,1.0,1.0,2.319521304747327,2.3503573144017436,2.3503573144017436,2.3503573144017436,2.3380229105399764
T423,24000,72,1.0,1.0,1.3819966288300263,1.3786899446989536,1.3786899446989536,1.3786899446989536,1.3800126183513828
T424,24000,60,1.0,1.0,0.33060156732057283,0.3281950435953377,0.3281950435953377,0.3281950435953377,0.3289378177105517
T424,24000,72,1.0,1.0,0.30317582543162686,0.2997802407549989,0.2997802407549989,0.2997802407549989,0.3008274211785596
T425,24000,60,0.0,1.0,1.138866693059859,1.1941464439372578,1.138866693059859,1.1941464439372578,1.1767097778520994
T425,24000,72,0.0,1.0,1.8420309782897326,1.9391622893274372,1.8420309782897326,1.9391622893274372,1.9085205318657283
T426,24000,60,1.0,1.0,0.6171830776191151,0.5978919276999075,0.5978919276999075,0.5978919276999075,0.603291278141547
T426,24000,72,1.0,1.0,0.740240751590496,0.7209003250223694,0.7209003250223694,0.7209003250223694,0.7263156444614449
T427,24000,60,1.0,1.0,0.6048356273225324,0.5950196267794114,0.5950196267794114,0.5950196267794114,0.5988963074445504
T427,24000,72,1.0,1.0,0.6307372889802261,0.6166399877382627,0.6166399877382627,0.6166399877382627,0.6222408760496295
T428,24000,60,0.0,1.0,0.5735056454851039,0.5359415508540979,0.5735056454851039,0.5359415508540979,0.5550860912622414
T428,24000,72,0.0,1.0,0.5792703085253587,0.5730953254187876,0.5792703085253587,0.5730953254187876,0.5762303774111084
T429,24000,60,1.0,1.0,0.41097200165875203,0.4005536820625702,0.4005536820625702,0.4005536820625702,0.4019480816015203
T429,24000,72,1.0,1.0,0.582446528032156,0.570762944261908,0.570762944261908,0.570762944261908,0.5723313351014656
T43,24000,60,1.0,1.0,0.4968456530228347,0.49466952022346594,0.49466952022346594,0.49466952022346594,0.49537593167510546
T43,24000,72,1.0,1.0,0.5536622923638668,0.5527958225885634,0.5527958225885634,0.5527958225885634,0.5530762630180801
T430,24000,60,0.0,1.0,0.6527564306619386,0.6298206500176498,0.6527564306619386,0.6298206500176498,0.6373673271563383
T430,24000,72,0.0,1.0,0.8271395965724225,0.8318768839710771,0.8271395965724225,0.8318768839710771,0.8303081890201052
T431,24000,60,1.0,1.0,0.49895212872301703,0.49671192574910844,0.49671192574910844,0.49671192574910844,0.4976080069386719
T431,24000,72,1.0,1.0,0.5400177539406332,0.5235356611697194,0.5235356611697194,0.5235356611697194,0.5301284982780848
T432,24000,60,1.0,1.0,0.7076368228864218,0.6994441469262265,0.6994441469262265,0.6994441469262265,0.7029199643605939
T432,24000,72,1.0,1.0,0.5878850568573016,0.5857375312942696,0.5857375312942696,0.5857375312942696,0.586639565435461
T433,24000,60,1.0,1.0,0.9676165623162246,0.9809529665813689,0.9809529665813689,0.9809529665813689,0.9764633339002851
T433,24000,72,1.0,1.0,0.717746568957411,0.6973104684317952,0.6973104684317952,0.6973104684317952,0.7040305398407898
T434,24000,60,1.0,1.0,0.6097561467815293,0.6028117498011747,0.6028117498011747,0.6028117498011747,0.6049743497941694
T434,24000,72,1.0,1.0,0.6037488801916558,0.5950694670029343,0.5950694670029343,0.5950694670029343,0.5978368205624373
T435,24000,60,1.0,1.0,0.5375041387242808,0.5388412777024163,0.5388412777024163,0.5388412777024163,0.5383201049094144
T435,24000,72,1.0,1.0,0.6870346550197015,0.705968140797989,0.705968140797989,0.705968140797989,0.6988448146082871
T436,24000,60,0.0,1.0,0.7344928682540801,0.727068204159397,0.7344928682540801,0.727068204159397,0.7290496621745829
T436,24000,72,0.0,1.0,0.4998162043101426,0.4807866239671712,0.4998162043101426,0.4807866239671712,0.4859155776956131
T437,24000,60,0.3,1.0,0.3495834172368543,0.34801650636394105,0.34911334397498034,0.34801650636394105,0.34825154299487804
T437,24000,72,0.3,1.0,0.43470138931842595,0.4313877692272281,0.4336410698425576,0.4313877692272281,0.43188481224090775
T438,24000,60,1.0,1.0,1.5421393665886984,1.5569054102863267,1.5569054102863267,1.5569054102863267,1.5549376046787997
T438,24000,72,1.0,1.0,0.6471794302503112,0.6383858411202364,0.6383858411202364,0.6383858411202364,0.6394516886915984
T439,24000,60,1.0,1.0,0.7342553130639855,0.7334051209580302,0.7334051209580302,0.7334051209580302,0.7338377198969528
T439,24000,72,1.0,1.0,0.5043421628116721,0.48935368985785177,0.48935368985785177,0.48935368985785177,0.4970518095391202
T44,24000,60,0.0,1.0,0.6812390564838852,0.6850232223326151,0.6812390564838852,0.6850232223326151,0.6840771808704328
T44,24000,72,0.0,1.0,0.6178959325966522,0.6152773558572604,0.6178959325966522,0.6152773558572604,0.6159320000421084
T440,24000,60,1.0,1.0,0.4573077255280699,0.45265568167947756,0.45265568167947756,0.45265568167947756,0.4544689317849565
T440,24000,72,1.0,1.0,0.46742849947289905,0.4636966174602016,0.4636966174602016,0.4636966174602016,0.4651674157535474
T441,24000,60,1.0,1.0,0.4332228586822308,0.4238200180207551,0.4238200180207551,0.4238200180207551,0.4267133883829743
T441,24000,72,1.0,1.0,0.6630239126218551,0.6564258340559758,0.6564258340559758,0.6564258340559758,0.65845511992712
T442,24000,60,1.0,1.0,0.44647488468874397,0.4368765825384041,0.4368765825384041,0.4368765825384041,0.4411919781568939
T442,24000,72,1.0,1.0,0.8054266180968216,0.8110683101472607,0.8110683101472607,0.8110683101472607,0.8085295487245633
T443,24000,60,0.0,1.0,0.5744593454800319,0.5470379842231193,0.5744593454800319,0.5470379842231193,0.5561568191471331
T443,24000,72,0.0,1.0,0.6176218699774024,0.5865808130870066,0.6176218699774024,0.5865808130870066,0.5969531487665514
T444,24000,60,0.0,1.0,0.7464679037355432,0.7541817256091848,0.7464679037355432,0.7541817256091848,0.751270766445015
T444,24000,72,0.0,1.0,0.6935970916757979,0.6915046143078051,0.6935970916757979,0.6915046143078051,0.692256323117438
T445,24000,60,0.5,1.0,0.9248349001641211,0.8937186663214431,0.909276783242782,0.8937186663214431,0.8999419130899788
T445,24000,72,0.5,1.0,0.42170761350136,0.4182652806252985,0.4197179116940663,0.4182652806252985,0.4189537472005108
T446,24000,60,0.0,1.0,0.5306947554973356,0.5174909348143121,0.5306947554973356,0.5174909348143121,0.5219127646489682
T446,24000,72,0.0,1.0,0.5546595967794459,0.5487832591495041,0.5546595967794459,0.5487832591495041,0.5507485685438056
T447,24000,60,1.0,1.0,0.34437819049116053,0.3343654419742112,0.3343654419742112,0.3343654419742112,0.3397222624307791
T447,24000,72,1.0,1.0,0.32439544953646193,0.3291510648804012,0.3291510648804012,0.3291510648804012,0.32658500604591223
T448,24000,60,1.0,1.0,0.39789567398452863,0.38002548987268825,0.38002548987268825,0.38002548987268825,0.3877917836830945
T448,24000,72,1.0,1.0,0.3139939320491986,0.3006851242845552,0.3006851242845552,0.3006851242845552,0.30645553685465704
T449,24000,60,1.0,1.0,0.4656646310762743,0.4390769809575917,0.4390769809575917,0.4390769809575917,0.44705327599319655
T449,24000,72,1.0,1.0,0.5977807586627123,0.6048373191188895,0.6048373191188895,0.6048373191188895,0.6027203509820362
T45,24000,60,1.0,1.0,1.868365688699129,1.908549196087318,1.908549196087318,1.908549196087318,1.8964941438708618
T45,24000,72,1.0,1.0,0.6549419518968107,0.6381668653084058,0.6381668653084058,0.6381668653084058,0.6431993912849274
T450,24000,60,1.0,1.0,0.5249989922701731,0.5322751837063405,0.5322751837063405,0.5322751837063405,0.5312145862983458
T450,24000,72,1.0,1.0,0.3044206763455461,0.2995868055577604,0.2995868055577604,0.2995868055577604,0.30027017933593253
T451,24000,60,1.0,1.0,0.32479085670302876,0.32259399223736684,0.32259399223736684,0.32259399223736684,0.32352497874792674
T451,24000,72,1.0,1.0,0.4283849331779857,0.4287857824157177,0.4287857824157177,0.4287857824157177,0.4285970459619626
T452,24000,60,1.0,1.0,0.4322522340293029,0.41625713735716396,0.41625713735716396,0.41625713735716396,0.4213701523016673
T452,24000,72,1.0,1.0,0.6502451926727203,0.6539730009214643,0.6539730009214643,0.6539730009214643,0.6527619402081454
T453,24000,60,1.0,1.0,0.4636620727297977,0.45566108227319796,0.45566108227319796,0.45566108227319796,0.4576962421653684
T453,24000,72,1.0,1.0,0.4312369035447433,0.4203804007813876,0.4203804007813876,0.4203804007813876,0.42313956605867353
T454,24000,60,1.0,1.0,0.3402450190133703,0.3245463728074735,0.3245463728074735,0.3245463728074735,0.32933172092074114
T454,24000,72,1.0,1.0,0.5167811054603587,0.511839546950365,0.511839546950365,0.511839546950365,0.5133170977039015
T455,24000,60,1.0,1.0,0.633790970172412,0.6011433175556947,0.6011433175556947,0.6011433175556947,0.6104219490357873
T455,24000,72,1.0,1.0,0.45883110841177266,0.45843499726630277,0.45843499726630277,0.45843499726630277,0.45853743629820726
T456,24000,60,1.0,1.0,0.32407431055637353,0.3180666457559121,0.3180666457559121,0.3180666457559121,0.32046971167609667
T456,24000,72,1.0,1.0,0.5312612940223167,0.5433852166008266,0.5433852166008266,0.5433852166008266,0.5385356475694227
T457,24000,60,1.0,1.0,0.34781786037119444,0.34058451477425156,0.34058451477425156,0.34058451477425156,0.34246343142541996
T457,24000,72,1.0,1.0,0.46063829799036426,0.4417909758913118,0.4417909758913118,0.4417909758913118,0.44668923976148794
T458,24000,60,1.0,1.0,1.0767438486855798,1.082648527302254,1.082648527302254,1.082648527302254,1.081762825509753
T458,24000,72,1.0,1.0,0.3357679212602271,0.32472897609631685,0.32472897609631685,0.32472897609631685,0.3263848178709034
T459,24000,60,1.0,1.0,0.572622616953196,0.5599300402823928,0.5599300402823928,0.5599300402823928,0.5662740479862279
T459,24000,72,1.0,1.0,0.7255788074983105,0.7361293051395762,0.7361293051395762,0.7361293051395762,0.7308351504276368
T46,24000,60,0.0,1.0,1.0969925685391484,1.0979403486347468,1.0969925685391484,1.0979403486347468,1.0977381905677537
T46,24000,72,0.0,1.0,0.6001519847596142,0.5943160636342413,0.6001519847596142,0.5943160636342413,0.5954241575981118
T460,24000,60,1.0,1.0,0.5142870601853248,0.4834830267941071,0.4834830267941071,0.4834830267941071,0.4970276557929224
T460,24000,72,1.0,1.0,0.30841561303958476,0.302849384826748,0.302849384826748,0.302849384826748,0.3052963260142482
T461,24000,60,1.0,1.0,2.024208999510745,2.0230195871876715,2.0230195871876715,2.0230195871876715,2.023294038983744
T461,24000,72,1.0,1.0,0.44168005572634045,0.4252115978226896,0.4252115978226896,0.4252115978226896,0.42908141469331323
T462,24000,60,1.0,1.0,0.40583647448079313,0.40582984694987256,0.40582984694987256,0.40582984694987256,0.4057945504903702
T462,24000,72,1.0,1.0,0.3913101902201328,0.39206352826951896,0.39206352826951896,0.39206352826951896,0.39191134190689353
T463,24000,60,1.0,1.0,1.069062346653504,1.0624002614090102,1.0624002614090102,1.0624002614090102,1.0637326784579089
T463,24000,72,1.0,1.0,0.22477451273828106,0.21400909718263578,0.21400909718263578,0.21400909718263578,0.21616218029376483
T464,24000,60,1.0,1.0,0.24072989495930344,0.22305682074360247,0.22305682074360247,0.22305682074360247,0.22595562943913797
T464,24000,72,1.0,1.0,0.2792137850646068,0.2755574451993004,0.2755574451993004,0.2755574451993004,0.27614918986768466
T465,24000,60,1.0,1.0,0.21322024567642942,0.18903225218782657,0.18903225218782657,0.18903225218782657,0.19870744958326775
T465,24000,72,1.0,1.0,0.4069629657110255,0.41394614284766035,0.41394614284766035,0.41394614284766035,0.4111528719930064
T466,24000,60,1.0,1.0,0.33840920649939377,0.3004497868766161,0.3004497868766161,0.3004497868766161,0.3112623803709274
T466,24000,72,1.0,1.0,0.18001107788604676,0.1726439917201571,0.1726439917201571,0.1726439917201571,0.1747311650428852
T467,24000,60,1.0,1.0,0.16689571551331606,0.15411541496316378,0.15411541496316378,0.15411541496316378,0.15876274884699657
T467,24000,72,1.0,1.0,0.2738904119341869,0.25209946286991564,0.25209946286991564,0.25209946286991564,0.2600893841490915
T468,24000,60,1.0,1.0,0.6747573803270427,0.5974174385464691,0.5974174385464691,0.5974174385464691,0.621376107727757
T468,24000,72,1.0,1.0,0.16103115310636648,0.1585196801392708,0.1585196801392708,0.1585196801392708,0.1592921948133876
T469,24000,60,1.0,1.0,0.2931058986475818,0.2658420856919161,0.2658420856919161,0.2658420856919161,0.2768737547951343
T469,24000,72,1.0,1.0,0.18057337433550108,0.17324993927626656,0.17324993927626656,0.17324993927626656,0.1762039952409463
T47,24000,60,1.0,1.0,0.4153592229183309,0.4072857872199278,0.4072857872199278,0.4072857872199278,0.4089502497384914
T47,24000,72,1.0,1.0,0.46753498853449854,0.45633080127382675,0.45633080127382675,0.45633080127382675,0.4586801166673887
T470,24000,60,0.0,1.0,0.856067983875357,0.8599577413654861,0.856067983875357,0.8599577413654861,0.858805089516402
T470,24000,72,0.0,1.0,0.6651054962914466,0.6617887921872682,0.6651054962914466,0.6617887921872682,0.6627640420199368
T471,24000,60,0.0,1.0,0.3565088218254116,0.33248772425689416,0.3565088218254116,0.33248772425689416,0.3413624671464898
T471,24000,72,0.0,1.0,0.3839034247645579,0.376392377443579,0.3839034247645579,0.376392377443579,0.379150740409891
T472,24000,60,0.0,1.0,0.7995250596345723,0.8170647561348415,0.7995250596345723,0.8170647561348415,0.8093383638243135
T472,24000,72,0.0,1.0,0.6220884198769683,0.5987425451643783,0.6220884198769683,0.5987425451643783,0.6089697913353428
T473,24000,60,1.0,1.0,0.7109061115459974,0.690643926729998,0.690643926729998,0.690643926729998,0.6970026605865464
T473,24000,72,1.0,1.0,0.44346145245143537,0.43456673100794063,0.43456673100794063,0.43456673100794063,0.43734410690445547
T474,24000,60,0.0,1.0,0.6752235709794993,0.6651540203304033,0.6752235709794993,0.6651540203304033,0.6692293875628696
T474,24000,72,0.0,1.0,1.1281038735855065,1.1405153615509738,1.1281038735855065,1.1405153615509738,1.1354817705522682
T475,24000,60,1.0,1.0,0.6093169524766529,0.597244658693713,0.597244658693713,0.597244658693713,0.5992313780965166
T475,24000,72,1.0,1.0,0.8631389156290405,0.8683666434116607,0.8683666434116607,0.8683666434116607,0.8674650709672742
T476,24000,60,0.2,1.0,0.3880955936442775,0.38302646954585573,0.38702514163673296,0.38302646954585573,0.3838363546519238
T476,24000,72,0.2,1.0,0.5205658137187688,0.5203024013412724,0.5203239032992334,0.5203024013412724,0.5203326049905616
T477,24000,60,0.9,1.0,0.5320424957693647,0.5311568086524898,0.5311898722133542,0.5311568086524898,0.5313090377241043
T477,24000,72,0.9,1.0,0.7531888745905148,0.7572531179329597,0.7566661998370152,0.7572531179329597,0.7564821021612265
T478,24000,60,1.0,1.0,0.7955536614913408,0.8032604199187315,0.8032604199187315,0.8032604199187315,0.8013337303118838
T478,24000,72,1.0,1.0,0.7187783429754478,0.705723491786667,0.705723491786667,0.705723491786667,0.7089872045838621
T479,24000,60,1.0,1.0,0.5264489795167626,0.5038801752326465,0.5038801752326465,0.5038801752326465,0.5089390039762782
T479,24000,72,1.0,1.0,0.5504552264609869,0.563915663375815,0.563915663375815,0.563915663375815,0.5608588738415051
T48,24000,60,0.0,1.0,0.6152888644205392,0.5988990636387961,0.6152888644205392,0.5988990636387961,0.6022113903874857
T48,24000,72,0.0,1.0,0.95541767102791,0.9778656107086497,0.95541767102791,0.9778656107086497,0.9731486281319193
T480,24000,60,1.0,1.0,0.40432789434763006,0.3979245832553398,0.3979245832553398,0.3979245832553398,0.4007364332425992
T480,24000,72,1.0,1.0,0.5125753373893911,0.5119383989597395,0.5119383989597395,0.5119383989597395,0.5122160127947305
T481,24000,60,1.0,1.0,0.5529690635229279,0.5522046791243399,0.5522046791243399,0.5522046791243399,0.552286652733318
T481,24000,72,1.0,1.0,0.3935050521930503,0.3914334677383655,0.3914334677383655,0.3914334677383655,0.3918892664540534
T482,24000,60,1.0,1.0,0.9750611104741053,0.9940989730991399,0.9940989730991399,0.9940989730991399,0.9879417556003187
T482,24000,72,1.0,1.0,0.56452504598126,0.5697096119007681,0.5697096119007681,0.5697096119007681,0.5679796735167864
T483,24000,60,0.0,1.0,0.8013287558220121,0.8381708576579386,0.8013287558220121,0.8381708576579386,0.8264738456725855
T483,24000,72,0.0,1.0,0.8942955408111077,0.877499091457136,0.8942955408111077,0.877499091457136,0.8827122375773182
T484,24000,60,0.0,1.0,1.8939157032273022,1.936942675153419,1.8939157032273022,1.936942675153419,1.9237859742789918
T484,24000,72,0.0,1.0,0.7111013884409666,0.701174972743373,0.7111013884409666,0.701174972743373,0.7041987893123169
T485,24000,60,1.0,1.0,0.6346748523877127,0.6268034781070112,0.6268034781070112,0.6268034781070112,0.6282013110070457
T485,24000,72,1.0,1.0,0.3779897190485309,0.37370165119618215,0.37370165119618215,0.37370165119618215,0.37447350340960484
T486,24000,60,1.0,1.0,0.4665512541183056,0.4540788097285409,0.4540788097285409,0.4540788097285409,0.45494954810376564
T486,24000,72,1.0,1.0,0.5112200263650881,0.505516063560962,0.505516063560962,0.505516063560962,0.5059141841164908
T487,24000,60,1.0,1.0,0.3822682135337843,0.3673485161297981,0.3673485161297981,0.3673485161297981,0.3712920090810405
T487,24000,72,1.0,1.0,0.7080038416394027,0.7094766530771411,0.7094766530771411,0.7094766530771411,0.7090367019327376
T488,24000,60,1.0,1.0,0.44518465539393953,0.4325245915450606,0.4325245915450606,0.4325245915450606,0.4345311719215313
T488,24000,72,1.0,1.0,0.6019143466769634,0.6009397857718181,0.6009397857718181,0.6009397857718181,0.6010776407453708
T489,24000,60,0.0,1.0,0.5630432113249936,0.5704437251707886,0.5630432113249936,0.5704437251707886,0.5672596283071096
T489,24000,72,0.0,1.0,0.7725906198686221,0.7780431651070032,0.7725906198686221,0.7780431651070032,0.7757169894968291
T49,24000,60,1.0,1.0,0.5062525131518133,0.5058228682346853,0.5058228682346853,0.5058228682346853,0.5059999125657256
T49,24000,72,1.0,1.0,0.40307496852662106,0.39613578094326773,0.39613578094326773,0.39613578094326773,0.39943118764107377
T490,24000,60,0.3,1.0,0.6188885847679513,0.6092314263580176,0.6158833547363477,0.6092314263580176,0.6114387645540585
T490,24000,72,0.3,1.0,0.47650867335976393,0.46304273297552473,0.4720444001038156,0.46304273297552473,0.466093940709898
T491,24000,60,0.0,1.0,0.5306141668403148,0.5137724886767918,0.5306141668403148,0.5137724886767918,0.5188131307378789
T491,24000,72,0.0,1.0,0.568367919008072,0.5348681122117138,0.568367919008072,0.5348681122117138,0.5448950426568067
T492,24000,60,0.0,1.0,0.45377129512606207,0.45049164572798256,0.45377129512606207,0.45049164572798256,0.45163952301731036
T492,24000,72,0.0,1.0,0.514067274905496,0.51248073798102,0.514067274905496,0.51248073798102,0.5130360259045866
T493,24000,60,1.0,1.0,0.4994855849136183,0.4901066383474163,0.4901066383474163,0.4901066383474163,0.4945810879670981
T493,24000,72,1.0,1.0,0.4674725568768684,0.46126961861972626,0.46126961861972626,0.46126961861972626,0.46422787616404043
T494,24000,60,0.0,1.0,0.6185659543536537,0.62606980012117,0.6185659543536537,0.62606980012117,0.6248414784560522
T494,24000,72,0.0,1.0,0.63576933174706,0.6366066820812107,0.63576933174706,0.6366066820812107,0.6364552352995787
T495,24000,60,1.0,1.0,0.7603101236859221,0.7492457202212115,0.7492457202212115,0.7492457202212115,0.7534906775526942
T495,24000,72,1.0,1.0,0.44790948461303615,0.4357909044689795,0.4357909044689795,0.4357909044689795,0.44045397966214883
T496,24000,60,0.0,1.0,0.43902226811252953,0.43306033710392794,0.43902226811252953,0.43306033710392794,0.434907394030928
T496,24000,72,0.0,1.0,0.608329629162357,0.6125662629852454,0.608329629162357,0.6125662629852454,0.61125290650015
T497,24000,60,1.0,1.0,0.7758152777987566,0.8065072656118782,0.8065072656118782,0.8065072656118782,0.7888365820980825
T497,24000,72,1.0,1.0,0.4899115014781049,0.5134740857538291,0.5134740857538291,0.5134740857538291,0.4999117712425801
T498,24000,60,0.5,1.0,1.5050741631130309,1.509409189567368,1.5071608333727533,1.509409189567368,1.5085131083425618
T498,24000,72,0.5,1.0,0.7213871238876646,0.7131388708979075,0.7165608599705784,0.7131388708979075,0.7147975431029048
T499,24000,60,0.0,1.0,0.8554969821571293,0.8163987656903028,0.8554969821571293,0.8163987656903028,0.8281282306303508
T499,24000,72,0.0,1.0,0.3629274801277977,0.351032208488736,0.3629274801277977,0.351032208488736,0.3546007899804544
T5,24000,60,1.0,1.0,0.476161234582243,0.4593155858402002,0.4593155858402002,0.4593155858402002,0.46510184510463287
T5,24000,72,1.0,1.0,0.562161622526055,0.571026427322719,0.571026427322719,0.571026427322719,0.5679517006404088
T50,24000,60,0.0,1.0,0.58223475453036,0.543285580697531,0.58223475453036,0.543285580697531,0.5510454690166016
T50,24000,72,0.0,1.0,0.45998038508639705,0.45703217087464537,0.45998038508639705,0.45703217087464537,0.45756849304342034
T500,24000,60,1.0,1.0,0.4741187806620775,0.47113443290987783,0.47113443290987783,0.47113443290987783,0.471985078194055
T500,24000,72,1.0,1.0,0.3653338815281929,0.35501285852571846,0.35501285852571846,0.35501285852571846,0.3579996459050068
T501,24000,60,1.0,1.0,0.5052953720582134,0.4821786502927142,0.4821786502927142,0.4821786502927142,0.4879578307340891
T501,24000,72,1.0,1.0,0.49153763309490434,0.4872924817569466,0.4872924817569466,0.4872924817569466,0.4883537695914361
T502,24000,60,1.0,1.0,0.6617443015426825,0.672457397599302,0.672457397599302,0.672457397599302,0.6699256958374955
T502,24000,72,1.0,1.0,0.6372258078522769,0.6610150211282522,0.6610150211282522,0.6610150211282522,0.6553721608542091
T503,24000,60,1.0,1.0,0.571398490328494,0.593097208455047,0.593097208455047,0.593097208455047,0.5858877445015042
T503,24000,72,1.0,1.0,0.4063681189132697,0.4098013086398737,0.4098013086398737,0.4098013086398737,0.4086649897999627
T504,24000,60,0.0,1.0,0.30993938056764225,0.30397643582576267,0.30993938056764225,0.30397643582576267,0.30578842666963363
T504,24000,72,0.0,1.0,0.7636590723662937,0.7253430682249079,0.7636590723662937,0.7253430682249079,0.7372166429039794
T505,24000,60,1.0,1.0,0.6126637957569617,0.6256291603180979,0.6256291603180979,0.6256291603180979,0.6223878191778139
T505,24000,72,1.0,1.0,0.8190466008940523,0.7925606854988356,0.7925606854988356,0.7925606854988356,0.7991821643476399
T506,24000,60,0.0,1.0,2.1196380190533923,2.068540358754152,2.1196380190533923,2.068540358754152,2.086424539858885
T506,24000,72,0.0,1.0,1.0260069816114947,0.9683099270703717,1.0260069816114947,0.9683099270703717,0.9885038961597647
T507,24000,60,0.8,1.0,0.276308456667453,0.2755254104816251,0.27555717683041575,0.2755254104816251,0.27576032433737346
T507,24000,72,0.8,1.0,0.21243946428289068,0.20134236922369747,0.20329898543184038,0.20134236922369747,0.20467149774145543
T508,24000,60,0.5,1.0,0.3288512317545906,0.3323273048061568,0.32945851600571563,0.3323273048061568,0.3316320901958435
T508,24000,72,0.5,1.0,0.3779009937643321,0.371709227309249,0.3746036600010797,0.371709227309249,0.37294758060026556
T509,24000,60,1.0,1.0,3.7190192136734574,3.840614879717094,3.840614879717094,3.840614879717094,3.8173352030759418
T509,24000,72,1.0,1.0,1.2385220687477043,1.2105455592827865,1.2105455592827865,1.2105455592827865,1.2158113687406922
T51,24000,60,0.0,1.0,0.4039455920907412,0.4066727528141341,0.4039455920907412,0.4066727528141341,0.4060455058477538
T51,24000,72,0.0,1.0,0.7254461675201104,0.6991567674538577,0.7254461675201104,0.6991567674538577,0.7051954175554462
T510,24000,60,1.0,1.0,0.6845470934182005,0.6872562968522566,0.6872562968522566,0.6872562968522566,0.68631717371025
T510,24000,72,1.0,1.0,1.3338357040726883,1.324406892453828,1.324406892453828,1.324406892453828,1.3275952125003467
T511,24000,60,1.0,1.0,0.46564600208071094,0.45987283448058186,0.45987283448058186,0.45987283448058186,0.4615293113820679
T511,24000,72,1.0,1.0,0.5492268132251975,0.5495075943288347,0.5495075943288347,0.5495075943288347,0.5494198872977534
T512,24000,60,0.1,1.0,0.6461027674293236,0.6428373404747718,0.6456876106012053,0.6428373404747718,0.6440975278956013
T512,24000,72,0.1,1.0,0.6133094031930997,0.5981894614561873,0.6117470526252379,0.5981894614561873,0.6041537290946446
T513,24000,60,0.0,1.0,1.1189615692306751,1.1099018988222675,1.1189615692306751,1.1099018988222675,1.114190409780247
T513,24000,72,0.0,1.0,0.9985136062028414,0.9886796074971353,0.9985136062028414,0.9886796074971353,0.9933427670714776
T514,24000,60,0.0,1.0,0.43829148165060466,0.427488779144025,0.43829148165060466,0.427488779144025,0.43234999527198587
T514,24000,72,0.0,1.0,0.5861535712272548,0.5870881979675726,0.5861535712272548,0.5870881979675726,0.5866676159344296
T515,24000,60,0.0,1.0,0.4917804529926764,0.4947199917434687,0.4917804529926764,0.4947199917434687,0.4938781407692927
T515,24000,72,0.0,1.0,0.49678596607705244,0.5020977286079018,0.49678596607705244,0.5020977286079018,0.500573422871464
T516,24000,60,0.3,1.0,0.6211470747368605,0.6322063209549965,0.6244648486023012,0.6322063209549965,0.6280038073921047
T516,24000,72,0.3,1.0,0.44632237353445325,0.44315361470712544,0.4452751740075501,0.44315361470712544,0.4443529977112208
T517,24000,60,1.0,1.0,1.6171808872817115,1.6400589275960262,1.6400589275960262,1.6400589275960262,1.6322395235508804
T517,24000,72,1.0,1.0,0.4506289725726493,0.4385743384053481,0.4385743384053481,0.4385743384053481,0.44267137558716935
T518,24000,60,1.0,1.0,0.5387965958703484,0.5365144820889438,0.5365144820889438,0.5365144820889438,0.537394589476245
T518,24000,72,1.0,1.0,0.4823261712021544,0.47521301913515424,0.47521301913515424,0.47521301913515424,0.47798689975925035
T519,24000,60,1.0,1.0,0.4019484772589597,0.3922879333290622,0.3922879333290622,0.3922879333290622,0.3942200421150418
T519,24000,72,1.0,1.0,0.29730815902087643,0.2873987818099004,0.2873987818099004,0.2873987818099004,0.28938065725209555
T52,24000,60,0.0,1.0,0.621928313014948,0.6207444500481396,0.621928313014948,0.6207444500481396,0.6209401271566571
T52,24000,72,0.0,1.0,0.7223024606890905,0.6839060932405169,0.7223024606890905,0.6839060932405169,0.6917423001525698
T520,24000,60,0.0,1.0,0.6762983270948616,0.6956007895854496,0.6762983270948616,0.6956007895854496,0.6912216007101404
T520,24000,72,0.0,1.0,0.43735116940883634,0.4424573557109368,0.43735116940883634,0.4424573557109368,0.44112017723722535
T521,24000,60,1.0,1.0,0.6717488003954897,0.6809587305407256,0.6809587305407256,0.6809587305407256,0.680037737526202
T521,24000,72,1.0,1.0,0.8394881149730966,0.8488576033492619,0.8488576033492619,0.8488576033492619,0.8479206545116454
T522,24000,60,0.2,1.0,0.5010244190629243,0.5075130050505329,0.5022047875537147,0.5075130050505329,0.5055893059834994
T522,24000,72,0.2,1.0,0.6512269992727641,0.6261163788726662,0.64593738348531,0.6261163788726662,0.6334936355246301
T523,24000,60,1.0,1.0,0.8658958765854249,0.8386870492369614,0.8386870492369614,0.8386870492369614,0.8454892560740774
T523,24000,72,1.0,1.0,0.44661154505356165,0.4340246750508436,0.4340246750508436,0.4340246750508436,0.43717139255152304
T524,24000,60,0.0,1.0,0.42424100787816,0.4271398108160264,0.42424100787816,0.4271398108160264,0.42641511008155986
T524,24000,72,0.0,1.0,0.4074248934557799,0.41453708118901955,0.4074248934557799,0.41453708118901955,0.4127590342557096
T525,24000,60,1.0,1.0,0.11462946187118303,0.10348324189102284,0.10348324189102284,0.10348324189102284,0.10559284670801847
T525,24000,72,1.0,1.0,0.073844317150872,0.08055997626122731,0.08055997626122731,0.08055997626122731,0.07927279088106974
T526,24000,60,1.0,1.0,0.3068706838739778,0.30009750169361865,0.30009750169361865,0.30009750169361865,0.30246811545674435
T526,24000,72,1.0,1.0,0.2957453855857201,0.29111264860176667,0.29111264860176667,0.29111264860176667,0.2927341065461504
T527,24000,60,1.0,1.0,0.8662111992400481,0.8497639722564793,0.8497639722564793,0.8497639722564793,0.8538757790023714
T527,24000,72,1.0,1.0,0.5652171213732928,0.5399728228879013,0.5399728228879013,0.5399728228879013,0.5462838975092491
T528,24000,60,1.0,1.0,0.3123162981823354,0.30189230688272706,0.30189230688272706,0.30189230688272706,0.3039771051426487
T528,24000,72,1.0,1.0,0.5548077294597588,0.5597747540563179,0.5597747540563179,0.5597747540563179,0.5587813491370062
T529,24000,60,0.0,1.0,0.5108156503817309,0.49762939711444226,0.5108156503817309,0.49762939711444226,0.5034972798183858
T529,24000,72,0.0,1.0,0.5719593223531378,0.5632529565105051,0.5719593223531378,0.5632529565105051,0.5671260237056982
T53,24000,60,1.0,1.0,0.9459248931814649,0.9507441619542383,0.9507441619542383,0.9507441619542383,0.9491554573707358
T53,24000,72,1.0,1.0,0.6891048642917,0.6616860910067675,0.6616860910067675,0.6616860910067675,0.6705867942186775
T530,24000,60,0.0,1.0,1.1205734851954314,1.1052777940390484,1.1205734851954314,1.1052777940390484,1.111007350720861
T530,24000,72,0.0,1.0,0.7964974660299861,0.7975860530965296,0.7964974660299861,0.7975860530965296,0.7970904212551029
T531,24000,60,1.0,1.0,0.4059041709924337,0.39489082173980017,0.39489082173980017,0.39489082173980017,0.3999985082937371
T531,24000,72,1.0,1.0,0.3373314912668491,0.33680939189097914,0.33680939189097914,0.33680939189097914,0.3370373890938564
T532,24000,60,0.0,1.0,0.5676877804457385,0.5768432103527109,0.5676877804457385,0.5768432103527109,0.5736388098852706
T532,24000,72,0.0,1.0,0.5592139444407463,0.5569474264086077,0.5592139444407463,0.5569474264086077,0.5577407077198562
T533,24000,60,1.0,1.0,0.6950522810225854,0.6644395233834602,0.6644395233834602,0.6644395233834602,0.6749962789170285
T533,24000,72,1.0,1.0,0.598020829271053,0.5842958415153824,0.5842958415153824,0.5842958415153824,0.5890285340045487
T534,24000,60,0.0,1.0,0.3977058693196579,0.39024621989252706,0.3977058693196579,0.39024621989252706,0.39307547564810896
T534,24000,72,0.0,1.0,0.7165295803483891,0.7075306001348928,0.7165295803483891,0.7075306001348928,0.7109414861281275
T535,24000,60,1.0,1.0,0.6134105302698124,0.6185362292649784,0.6185362292649784,0.6185362292649784,0.6173479584250416
T535,24000,72,1.0,1.0,0.307320409077817,0.30034598786900485,0.30034598786900485,0.30034598786900485,0.3019438493520905
T536,24000,60,1.0,1.0,0.5442761219312577,0.5390356009549676,0.5390356009549676,0.5390356009549676,0.5407030200906269
T536,24000,72,1.0,1.0,0.6447183704464418,0.6453818471893935,0.6453818471893935,0.6453818471893935,0.6451623223540991
T537,24000,60,1.0,1.0,0.6040425006653899,0.6037742681635767,0.6037742681635767,0.6037742681635767,0.6038681495392112
T537,24000,72,1.0,1.0,1.6048872520183357,1.6217061384962776,1.6217061384962776,1.6217061384962776,1.615819528228998
T538,24000,60,1.0,1.0,0.2560778767374585,0.25152828084759876,0.25152828084759876,0.25152828084759876,0.25357559899803567
T538,24000,72,1.0,1.0,0.4160766884912969,0.39122750864011074,0.39122750864011074,0.39122750864011074,0.4024096395731446
T539,24000,60,0.0,1.0,0.7533344712934359,0.7354836181674554,0.7533344712934359,0.7354836181674554,0.7420767632906635
T539,24000,72,0.0,1.0,1.0842863153645295,1.104466264567426,1.0842863153645295,1.104466264567426,1.0969276801641654
T54,24000,60,1.0,1.0,0.44332700898665556,0.4377416773670445,0.4377416773670445,0.4377416773670445,0.4398858062130329
T54,24000,72,1.0,1.0,0.6836927425804689,0.685624224566375,0.685624224566375,0.685624224566375,0.684874633022619
T540,24000,60,1.0,1.0,0.6973969795694509,0.6646831860841093,0.6646831860841093,0.6646831860841093,0.6809449620215553
T540,24000,72,1.0,1.0,0.6187645455533236,0.6280692561604933,0.6280692561604933,0.6280692561604933,0.623386384846069
T541,24000,60,0.0,1.0,0.44648668064581526,0.4424730001319889,0.44648668064581526,0.4424730001319889,0.4436771042861368
T541,24000,72,0.0,1.0,0.487372135171933,0.4771004562165726,0.487372135171933,0.4771004562165726,0.48018195990318063
T542,24000,60,1.0,1.0,0.39764446665868813,0.39163757169702057,0.39163757169702057,0.39163757169702057,0.3931993643870541
T542,24000,72,1.0,1.0,0.5817322097976909,0.5795260042440312,0.5795260042440312,0.5795260042440312,0.5800982697553824
T543,24000,60,0.0,1.0,0.8698225199636523,0.8797645052684586,0.8698225199636523,0.8797645052684586,0.8766207446395627
T543,24000,72,0.0,1.0,0.57290755770497,0.5679215108601117,0.57290755770497,0.5679215108601117,0.5694435417251393
T544,24000,60,0.0,1.0,1.218219212979433,1.0838247276168138,1.218219212979433,1.0838247276168138,1.1167231649177332
T544,24000,72,0.0,1.0,0.6986888135670648,0.6999672715350558,0.6986888135670648,0.6999672715350558,0.6995937191361806
T545,24000,60,1.0,1.0,0.7539874690478493,0.7587081501645485,0.7587081501645485,0.7587081501645485,0.7571626511653997
T545,24000,72,1.0,1.0,0.6359014638500536,0.6454260056066902,0.6454260056066902,0.6454260056066902,0.6423629350485413
T546,24000,60,1.0,1.0,0.8982528412427382,0.911302971112506,0.911302971112506,0.911302971112506,0.9067099852513912
T546,24000,72,1.0,1.0,0.6693607251802466,0.6441499502697063,0.6441499502697063,0.6441499502697063,0.6528771258949022
T547,24000,60,1.0,1.0,0.4049212760309545,0.399223864824364,0.399223864824364,0.399223864824364,0.4018106118185602
T547,24000,72,1.0,1.0,0.4959082973741622,0.4995511348946161,0.4995511348946161,0.4995511348946161,0.49789233434162783
T548,24000,60,1.0,1.0,0.39554199135960827,0.388659944094792,0.388659944094792,0.388659944094792,0.3909208933417755
T548,24000,72,1.0,1.0,0.5603936965970909,0.5603680793229144,0.5603680793229144,0.5603680793229144,0.5603628526782544
T549,24000,60,1.0,1.0,0.4960014316636164,0.4951608013490011,0.4951608013490011,0.4951608013490011,0.49541299044338577
T549,24000,72,1.0,1.0,0.6260305388044807,0.6284580389538086,0.6284580389538086,0.6284580389538086,0.6277297889090103
T55,24000,60,0.0,1.0,0.44916289370390505,0.45899611043693034,0.44916289370390505,0.45899611043693034,0.4560461454170227
T55,24000,72,0.0,1.0,0.43546862439621514,0.4231269907299039,0.43546862439621514,0.4231269907299039,0.42682948082979727
T550,24000,60,0.0,1.0,0.5252476064955707,0.522060928263788,0.5252476064955707,0.522060928263788,0.5237144906802339
T550,24000,72,0.0,1.0,0.4794322304712601,0.46883908689794107,0.4794322304712601,0.46883908689794107,0.4743914293248304
T551,24000,60,1.0,1.0,0.4446070951195119,0.44013075914622546,0.44013075914622546,0.44013075914622546,0.44159597711815624
T551,24000,72,1.0,1.0,0.5928100910454156,0.5881737381399554,0.5881737381399554,0.5881737381399554,0.5896813657168557
T552,24000,60,0.6,1.0,2.934338673393636,2.9924100194951735,2.968820961999964,2.9924100194951735,2.9770069772412597
T552,24000,72,0.6,1.0,1.4010225539043888,1.3775871041196857,1.386961284033567,1.3775871041196857,1.3837974983126324
T553,24000,60,1.0,1.0,0.33793208712819883,0.335531615907333,0.335531615907333,0.335531615907333,0.33628776434190566
T553,24000,72,1.0,1.0,0.41743866695888676,0.41524498741446264,0.41524498741446264,0.41524498741446264,0.41593599647095625
T554,24000,60,1.0,1.0,1.2193315103034854,1.2076805449801777,1.2076805449801777,1.2076805449801777,1.210404333477426
T554,24000,72,1.0,1.0,0.8665535812177946,0.8644662619976473,0.8644662619976473,0.8644662619976473,0.8649535076513283
T555,24000,60,1.0,1.0,0.40980402517039144,0.4097251184851757,0.4097251184851757,0.4097251184851757,0.40971188991558416
T555,24000,72,1.0,1.0,0.2859920458689917,0.27749087852224635,0.27749087852224635,0.27749087852224635,0.2786177443218821
T556,24000,60,0.0,1.0,0.43467578164021,0.4283104724055131,0.43467578164021,0.4283104724055131,0.43090241240363525
T556,24000,72,0.0,1.0,0.510832987643003,0.5048689544122569,0.510832987643003,0.5048689544122569,0.5072953127128935
T557,24000,60,1.0,1.0,0.42275584657492427,0.4121742687389829,0.4121742687389829,0.4121742687389829,0.41492433249280447
T557,24000,72,1.0,1.0,0.8136401608615115,0.8493494801536787,0.8493494801536787,0.8493494801536787,0.8400497754612962
T558,24000,60,1.0,1.0,0.33180521087026066,0.32346307357923265,0.32346307357923265,0.32346307357923265,0.3250424455209088
T558,24000,72,1.0,1.0,0.46178542580620296,0.46591744087891757,0.46591744087891757,0.46591744087891757,0.4651286157043658
T559,24000,60,0.0,1.0,0.5334600367304352,0.539318257302952,0.5334600367304352,0.539318257302952,0.5385655589570154
T559,24000,72,0.0,1.0,1.2628830252633045,1.1968020036239557,1.2628830252633045,1.1968020036239557,1.205062131328874
T56,24000,60,1.0,1.0,0.8541465914493473,0.8819332684476817,0.8819332684476817,0.8819332684476817,0.873447393202437
T56,24000,72,1.0,1.0,0.597634217972365,0.5966435144628148,0.5966435144628148,0.5966435144628148,0.596937220553414
T560,24000,60,0.0,1.0,0.344949406422713,0.3471900363744953,0.344949406422713,0.3471900363744953,0.34584565840342596
T560,24000,72,0.0,1.0,0.4350516835256563,0.40716700186474786,0.4350516835256563,0.40716700186474786,0.42389781086129297
T561,24000,60,1.0,1.0,0.6723955192285307,0.6450232043354656,0.6450232043354656,0.6450232043354656,0.6532348988033851
T561,24000,72,1.0,1.0,0.7688520377759954,0.7771747834591817,0.7771747834591817,0.7771747834591817,0.7746779597542257
T562,24000,60,1.0,1.0,0.895807630505859,0.8571691610431568,0.8571691610431568,0.8571691610431568,0.869496225677121
T562,24000,72,1.0,1.0,0.5256561035556587,0.4981019766041012,0.4981019766041012,0.4981019766041012,0.5068864026848103
T563,24000,60,0.0,1.0,0.6072371446639341,0.561961205714932,0.6072371446639341,0.561961205714932,0.5761229535584933
T563,24000,72,0.0,1.0,0.5134758788820597,0.5026827923930488,0.5134758788820597,0.5026827923930488,0.50603498903403
T564,24000,60,1.0,1.0,1.0069881204615154,0.9674621396741259,0.9674621396741259,0.9674621396741259,0.9805057133339645
T564,24000,72,1.0,1.0,0.3140138693975336,0.3047588153437461,0.3047588153437461,0.3047588153437461,0.30780842049878576
T565,24000,60,0.9,1.0,0.8165335999288283,0.7707586859710563,0.7751897343721975,0.7707586859710563,0.785159596826548
T565,24000,72,0.9,1.0,0.5319104406809744,0.5266340914210296,0.5271537296472032,0.5266340914210296,0.5282909435830289
T566,24000,60,0.0,1.0,0.4046167512087267,0.38117716091308723,0.4046167512087267,0.38117716091308723,0.38977573947093347
T566,24000,72,0.0,1.0,0.32596521608219475,0.3152484823204941,0.32596521608219475,0.3152484823204941,0.3191989979505879
T567,24000,60,0.6,1.0,1.1392168857851512,1.0784560847607174,1.1026699725571139,1.0784560847607174,1.0863449950915156
T567,24000,72,0.6,1.0,0.49452059528907216,0.48262158115491943,0.4872163484696018,0.48262158115491943,0.4841441767939803
T568,24000,60,1.0,1.0,0.4830468465370395,0.46958157801457145,0.46958157801457145,0.46958157801457145,0.4740495689062934
T568,24000,72,1.0,1.0,0.6045483069902824,0.6015565995287441,0.6015565995287441,0.6015565995287441,0.6025169004094668
T569,24000,60,1.0,1.0,0.6343468146578746,0.6292965763403051,0.6292965763403051,0.6292965763403051,0.6315426748375184
T569,24000,72,1.0,1.0,0.3613517396205776,0.33780589915629244,0.33780589915629244,0.33780589915629244,0.34831125425071086
T57,24000,60,0.0,1.0,0.5773403073196147,0.5735306328620384,0.5773403073196147,0.5735306328620384,0.5744669713832554
T57,24000,72,0.0,1.0,0.5511584268231933,0.5000775113692438,0.5511584268231933,0.5000775113692438,0.5127625797475104
T570,24000,60,1.0,1.0,0.660744723666125,0.6507039603040948,0.6507039603040948,0.6507039603040948,0.6552223038170084
T570,24000,72,1.0,1.0,0.5237779859613539,0.5152843693322534,0.5152843693322534,0.5152843693322534,0.5191064968153486
T571,24000,60,1.0,1.0,0.6850703810049037,0.667344050233403,0.667344050233403,0.667344050233403,0.6744345825420034
T571,24000,72,1.0,1.0,0.36153193895298813,0.3479604566335404,0.3479604566335404,0.3479604566335404,0.35338904956131956
T572,24000,60,0.6,1.0,0.7033081742288191,0.6747905770879584,0.6857361262190341,0.6747905770879584,0.6814457015400237
T572,24000,72,0.6,1.0,0.6043879803228986,0.6362474904388885,0.6223990399171144,0.6362474904388885,0.6286636899298335
T573,24000,60,1.0,1.0,0.6707369646445038,0.555845333540768,0.555845333540768,0.555845333540768,0.5890942467139197
T573,24000,72,1.0,1.0,0.3234117032336393,0.3230980146914339,0.3230980146914339,0.3230980146914339,0.32318898436867344
T574,24000,60,1.0,1.0,0.5093949985683375,0.4865711834647541,0.4865711834647541,0.4865711834647541,0.4882762416397421
T574,24000,72,1.0,1.0,0.329669520447114,0.33645449092933477,0.33645449092933477,0.33645449092933477,0.33589594351258445
T575,24000,60,1.0,1.0,0.5535946773908791,0.5531496291135961,0.5531496291135961,0.5531496291135961,0.5532852042801657
T575,24000,72,1.0,1.0,0.7953864541255724,0.785877377334553,0.785877377334553,0.785877377334553,0.7888971427333906
T576,24000,60,1.0,1.0,0.4798586649465054,0.4604341658386142,0.4604341658386142,0.4604341658386142,0.4657643197706115
T576,24000,72,1.0,1.0,0.3589891435304279,0.3530083686620971,0.3530083686620971,0.3530083686620971,0.3546339719193997
T577,24000,60,1.0,1.0,0.5286072615740118,0.5264808139822083,0.5264808139822083,0.5264808139822083,0.5271187482597494
T577,24000,72,1.0,1.0,0.46929898561604283,0.4648585799039194,0.4648585799039194,0.4648585799039194,0.46619070161755644
T578,24000,60,1.0,1.0,0.4525334814239617,0.4435936532330773,0.4435936532330773,0.4435936532330773,0.4467225930998868
T578,24000,72,1.0,1.0,0.4827276029721565,0.4783834728394723,0.4783834728394723,0.4783834728394723,0.4799039183859117
T579,24000,60,1.0,1.0,0.9008481552050168,0.923108338798686,0.923108338798686,0.923108338798686,0.9162977391464431
T579,24000,72,1.0,1.0,0.4314220021189994,0.42286455599880285,0.42286455599880285,0.42286455599880285,0.4254670844849987
T58,24000,60,0.0,1.0,0.655541491862468,0.64227053868926,0.655541491862468,0.64227053868926,0.6454981932325812
T58,24000,72,0.0,1.0,0.5799067220220414,0.543598498801377,0.5799067220220414,0.543598498801377,0.5525901234273066
T580,24000,60,1.0,1.0,0.5705354552000176,0.5549685053876223,0.5549685053876223,0.5549685053876223,0.5605592469651915
T580,24000,72,1.0,1.0,0.33045240469297055,0.3181500200445359,0.3181500200445359,0.3181500200445359,0.32261183290915085
T581,24000,60,1.0,1.0,1.3259574501094016,1.3403909741241822,1.3403909741241822,1.3403909741241822,1.3365336646971513
T581,24000,72,1.0,1.0,0.5126492153829395,0.4773473457699265,0.4773473457699265,0.4773473457699265,0.4866829400019058
T582,24000,60,1.0,1.0,0.45450613027614634,0.4480807186341141,0.4480807186341141,0.4480807186341141,0.45099443495990565
T582,24000,72,1.0,1.0,0.5872442981305218,0.5913351989824462,0.5913351989824462,0.5913351989824462,0.5894738390948205
T583,24000,60,0.7,1.0,0.3628368888145372,0.3286544664999597,0.3371394459401895,0.3286544664999597,0.33779449993906957
T583,24000,72,0.7,1.0,0.7058276139450377,0.7034440548794578,0.7040162240573773,0.7034440548794578,0.7040791459951128
T584,24000,60,1.0,1.0,0.8918316411447647,0.8990150102394248,0.8990150102394248,0.8990150102394248,0.8970345560773199
T584,24000,72,1.0,1.0,0.622411090532593,0.615941170535503,0.615941170535503,0.615941170535503,0.6177133611611132
T585,24000,60,0.0,1.0,0.34469492734308427,0.3379962039924859,0.34469492734308427,0.3379962039924859,0.34074163313391176
T585,24000,72,0.0,1.0,0.3240945553796413,0.32751492502239854,0.3240945553796413,0.32751492502239854,0.32610435158862605
T586,24000,60,1.0,1.0,0.6057468050540722,0.5963870469093973,0.5963870469093973,0.5963870469093973,0.5991882962291646
T586,24000,72,1.0,1.0,0.8344018545455305,0.8349261612658073,0.8349261612658073,0.8349261612658073,0.8347575181011377
T587,24000,60,1.0,1.0,0.32252897736678,0.3278400598294287,0.3278400598294287,0.3278400598294287,0.3251268115151651
T587,24000,72,1.0,1.0,0.47824886263835925,0.4236115540856935,0.4236115540856935,0.4236115540856935,0.4503402560425352
T588,24000,60,0.4,1.0,0.2520163526451598,0.24185130833748977,0.24780851990947536,0.24185130833748977,0.24398273745568808
T588,24000,72,0.4,1.0,0.33503291488613407,0.32892484050488763,0.332263246484983,0.32892484050488763,0.3301943516380964
T589,24000,60,1.0,1.0,0.6044052364759948,0.5932286425509818,0.5932286425509818,0.5932286425509818,0.5979343710722356
T589,24000,72,1.0,1.0,0.7059665346437811,0.6595552046736511,0.6595552046736511,0.6595552046736511,0.6792789585691604
T59,24000,60,0.0,1.0,0.7744776253666741,0.7412762884463768,0.7744776253666741,0.7412762884463768,0.7553484370333919
T59,24000,72,0.0,1.0,0.7507088263598869,0.7293547823431921,0.7507088263598869,0.7293547823431921,0.7384218759067273
T590,24000,60,0.0,1.0,0.351331221280423,0.3504051414635781,0.351331221280423,0.3504051414635781,0.35064098569200386
T590,24000,72,0.0,1.0,0.20621456284260328,0.1972717996449475,0.20621456284260328,0.1972717996449475,0.19986329333869016
T591,24000,60,1.0,1.0,0.4143377013314633,0.40978542781794236,0.40978542781794236,0.40978542781794236,0.4111094353689431
T591,24000,72,1.0,1.0,0.26775736035905506,0.2657532509068058,0.2657532509068058,0.2657532509068058,0.2663252263573243
T592,24000,60,1.0,1.0,0.4238510421887119,0.41977276918551115,0.41977276918551115,0.41977276918551115,0.42093472207120347
T592,24000,72,1.0,1.0,0.2705045487105106,0.2732391845879596,0.2732391845879596,0.2732391845879596,0.27245143196824767
T593,24000,60,1.0,1.0,0.3835890286670218,0.3728974771283131,0.3728974771283131,0.3728974771283131,0.37581959010617977
T593,24000,72,1.0,1.0,0.3435489741099383,0.33740704623153384,0.33740704623153384,0.33740704623153384,0.33909300550769467
T594,24000,60,1.0,1.0,0.6897676658906113,0.6768098473421373,0.6768098473421373,0.6768098473421373,0.6800268904035063
T594,24000,72,1.0,1.0,0.5750279659600377,0.5837705211568345,0.5837705211568345,0.5837705211568345,0.5815123780042716
T595,24000,60,0.5,1.0,1.1200790427099687,1.1385164521074356,1.1292284607938625,1.1385164521074356,1.1338094708732487
T595,24000,72,0.5,1.0,0.5760103696907419,0.5590296072946466,0.5674702173245976,0.5590296072946466,0.5633592039939701
T596,24000,60,1.0,1.0,0.4725902982435444,0.4691169821645837,0.4691169821645837,0.4691169821645837,0.4698890737998157
T596,24000,72,1.0,1.0,0.3726607229223531,0.36430351327481914,0.36430351327481914,0.36430351327481914,0.36618388544551433
T597,24000,60,1.0,1.0,0.6313780918246557,0.6374758619690187,0.6374758619690187,0.6374758619690187,0.6353608702300033
T597,24000,72,1.0,1.0,0.6131751356914844,0.612856678891656,0.612856678891656,0.612856678891656,0.6129661485737119
T598,24000,60,1.0,1.0,0.4281590513263363,0.43510845098809015,0.43510845098809015,0.43510845098809015,0.4333863239587581
T598,24000,72,1.0,1.0,0.4945161124172635,0.5006391872440482,0.5006391872440482,0.5006391872440482,0.49911601526346666
T599,24000,60,1.0,1.0,0.5198473265635442,0.5239019036549428,0.5239019036549428,0.5239019036549428,0.5228882593820933
T599,24000,72,1.0,1.0,0.5181175076320944,0.5239184011841537,0.5239184011841537,0.5239184011841537,0.522468177796139
T6,24000,60,1.0,1.0,0.43873532834977674,0.4317170531495433,0.4317170531495433,0.4317170531495433,0.43340143919759927
T6,24000,72,1.0,1.0,0.558632414432959,0.5566292579292232,0.5566292579292232,0.5566292579292232,0.5570753717646243
T60,24000,60,0.0,1.0,0.5152649596642834,0.49868043470272105,0.5152649596642834,0.49868043470272105,0.5036557921911897
T60,24000,72,0.0,1.0,0.709648427462262,0.689619019118066,0.709648427462262,0.689619019118066,0.6956278416213248
T600,24000,60,0.0,1.0,0.4150731549464637,0.40178496198421665,0.4150731549464637,0.40178496198421665,0.40627696821931963
T600,24000,72,0.0,1.0,0.7935516626943757,0.761210865935128,0.7935516626943757,0.761210865935128,0.7722067368332722
T601,24000,60,0.0,1.0,0.4720664102196644,0.4646611261465792,0.4720664102196644,0.4646611261465792,0.4669167231896643
T601,24000,72,0.0,1.0,0.5821457673301081,0.5869016441068234,0.5821457673301081,0.5869016441068234,0.5854511009921779
T602,24000,60,1.0,1.0,0.47358398499467674,0.4723689950706157,0.4723689950706157,0.4723689950706157,0.4728610659898605
T602,24000,72,1.0,1.0,0.5805574396226021,0.5828202311804058,0.5828202311804058,0.5828202311804058,0.5818482484604388
T603,24000,60,1.0,1.0,0.46137801411939805,0.45505308552003937,0.45505308552003937,0.45505308552003937,0.456318071239911
T603,24000,72,1.0,1.0,0.39600982027351805,0.39826712968551403,0.39826712968551403,0.39826712968551403,0.3978156678031149
T604,24000,60,0.5,1.0,0.6375478768401575,0.630560775325575,0.6339192813205433,0.630560775325575,0.6350259537077745
T604,24000,72,0.5,1.0,0.4959864937843502,0.4918992004521638,0.49394284711825703,0.4918992004521638,0.4945150681847631
T605,24000,60,1.0,1.0,0.5116463749536725,0.5098939845147373,0.5098939845147373,0.5098939845147373,0.5105073211683647
T605,24000,72,1.0,1.0,0.546150496043466,0.5468618687687797,0.5468618687687797,0.5468618687687797,0.5466128883149198
T606,24000,60,0.0,1.0,0.4580624519181912,0.453066371971052,0.4580624519181912,0.453066371971052,0.45463763068789775
T606,24000,72,0.0,1.0,1.0725359537180832,1.0534900694408065,1.0725359537180832,1.0534900694408065,1.059485736608771
T607,24000,60,1.0,1.0,0.4417418318795819,0.4270273479605734,0.4270273479605734,0.4270273479605734,0.4314416931362759
T607,24000,72,1.0,1.0,0.3521849208643439,0.351176558155534,0.351176558155534,0.351176558155534,0.351479066968177
T608,24000,60,0.0,1.0,0.39293548911407034,0.39761644388289297,0.39293548911407034,0.39761644388289297,0.39723822299721745
T608,24000,72,0.0,1.0,0.32058740166286465,0.2979500976559815,0.32058740166286465,0.2979500976559815,0.29973167977658266
T609,24000,60,1.0,1.0,0.8166824388026417,0.8279398311292534,0.8279398311292534,0.8279398311292534,0.8255011601088361
T609,24000,72,1.0,1.0,0.4618430294410379,0.4657926307617609,0.4657926307617609,0.4657926307617609,0.46491050635883024
T61,24000,60,0.0,1.0,1.6350395340675261,1.76744435529817,1.6350395340675261,1.76744435529817,1.7289881933724007
T61,24000,72,0.0,1.0,1.1570668569041598,1.135474570405958,1.1570668569041598,1.135474570405958,1.1417247244467268
T610,24000,60,1.0,1.0,0.39845851402764954,0.3906562454919967,0.3906562454919967,0.3906562454919967,0.39294789718802164
T610,24000,72,1.0,1.0,0.521445489775966,0.5004144252279551,0.5004144252279551,0.5004144252279551,0.5066121742787992
T611,24000,60,1.0,1.0,0.372212080724642,0.3757732826623573,0.3757732826623573,0.3757732826623573,0.3744440970338601
T611,24000,72,1.0,1.0,0.5684856594507286,0.5458640536861802,0.5458640536861802,0.5458640536861802,0.553766860591845
T612,24000,60,1.0,1.0,0.23345218867805473,0.2158116304991719,0.2158116304991719,0.2158116304991719,0.21833277772569115
T612,24000,72,1.0,1.0,0.16870248588841347,0.16369438720858867,0.16369438720858867,0.16369438720858867,0.16441826464482248
T613,24000,60,0.0,1.0,0.5493170296801346,0.5162749679265962,0.5493170296801346,0.5162749679265962,0.5208788138150202
T613,24000,72,0.0,1.0,0.5546299757880273,0.5556896431644545,0.5546299757880273,0.5556896431644545,0.555530963493128
T614,24000,60,1.0,1.0,0.24673932962008743,0.2393796625102293,0.2393796625102293,0.2393796625102293,0.24279870189336986
T614,24000,72,1.0,1.0,0.24505685651382828,0.251638208137096,0.251638208137096,0.251638208137096,0.24856836238147997
T615,24000,60,0.0,1.0,0.48187527292034793,0.483942149504644,0.48187527292034793,0.483942149504644,0.4833525874960232
T615,24000,72,0.0,1.0,0.318192939101416,0.3143135306267465,0.318192939101416,0.3143135306267465,0.3153923938131654
T616,24000,60,0.0,1.0,0.3975114310082271,0.3620950425244324,0.3975114310082271,0.3620950425244324,0.37465453637911955
T616,24000,72,0.0,1.0,0.40955318046672734,0.4235981710731658,0.40955318046672734,0.4235981710731658,0.4186033471747474
T617,24000,60,0.0,1.0,0.5508314350261552,0.5395401652216495,0.5508314350261552,0.5395401652216495,0.5436399589582885
T617,24000,72,0.0,1.0,1.1377298179974817,1.1685042478264376,1.1377298179974817,1.1685042478264376,1.1572096676436456
T618,24000,60,1.0,1.0,0.3887064674775912,0.39168577237260455,0.39168577237260455,0.39168577237260455,0.39123887663835255
T618,24000,72,1.0,1.0,0.3612898785456214,0.36270364003355565,0.36270364003355565,0.36270364003355565,0.36249157581036556
T619,24000,60,1.0,1.0,0.5894568027705033,0.5921119670394654,0.5921119670394654,0.5921119670394654,0.591341283445767
T619,24000,72,1.0,1.0,0.2974420906587132,0.2832458889221112,0.2832458889221112,0.2832458889221112,0.2873218108775702
T62,24000,60,0.0,1.0,0.48787547022223793,0.4892640887825209,0.48787547022223793,0.4892640887825209,0.4888711732989737
T62,24000,72,0.0,1.0,0.28530520710676444,0.2800031183149562,0.28530520710676444,0.2800031183149562,0.28145419890309425
T620,24000,60,1.0,1.0,0.31275232521635166,0.3030262647356244,0.3030262647356244,0.3030262647356244,0.3055529971047942
T620,24000,72,1.0,1.0,0.19405960688773877,0.19488033785966605,0.19488033785966605,0.19488033785966605,0.1946641106454467
T621,24000,60,1.0,1.0,0.3493878320380959,0.3483973615964086,0.3483973615964086,0.3483973615964086,0.3485668193072904
T621,24000,72,1.0,1.0,0.37518291203472776,0.3707788643419034,0.3707788643419034,0.3707788643419034,0.3715552858860622
T622,24000,60,1.0,1.0,0.4215664251161755,0.40231209350770913,0.40231209350770913,0.40231209350770913,0.40901816842696864
T622,24000,72,1.0,1.0,0.5244753351802659,0.5015490694787007,0.5015490694787007,0.5015490694787007,0.5095621352869724
T623,24000,60,1.0,1.0,0.316136332505099,0.3157880729822934,0.3157880729822934,0.3157880729822934,0.3159327603291745
T623,24000,72,1.0,1.0,0.3256247953455848,0.3250905040390713,0.3250905040390713,0.3250905040390713,0.3253175778443395
T624,24000,60,1.0,1.0,0.20710921554731562,0.20396311945453943,0.20396311945453943,0.20396311945453943,0.20469838508286992
T624,24000,72,1.0,1.0,0.19671839658502738,0.19200221793447395,0.19200221793447395,0.19200221793447395,0.19310590023160623
T625,24000,60,0.8,1.0,0.15109280931888314,0.14514167464037234,0.14630969990526485,0.14514167464037234,0.14677601411690055
T625,24000,72,0.8,1.0,0.1922769616862708,0.1937170834625717,0.19332953659101515,0.1937170834625717,0.19331169877008147
T626,24000,60,0.0,1.0,0.19018814394716876,0.1883861493723432,0.19018814394716876,0.1883861493723432,0.18890635468590283
T626,24000,72,0.0,1.0,0.14566967011827964,0.14707265546152312,0.14566967011827964,0.14707265546152312,0.14666198493973753
T627,24000,60,1.0,1.0,0.21793176957063568,0.21035610549231593,0.21035610549231593,0.21035610549231593,0.21277356647611892
T627,24000,72,1.0,1.0,0.166055638345512,0.17169766423162022,0.17169766423162022,0.17169766423162022,0.16987702384525907
T628,24000,60,0.0,1.0,0.33484489268768153,0.33361552121359095,0.33484489268768153,0.33361552121359095,0.3338399898233682
T628,24000,72,0.0,1.0,0.5283055707535729,0.5053963202532318,0.5283055707535729,0.5053963202532318,0.5098544011591282
T629,24000,60,0.0,1.0,0.570418051556334,0.5655597526682496,0.570418051556334,0.5655597526682496,0.5670566932228276
T629,24000,72,0.0,1.0,0.6847121803064298,0.689480488585469,0.6847121803064298,0.689480488585469,0.6879757379654701
T63,24000,60,0.0,1.0,0.6428115678832801,0.6336629744176269,0.6428115678832801,0.6336629744176269,0.6359501227840402
T63,24000,72,0.0,1.0,1.0426505124458196,1.061445858462153,1.0426505124458196,1.061445858462153,1.05674702195807
T630,24000,60,1.0,1.0,0.5126122237018259,0.5007620397132893,0.5007620397132893,0.5007620397132893,0.5037245857104233
T630,24000,72,1.0,1.0,0.4662730484217053,0.4620730871541629,0.4620730871541629,0.4620730871541629,0.4631230774710485
T631,24000,60,1.0,1.0,0.44725371731422014,0.4467724465413421,0.4467724465413421,0.4467724465413421,0.4469890183891372
T631,24000,72,1.0,1.0,0.5752563792674579,0.5668214312948493,0.5668214312948493,0.5668214312948493,0.5706171578825232
T632,24000,60,1.0,1.0,0.6625451541434965,0.6640312018266059,0.6640312018266059,0.6640312018266059,0.6633624803692066
T632,24000,72,1.0,1.0,0.5678476722215295,0.5665722267421757,0.5665722267421757,0.5665722267421757,0.567146177207885
T633,24000,60,1.0,1.0,0.44874781214864407,0.4412967857768344,0.4412967857768344,0.4412967857768344,0.44322961895709884
T633,24000,72,1.0,1.0,0.4506633140129218,0.45262826883213775,0.45262826883213775,0.45262826883213775,0.4521128726867838
T634,24000,60,1.0,1.0,0.49184545420808273,0.4918822236619436,0.4918822236619436,0.4918822236619436,0.49185778357359033
T634,24000,72,1.0,1.0,0.6084950745804589,0.6057760510961847,0.6057760510961847,0.6057760510961847,0.6068201167645431
T635,24000,60,0.0,1.0,0.7746126158582458,0.709870635164351,0.7746126158582458,0.709870635164351,0.733527765071126
T635,24000,72,0.0,1.0,0.8943985465691823,0.9019127428547475,0.8943985465691823,0.9019127428547475,0.8989328608373786
T636,24000,60,1.0,1.0,0.600629133081507,0.5990213432057606,0.5990213432057606,0.5990213432057606,0.5995015679421082
T636,24000,72,1.0,1.0,0.4529313547065775,0.459088248364681,0.459088248364681,0.459088248364681,0.4572302497919195
T637,24000,60,1.0,1.0,0.3973885875342715,0.38721518199686267,0.38721518199686267,0.38721518199686267,0.3914676174347299
T637,24000,72,1.0,1.0,0.21553202610136019,0.21204441409157937,0.21204441409157937,0.21204441409157937,0.21347077823077787
T638,24000,60,0.0,1.0,0.6077336128001041,0.5659278119692778,0.6077336128001041,0.5659278119692778,0.5744882467482426
T638,24000,72,0.0,1.0,0.47345825093225063,0.48092252913011163,0.47345825093225063,0.48092252913011163,0.47939078828223963
T639,24000,60,1.0,1.0,0.5489208947119043,0.45632439600100444,0.45632439600100444,0.45632439600100444,0.49051276212366635
T639,24000,72,1.0,1.0,0.20084525191932737,0.19677722482700893,0.19677722482700893,0.19677722482700893,0.19827636288604153
T64,24000,60,0.0,1.0,0.7036757703120313,0.6758429110727346,0.7036757703120313,0.6758429110727346,0.6803568176801347
T64,24000,72,0.0,1.0,0.7147770841501768,0.6807672747044171,0.7147770841501768,0.6807672747044171,0.686372875364259
T640,24000,60,1.0,1.0,0.7768174607674603,0.7473786335767395,0.7473786335767395,0.7473786335767395,0.759445452983941
T640,24000,72,1.0,1.0,0.3594864051190224,0.33440504574628366,0.33440504574628366,0.33440504574628366,0.3446842087688312
T641,24000,60,1.0,1.0,0.9773772618336689,0.9789550343879764,0.9789550343879764,0.9789550343879764,0.9785605912493995
T641,24000,72,1.0,1.0,0.37270372799981516,0.35880361435086283,0.35880361435086283,0.35880361435086283,0.36227864276310084
T642,24000,60,1.0,1.0,0.3778202626272461,0.35410182388232436,0.35410182388232436,0.35410182388232436,0.3567075586864648
T642,24000,72,1.0,1.0,0.23480923481746707,0.23778905232729103,0.23778905232729103,0.23778905232729103,0.2374533854655772
T643,24000,60,0.0,1.0,0.41927977234261643,0.4119167989037975,0.41927977234261643,0.4119167989037975,0.4149716835726224
T643,24000,72,0.0,1.0,0.44774587697317875,0.4489758544971652,0.44774587697317875,0.4489758544971652,0.4484640138565704
T644,24000,60,1.0,1.0,0.29563089141911575,0.2860901555319294,0.2860901555319294,0.2860901555319294,0.2891370562899788
T644,24000,72,1.0,1.0,0.16946973142287416,0.16342943658327744,0.16342943658327744,0.16342943658327744,0.1653428312123265
T645,24000,60,1.0,1.0,0.2266644697583675,0.22903482429428293,0.22903482429428293,0.22903482429428293,0.22856075338709983
T645,24000,72,1.0,1.0,0.5379775331898813,0.5409646255512517,0.5409646255512517,0.5409646255512517,0.5403672070789778
T646,24000,60,0.0,1.0,0.2691449653577169,0.2783650259742719,0.2691449653577169,0.2783650259742719,0.2744771602264528
T646,24000,72,0.0,1.0,0.24973452786748943,0.2517926403776865,0.24973452786748943,0.2517926403776865,0.250921160140889
T647,24000,60,1.0,1.0,0.4620035988279809,0.4525145025052818,0.4525145025052818,0.4525145025052818,0.4553016512125054
T647,24000,72,1.0,1.0,0.5058762564491552,0.5132483071018531,0.5132483071018531,0.5132483071018531,0.5110669072815991
T648,24000,60,1.0,1.0,0.3125193449624807,0.3390901214304439,0.3390901214304439,0.3390901214304439,0.3259188663386679
T648,24000,72,1.0,1.0,0.22222273414635677,0.2159270326437844,0.2159270326437844,0.2159270326437844,0.21903073099804135
T649,24000,60,0.0,1.0,0.34728302319442295,0.38674005225144437,0.34728302319442295,0.38674005225144437,0.37165764888162217
T649,24000,72,0.0,1.0,0.327546524493263,0.3249656745539276,0.327546524493263,0.3249656745539276,0.32592812940858684
T65,24000,60,1.0,1.0,1.1365707616569585,1.1981054698194724,1.1981054698194724,1.1981054698194724,1.1882115893838716
T65,24000,72,1.0,1.0,1.4359272677644273,1.4053631951576449,1.4053631951576449,1.4053631951576449,1.4102357932972698
T650,24000,60,0.0,1.0,0.9146451148804731,0.9206363737238136,0.9146451148804731,0.9206363737238136,0.9197376848973124
T650,24000,72,0.0,1.0,0.7049329990145249,0.7116541028535606,0.7049329990145249,0.7116541028535606,0.7106459372777053
T651,24000,60,0.0,1.0,0.4395852154071037,0.4310393009810654,0.4395852154071037,0.4310393009810654,0.4336042033899862
T651,24000,72,0.0,1.0,0.551661816976021,0.5540335257778332,0.551661816976021,0.5540335257778332,0.5533044854444717
T652,24000,60,1.0,1.0,0.44918253044270745,0.4561877121772428,0.4561877121772428,0.4561877121772428,0.45361052063598006
T652,24000,72,1.0,1.0,0.5423609111230774,0.5501694561204579,0.5501694561204579,0.5501694561204579,0.5473521773338319
T653,24000,60,1.0,1.0,0.44497798616379464,0.43906863868691837,0.43906863868691837,0.43906863868691837,0.44110112242870203
T653,24000,72,1.0,1.0,0.33858808503947163,0.34229850141733165,0.34229850141733165,0.34229850141733165,0.34094335546427734
T654,24000,60,0.0,1.0,0.5046144200198233,0.506833359364875,0.5046144200198233,0.506833359364875,0.506500518463117
T654,24000,72,0.0,1.0,0.41614980639039273,0.41151178667961097,0.41614980639039273,0.41151178667961097,0.4122074896362283
T655,24000,60,1.0,1.0,0.400243242940508,0.39679282848571124,0.39679282848571124,0.39679282848571124,0.39718929969378297
T655,24000,72,1.0,1.0,0.793354413398088,0.7984453423571028,0.7984453423571028,0.7984453423571028,0.7978598855268163
T656,24000,60,1.0,1.0,0.14916737727395915,0.13988116827296718,0.13988116827296718,0.13988116827296718,0.14452427277346314
T656,24000,72,1.0,1.0,0.2788340395577009,0.2129109089567596,0.2129109089567596,0.2129109089567596,0.24587247425723024
T657,24000,60,1.0,1.0,0.5388869768253821,0.5390217361768243,0.5390217361768243,0.5390217361768243,0.5389652840718261
T657,24000,72,1.0,1.0,0.7820174814161076,0.7930626212164845,0.7930626212164845,0.7930626212164845,0.7894475763149152
T658,24000,60,0.5,1.0,0.5223473057652079,0.5201701316375914,0.5206284789380387,0.5201701316375914,0.5210688274102714
T658,24000,72,0.5,1.0,0.6005254442386093,0.6268505598018907,0.6126642666359566,0.6268505598018907,0.6148559284387058
T659,24000,60,1.0,1.0,0.626428538627782,0.6220314048784311,0.6220314048784311,0.6220314048784311,0.6235704016907038
T659,24000,72,1.0,1.0,0.7080671155364883,0.7084770093346948,0.7084770093346948,0.7084770093346948,0.7083335465053227
T66,24000,60,1.0,1.0,5.0092841458846875,4.9219280707299,4.9219280707299,4.9219280707299,4.965606108307294
T66,24000,72,1.0,1.0,1.0550475607580494,1.028204670221036,1.028204670221036,1.028204670221036,1.0416261154895428
T660,24000,60,1.0,1.0,0.4728418600004516,0.45225960071443116,0.45225960071443116,0.45225960071443116,0.45946339146453824
T660,24000,72,1.0,1.0,0.4789162329311505,0.47072568428881834,0.47072568428881834,0.47072568428881834,0.4735923763136344
T661,24000,60,1.0,1.0,0.6293329678347476,0.6377663917554519,0.6377663917554519,0.6377663917554519,0.6359002813435535
T661,24000,72,1.0,1.0,0.7061585592201511,0.7266350393366598,0.7266350393366598,0.7266350393366598,0.7221218683714458
T662,24000,60,1.0,1.0,0.38312755112275015,0.3788022721984631,0.3788022721984631,0.3788022721984631,0.3801431086649921
T662,24000,72,1.0,1.0,0.30281114288804595,0.2989391162096108,0.2989391162096108,0.2989391162096108,0.30013944447992563
T663,24000,60,1.0,1.0,0.5991056246639673,0.593673965393671,0.593673965393671,0.593673965393671,0.5953034631747599
T663,24000,72,1.0,1.0,0.5146815156962289,0.5014818492054939,0.5014818492054939,0.5014818492054939,0.5054417491527143
T664,24000,60,0.0,1.0,0.6599807895969183,0.6178032016991187,0.6599807895969183,0.6178032016991187,0.6297775362710241
T664,24000,72,0.0,1.0,0.5326168652514792,0.5296996519684081,0.5326168652514792,0.5296996519684081,0.5305270083513358
T665,24000,60,1.0,1.0,0.28867352732041024,0.279139124988779,0.279139124988779,0.279139124988779,0.2823315703697495
T665,24000,72,1.0,1.0,0.479328157412426,0.48222727641351393,0.48222727641351393,0.48222727641351393,0.4812528402191508
T666,24000,60,1.0,1.0,0.6617198267722891,0.678976516004118,0.678976516004118,0.678976516004118,0.6704275858986646
T666,24000,72,1.0,1.0,0.3824125127083785,0.3946044948377,0.3946044948377,0.3946044948377,0.3884909238044739
T667,24000,60,0.0,1.0,0.596212352398929,0.591263550554468,0.596212352398929,0.591263550554468,0.5929689354284454
T667,24000,72,0.0,1.0,0.5496609928482046,0.5477613077619767,0.5496609928482046,0.5477613077619767,0.5484169605772771
T668,24000,60,1.0,1.0,0.350905353344305,0.3364381847043205,0.3364381847043205,0.3364381847043205,0.34077833529631585
T668,24000,72,1.0,1.0,0.2232171578536105,0.21550123586355657,0.21550123586355657,0.21550123586355657,0.21781601246057275
T669,24000,60,1.0,1.0,1.088131026377193,1.1285422674205925,1.1285422674205925,1.1285422674205925,1.112765225532097
T669,24000,72,1.0,1.0,0.39697963870704883,0.39210023101338315,0.39210023101338315,0.39210023101338315,0.39399449032749057
T67,24000,60,0.0,1.0,0.725628773715258,0.7264197014783484,0.725628773715258,0.7264197014783484,0.7260242375968031
T67,24000,72,0.0,1.0,0.8338367584282066,0.8268488800403221,0.8338367584282066,0.8268488800403221,0.8303428192342643
T670,24000,60,1.0,1.0,0.5257034688267493,0.5439086261260581,0.5439086261260581,0.5439086261260581,0.5379720358052795
T670,24000,72,1.0,1.0,0.1651867435602961,0.162165779704773,0.162165779704773,0.162165779704773,0.1631298672156768
T671,24000,60,1.0,1.0,0.6895133069845911,0.6978890775755846,0.6978890775755846,0.6978890775755846,0.6937011922800879
T671,24000,72,1.0,1.0,0.522093365451862,0.5179038738166378,0.5179038738166378,0.5179038738166378,0.5199986196342499
T672,24000,60,0.2,1.0,0.3871680417802325,0.3875399597635117,0.387207156902223,0.3875399597635117,0.38732500254195645
T672,24000,72,0.2,1.0,0.3301096473189945,0.32661760855431055,0.32934684925774954,0.32661760855431055,0.3286228232348865
T673,24000,60,0.0,1.0,0.47149288669007244,0.49552336528345137,0.47149288669007244,0.49552336528345137,0.4889828788339255
T673,24000,72,0.0,1.0,0.3692135977238641,0.3283775340109647,0.3692135977238641,0.3283775340109647,0.33912270132111433
T674,24000,60,1.0,1.0,0.3900997624728834,0.37574579812448833,0.37574579812448833,0.37574579812448833,0.3793115653328917
T674,24000,72,1.0,1.0,0.47587212381742333,0.5027088686614296,0.5027088686614296,0.5027088686614296,0.49594483858214283
T675,24000,60,1.0,1.0,0.4766740668090011,0.47542908265202777,0.47542908265202777,0.47542908265202777,0.47567807948342244
T675,24000,72,1.0,1.0,0.4593172104390583,0.4588626995737956,0.4588626995737956,0.4588626995737956,0.4589536017468482
T676,24000,60,1.0,1.0,0.5651686012948357,0.5661445849705875,0.5661445849705875,0.5661445849705875,0.5658293130491836
T676,24000,72,1.0,1.0,0.6946804975007592,0.7517514455376078,0.7517514455376078,0.7517514455376078,0.7340246694055774
T677,24000,60,1.0,1.0,0.47353407249202073,0.4644165542645126,0.4644165542645126,0.4644165542645126,0.46669593382138974
T677,24000,72,1.0,1.0,0.4219928140547177,0.41704257502637726,0.41704257502637726,0.41704257502637726,0.4182801347834624
T678,24000,60,1.0,1.0,0.3601651682859641,0.34349169257002304,0.34349169257002304,0.34349169257002304,0.34599271392741415
T678,24000,72,1.0,1.0,0.3600075700435307,0.35406465815776417,0.35406465815776417,0.35406465815776417,0.35495609494062913
T679,24000,60,1.0,1.0,0.47770332218058364,0.4780297546656716,0.4780297546656716,0.4780297546656716,0.4779073160057573
T679,24000,72,1.0,1.0,0.56034894880978,0.5669916907306578,0.5669916907306578,0.5669916907306578,0.5647307699970523
T68,24000,60,0.0,1.0,0.3959744533125954,0.3764587743812777,0.3959744533125954,0.3764587743812777,0.3842650459538048
T68,24000,72,0.0,1.0,0.6056138148181524,0.6258967397731213,0.6056138148181524,0.6258967397731213,0.6177835697911338
T680,24000,60,1.0,1.0,0.3615117436082162,0.3583507389963172,0.3583507389963172,0.3583507389963172,0.3592120045760235
T680,24000,72,1.0,1.0,0.45837021831984476,0.4624787483040149,0.4624787483040149,0.4624787483040149,0.46130087425075017
T681,24000,60,1.0,1.0,0.3387451293696205,0.31531978921962256,0.31531978921962256,0.31531978921962256,0.32368720917487465
T681,24000,72,1.0,1.0,0.21673292057818583,0.21480740574759352,0.21480740574759352,0.21480740574759352,0.21545597066452932
T682,24000,60,1.0,1.0,0.46678782952644643,0.41540796714463984,0.41540796714463984,0.41540796714463984,0.4338969001693574
T682,24000,72,1.0,1.0,0.3963125756939137,0.38388532451776236,0.38388532451776236,0.38388532451776236,0.3883424949293336
T683,24000,60,1.0,1.0,0.5720517893050225,0.48811230004889405,0.48811230004889405,0.48811230004889405,0.517491121288539
T683,24000,72,1.0,1.0,0.18857029221779478,0.1829938996352774,0.1829938996352774,0.1829938996352774,0.1849456370391585
T684,24000,60,1.0,1.0,0.39439166411260124,0.2903225030199612,0.2903225030199612,0.2903225030199612,0.3165978852424734
T684,24000,72,1.0,1.0,0.21070690281963694,0.20482690852329807,0.20482690852329807,0.20482690852329807,0.2063167282529459
T685,24000,60,1.0,1.0,0.12461505166581946,0.11817139503637282,0.11817139503637282,0.11817139503637282,0.12116307143018346
T685,24000,72,1.0,1.0,0.22310918917024522,0.22428174615125454,0.22428174615125454,0.22428174615125454,0.22371681772615992
T686,24000,60,1.0,1.0,0.33102695974829854,0.2920654245358335,0.2920654245358335,0.2920654245358335,0.3018058083389497
T686,24000,72,1.0,1.0,0.14745760503780453,0.1462223864191358,0.1462223864191358,0.1462223864191358,0.14653119107380294
T687,24000,60,0.0,1.0,0.7658887123426309,0.761869960749493,0.7658887123426309,0.761869960749493,0.7625356571635507
T687,24000,72,0.0,1.0,0.42307066978329155,0.39601701984742665,0.42307066978329155,0.39601701984742665,0.4005512517481957
T688,24000,60,0.0,1.0,0.5029142633790412,0.49535556889705795,0.5029142633790412,0.49535556889705795,0.4978422852216798
T688,24000,72,0.0,1.0,0.42240736356297265,0.4084612485179579,0.42240736356297265,0.4084612485179579,0.41319708300042646
T689,24000,60,1.0,1.0,0.6759550519321108,0.6689170371697554,0.6689170371697554,0.6689170371697554,0.6709553196723818
T689,24000,72,1.0,1.0,0.7329460802603482,0.7324631288084896,0.7324631288084896,0.7324631288084896,0.7326011210404926
T69,24000,60,0.0,1.0,0.5441574682769507,0.5424157878508125,0.5441574682769507,0.5424157878508125,0.5426006419771392
T69,24000,72,0.0,1.0,0.5405067786269727,0.5375689100736936,0.5405067786269727,0.5375689100736936,0.5378907723860583
T690,24000,60,1.0,1.0,0.5160431772256023,0.5140824007893875,0.5140824007893875,0.5140824007893875,0.5153078860620217
T690,24000,72,1.0,1.0,1.045423834856264,1.0492444352948884,1.0492444352948884,1.0492444352948884,1.0468565600207482
T691,24000,60,0.8,1.0,0.5881551238812935,0.5835155667493954,0.5843085182556677,0.5835155667493954,0.5844434781757751
T691,24000,72,0.8,1.0,0.4797026092449016,0.4818310590880555,0.4813838916467976,0.4818310590880555,0.4814053691194246
T692,24000,60,1.0,1.0,0.6641391128077869,0.6752046209882656,0.6752046209882656,0.6752046209882656,0.6723780470387424
T692,24000,72,1.0,1.0,0.8300877404846919,0.7948281336117964,0.7948281336117964,0.7948281336117964,0.8037859053733254
T693,24000,60,0.0,1.0,0.8892626476121884,0.8702945561391928,0.8892626476121884,0.8702945561391928,0.8751201671109337
T693,24000,72,0.0,1.0,0.6024457578496399,0.606068410193632,0.6024457578496399,0.606068410193632,0.6051127063183842
T694,24000,60,1.0,1.0,0.651815523362493,0.6426481016787113,0.6426481016787113,0.6426481016787113,0.64615665372276
T694,24000,72,1.0,1.0,2.208036754289764,2.2482463435418647,2.2482463435418647,2.2482463435418647,2.2326588936079146
T695,24000,60,0.0,1.0,0.5993463690252965,0.5585689710787178,0.5993463690252965,0.5585689710787178,0.5705961264252879
T695,24000,72,0.0,1.0,0.5965475510877221,0.553477101176249,0.5965475510877221,0.553477101176249,0.5661718816758265
T696,24000,60,1.0,1.0,0.37887345150698826,0.3571124875545083,0.3571124875545083,0.3571124875545083,0.3636407767402524
T696,24000,72,1.0,1.0,0.3120153824862067,0.3033864478089201,0.3033864478089201,0.3033864478089201,0.3059751282121061
T697,24000,60,1.0,1.0,0.4357293847487084,0.4335344078877304,0.4335344078877304,0.4335344078877304,0.4342584137619335
T697,24000,72,1.0,1.0,0.6272922521235481,0.6250398621731307,0.6250398621731307,0.6250398621731307,0.6257880455993288
T698,24000,60,1.0,1.0,0.608209215774809,0.6009981203389263,0.6009981203389263,0.6009981203389263,0.602800894197897
T698,24000,72,1.0,1.0,0.3913751701022223,0.386403910695111,0.386403910695111,0.386403910695111,0.38764672554688884
T699,24000,60,1.0,1.0,0.26224690355466607,0.2608642303142439,0.2608642303142439,0.2608642303142439,0.26148643327243387
T699,24000,72,1.0,1.0,0.39168890735901063,0.39047032120415637,0.39047032120415637,0.39047032120415637,0.39101868497384074
T7,24000,60,0.4,1.0,0.5108917598639338,0.5033843789063127,0.5078888074808854,0.5033843789063127,0.5051486134313538
T7,24000,72,0.4,1.0,0.6998602142682833,0.7014317708074241,0.7003229742568243,0.7014317708074241,0.7010559477411101
T70,24000,60,1.0,1.0,1.880879009396923,1.885842349027721,1.885842349027721,1.885842349027721,1.8850169585544332
T70,24000,72,1.0,1.0,0.8070217905245607,0.8057200497420662,0.8057200497420662,0.8057200497420662,0.8059228123530844
T700,24000,60,1.0,1.0,0.5242620875206552,0.5256852987473224,0.5256852987473224,0.5256852987473224,0.5253842434680802
T700,24000,72,1.0,1.0,0.6330890710120873,0.6284691109063164,0.6284691109063164,0.6284691109063164,0.6293661405001829
T701,24000,60,1.0,1.0,0.9240866811572694,0.9106434485532353,0.9106434485532353,0.9106434485532353,0.9148804134755961
T701,24000,72,1.0,1.0,0.8448401530823157,0.8355140865593367,0.8355140865593367,0.8355140865593367,0.8384538138239414
T702,24000,60,0.0,1.0,0.6378339874466152,0.6522453226733494,0.6378339874466152,0.6522453226733494,0.6485610212217566
T702,24000,72,0.0,1.0,0.5469525856885492,0.5507677260806767,0.5469525856885492,0.5507677260806767,0.5497851981459956
T703,24000,60,0.0,1.0,2.928554338123923,2.935326602467927,2.928554338123923,2.935326602467927,2.933056657441047
T703,24000,72,0.0,1.0,0.6905741790418213,0.6903222036949671,0.6905741790418213,0.6903222036949671,0.6903856613626573
T704,24000,60,0.0,1.0,0.615955266772722,0.6223434630867167,0.615955266772722,0.6223434630867167,0.6206928017599873
T704,24000,72,0.0,1.0,0.4719296802306462,0.4789952316568788,0.4719296802306462,0.4789952316568788,0.4771490782915138
T705,24000,60,1.0,1.0,0.2383659756675231,0.22124993736774906,0.22124993736774906,0.22124993736774906,0.2287314752021123
T705,24000,72,1.0,1.0,0.3304474088843096,0.2912245268572514,0.2912245268572514,0.2912245268572514,0.30844408658822503
T706,24000,60,1.0,1.0,0.36714210565082483,0.34463531827174143,0.34463531827174143,0.34463531827174143,0.35026201511651234
T706,24000,72,1.0,1.0,0.24877200950942574,0.24453499874041346,0.24453499874041346,0.24453499874041346,0.24559425143266655
T707,24000,60,1.0,1.0,0.28954943598481686,0.2978652682784028,0.2978652682784028,0.2978652682784028,0.29620210181968565
T707,24000,72,1.0,1.0,0.3395189958823959,0.3096996572840967,0.3096996572840967,0.3096996572840967,0.31566352500375655
T708,24000,60,1.0,1.0,0.28486306644773723,0.284434487565051,0.284434487565051,0.284434487565051,0.28454163228572255
T708,24000,72,1.0,1.0,0.7203761547639592,0.7201866185650952,0.7201866185650952,0.7201866185650952,0.7202340026148114
T709,24000,60,0.0,1.0,0.5569115075244798,0.5626334647089373,0.5569115075244798,0.5626334647089373,0.5601415533797292
T709,24000,72,0.0,1.0,0.3381411678690653,0.3435186797043599,0.3381411678690653,0.3435186797043599,0.3411751049454817
T71,24000,60,1.0,1.0,0.3687589522843206,0.3709424999167214,0.3709424999167214,0.3709424999167214,0.37022821607178197
T71,24000,72,1.0,1.0,0.4016095246149616,0.3881238525050879,0.3881238525050879,0.3881238525050879,0.3922790260339434
T710,24000,60,0.1,1.0,0.30542952004049406,0.3260576263454906,0.30705506569213586,0.3260576263454906,0.3192643049852318
T710,24000,72,0.1,1.0,0.31982221171526376,0.3027536558608089,0.3179239378857553,0.3027536558608089,0.30825834449630596
T711,24000,60,0.1,1.0,0.8153287014325289,0.8117686625924552,0.8149571160833842,0.8117686625924552,0.8129037517360258
T711,24000,72,0.1,1.0,0.42375232623223785,0.40018277765637117,0.42083310670312946,0.40018277765637117,0.4075604662575653
T712,24000,60,0.0,1.0,0.4788602491470837,0.46959482404085506,0.4788602491470837,0.46959482404085506,0.47199143373487396
T712,24000,72,0.0,1.0,0.41546226352892307,0.40214539429560353,0.41546226352892307,0.40214539429560353,0.4056060567477351
T713,24000,60,1.0,1.0,0.5638541971478035,0.560381728588288,0.560381728588288,0.560381728588288,0.5617808437435697
T713,24000,72,1.0,1.0,0.6951714612570133,0.6991450787405682,0.6991450787405682,0.6991450787405682,0.6975266235423365
T714,24000,60,1.0,1.0,0.5882928805443953,0.5865555255481751,0.5865555255481751,0.5865555255481751,0.5869029965474191
T714,24000,72,1.0,1.0,0.7609524370759453,0.7628951393283789,0.7628951393283789,0.7628951393283789,0.7625065988778921
T715,24000,60,0.0,1.0,0.5380705780962924,0.53965285542526,0.5380705780962924,0.53965285542526,0.5394502488394959
T715,24000,72,0.0,1.0,0.5321339654048345,0.5321886392761394,0.5321339654048345,0.5321886392761394,0.5321797794124461
T716,24000,60,1.0,1.0,0.5939916745517297,0.5969174620120193,0.5969174620120193,0.5969174620120193,0.5961704096984259
T716,24000,72,1.0,1.0,0.4520721010957227,0.44898688291494365,0.44898688291494365,0.44898688291494365,0.4497468457677227
T717,24000,60,0.2,1.0,0.7105798991588222,0.706361314561974,0.7094866604147826,0.706361314561974,0.70717712838216
T717,24000,72,0.2,1.0,2.696166157056596,2.7501520974120424,2.706043319391992,2.7501520974120424,2.7395977376733396
T718,24000,60,0.0,1.0,0.6267708396611791,0.5674806882010469,0.6267708396611791,0.5674806882010469,0.582888606044198
T718,24000,72,0.0,1.0,0.5535852940956827,0.5284333939372783,0.5535852940956827,0.5284333939372783,0.5349344176068004
T719,24000,60,1.0,1.0,0.4550213736756855,0.4093838844651348,0.4093838844651348,0.4093838844651348,0.41777909761940546
T719,24000,72,1.0,1.0,0.3869728733178315,0.3766480171276054,0.3766480171276054,0.3766480171276054,0.378548147126716
T72,24000,60,1.0,1.0,0.6469021245911314,0.6410471944035493,0.6410471944035493,0.6410471944035493,0.6439746594973402
T72,24000,72,1.0,1.0,0.5356331820637693,0.53867663370813,0.53867663370813,0.53867663370813,0.5371549078859497
T720,24000,60,0.0,1.0,0.5436632498658154,0.5512399179866256,0.5436632498658154,0.5512399179866256,0.5499029123068149
T720,24000,72,0.0,1.0,0.6156525879324415,0.6185852140589624,0.6156525879324415,0.6185852140589624,0.6180673351234435
T721,24000,60,1.0,1.0,0.4723644600239982,0.4756787298469641,0.4756787298469641,0.4756787298469641,0.47482204158170205
T721,24000,72,1.0,1.0,0.33308749434361895,0.32147726443806707,0.32147726443806707,0.32147726443806707,0.3244274530936642
T722,24000,60,1.0,1.0,0.20291528885186022,0.18966199806495765,0.18966199806495765,0.18966199806495765,0.19237233325916908
T722,24000,72,1.0,1.0,0.29949659837464276,0.29657865518890597,0.29657865518890597,0.29657865518890597,0.29717462150311535
T723,24000,60,1.0,1.0,0.5629056921201768,0.5619133958085287,0.5619133958085287,0.5619133958085287,0.5622110847020231
T723,24000,72,1.0,1.0,0.6075366388699969,0.583936529255494,0.583936529255494,0.583936529255494,0.5910165621398449
T724,24000,60,0.0,1.0,0.36252618646525836,0.35961127374029034,0.36252618646525836,0.35961127374029034,0.3609758997645499
T724,24000,72,0.0,1.0,0.6211549224166768,0.6033737376617155,0.6211549224166768,0.6033737376617155,0.6118090870202608
T725,24000,60,1.0,1.0,0.4987731710084122,0.44761720780555336,0.44761720780555336,0.44761720780555336,0.4630709950165125
T725,24000,72,1.0,1.0,0.2664948879342846,0.2596588462059456,0.2596588462059456,0.2596588462059456,0.2616344977093785
T726,24000,60,1.0,1.0,0.30627036539885366,0.3055580313525412,0.3055580313525412,0.3055580313525412,0.3057476503396221
T726,24000,72,1.0,1.0,0.24852751594063563,0.24781720070956065,0.24781720070956065,0.24781720070956065,0.2480130529214739
T727,24000,60,1.0,1.0,0.3194604312738809,0.3191674304986589,0.3191674304986589,0.3191674304986589,0.31923725225324223
T727,24000,72,1.0,1.0,0.35607626547280674,0.3599430638238055,0.3599430638238055,0.3599430638238055,0.35871833227928657
T728,24000,60,1.0,1.0,0.33380181517965113,0.3317742605207761,0.3317742605207761,0.3317742605207761,0.33218154836184666
T728,24000,72,1.0,1.0,0.7090783560747801,0.7150099079494984,0.7150099079494984,0.7150099079494984,0.7137897310732586
T729,24000,60,0.0,1.0,0.671531907876185,0.6833277343963136,0.671531907876185,0.6833277343963136,0.677739296637786
T729,24000,72,0.0,1.0,0.40895510270333174,0.4146434591490444,0.40895510270333174,0.4146434591490444,0.411930062525644
T73,24000,60,1.0,1.0,0.8914057355113048,0.8867286169561979,0.8867286169561979,0.8867286169561979,0.8881317525227299
T73,24000,72,1.0,1.0,1.112752003126871,1.162015440061139,1.162015440061139,1.162015440061139,1.1472364089808589
T730,24000,60,1.0,1.0,0.3299371904157374,0.36256840810837465,0.36256840810837465,0.36256840810837465,0.3532552928902792
T730,24000,72,1.0,1.0,0.24915740930509803,0.2525443714762746,0.2525443714762746,0.2525443714762746,0.25147040387828656
T731,24000,60,1.0,1.0,0.4780620951119018,0.4615304895602785,0.4615304895602785,0.4615304895602785,0.46829780620025974
T731,24000,72,1.0,1.0,0.8793071614740381,0.8615491106141344,0.8615491106141344,0.8615491106141344,0.868808590181809
T732,24000,60,0.3,1.0,0.29526596656458565,0.2917752112179819,0.29327776955557733,0.2917752112179819,0.2921242867526423
T732,24000,72,0.3,1.0,0.20961703213883687,0.19901439338270482,0.20636743509105987,0.19901439338270482,0.200074657258318
T733,24000,60,1.0,1.0,0.2403991706995909,0.2275682525553181,0.2275682525553181,0.2275682525553181,0.23005548128093922
T733,24000,72,1.0,1.0,0.2832633253985816,0.2606890123308232,0.2606890123308232,0.2606890123308232,0.26497268861163564
T734,24000,60,0.0,1.0,1.2029061408416917,1.2739308861129548,1.2029061408416917,1.2739308861129548,1.2380329297002652
T734,24000,72,0.0,1.0,0.8040696939336633,0.764290181309454,0.8040696939336633,0.764290181309454,0.7843427715289861
T735,24000,60,1.0,1.0,0.5308536284048674,0.5245792357962842,0.5245792357962842,0.5245792357962842,0.5269609967984326
T735,24000,72,1.0,1.0,0.7683905788396896,0.7697059663421286,0.7697059663421286,0.7697059663421286,0.7691989685597483
T736,24000,60,1.0,1.0,0.4825792034958287,0.456869179466415,0.456869179466415,0.456869179466415,0.4710096926825925
T736,24000,72,1.0,1.0,1.0237303317941715,0.9702475999416871,0.9702475999416871,0.9702475999416871,0.9996631024605536
T737,24000,60,0.8,1.0,0.583343686921343,0.5762483205568141,0.5775544171785782,0.5762483205568141,0.5773126255114935
T737,24000,72,0.8,1.0,0.7574583359574707,0.7128103728699208,0.7216777011235463,0.7128103728699208,0.7195075673330533
T738,24000,60,1.0,1.0,0.5637502380366985,0.5554021939392556,0.5554021939392556,0.5554021939392556,0.5574414527082595
T738,24000,72,1.0,1.0,0.7275411027203824,0.7277521261674285,0.7277521261674285,0.7277521261674285,0.7276950136646276
T739,24000,60,0.0,1.0,0.5557306622573368,0.5690490359496033,0.5557306622573368,0.5690490359496033,0.5646773206832546
T739,24000,72,0.0,1.0,0.7905885322315684,0.7808671564639381,0.7905885322315684,0.7808671564639381,0.7839921749040669
T74,24000,60,1.0,1.0,0.8239293485155482,0.8283641936228363,0.8283641936228363,0.8283641936228363,0.8270798137731743
T74,24000,72,1.0,1.0,0.6061583786133748,0.5964631508467407,0.5964631508467407,0.5964631508467407,0.5992043264709548
T740,24000,60,1.0,1.0,0.5538074692176738,0.5607668420577007,0.5607668420577007,0.5607668420577007,0.5586790302056927
T740,24000,72,1.0,1.0,0.47909503015552324,0.47910397524554194,0.47910397524554194,0.47910397524554194,0.47910129171853627
T741,24000,60,1.0,1.0,0.6968586219005168,0.7106390375611236,0.7106390375611236,0.7106390375611236,0.7074446364958472
T741,24000,72,1.0,1.0,0.8694017103589914,0.8656028837418034,0.8656028837418034,0.8656028837418034,0.8664231624425494
T742,24000,60,0.0,1.0,0.47674156720000016,0.4713678571531465,0.47674156720000016,0.4713678571531465,0.47271128466485973
T742,24000,72,0.0,1.0,1.3385234724420132,1.331785520999539,1.3385234724420132,1.331785520999539,1.3334700088601577
T743,24000,60,0.0,1.0,0.913335754805653,0.8445512284809608,0.913335754805653,0.8445512284809608,0.870936713617693
T743,24000,72,0.0,1.0,0.6372689716496862,0.6426726915967079,0.6372689716496862,0.6426726915967079,0.6405016550451232
T744,24000,60,0.0,1.0,0.9348650085950313,0.8665719997218162,0.9348650085950313,0.8665719997218162,0.8928410146401827
T744,24000,72,0.0,1.0,0.3367583692002552,0.31047079615581746,0.3367583692002552,0.31047079615581746,0.3205622485717251
T745,24000,60,0.9,1.0,0.5582373381613053,0.5431432704928482,0.5445957029923236,0.5431432704928482,0.5499356009436539
T745,24000,72,0.9,1.0,0.8594224609692066,0.876898754618047,0.8748383328946178,0.876898754618047,0.8690344224760688
T746,24000,60,1.0,1.0,0.2927909075607297,0.28847742886248595,0.28847742886248595,0.28847742886248595,0.28892320805132055
T746,24000,72,1.0,1.0,0.45283728837428183,0.4448996500402549,0.4448996500402549,0.4448996500402549,0.4457297076032578
T747,24000,60,0.0,1.0,0.3500183934522005,0.3290535822358768,0.3500183934522005,0.3290535822358768,0.3359340320339886
T747,24000,72,0.0,1.0,0.7176836235976075,0.6458584435006923,0.7176836235976075,0.6458584435006923,0.669527668231016
T748,24000,60,0.7,1.0,1.1244977747436697,1.1455165284336077,1.1384947244261583,1.1455165284336077,1.1361798417757905
T748,24000,72,0.7,1.0,0.6185416459360961,0.6045420227494739,0.6085510634531012,0.6045420227494739,0.6106764107846063
T749,24000,60,1.0,1.0,0.38609500568233035,0.37735982196417267,0.37735982196417267,0.37735982196417267,0.37910685870780414
T749,24000,72,1.0,1.0,0.5270887089338585,0.524507134785034,0.524507134785034,0.524507134785034,0.525023449614799
T75,24000,60,0.0,1.0,0.6338073116695535,0.6384697568380744,0.6338073116695535,0.6384697568380744,0.6367839900250211
T75,24000,72,0.0,1.0,0.36576094663130915,0.32884662887133803,0.36576094663130915,0.32884662887133803,0.34209983677908734
T750,24000,60,1.0,1.0,0.5413139962202119,0.5342762922073545,0.5342762922073545,0.5342762922073545,0.5369406306655604
T750,24000,72,1.0,1.0,0.7354252999785849,0.7376878680658713,0.7376878680658713,0.7376878680658713,0.7368105330769438
T751,24000,60,1.0,1.0,0.7578968774949958,0.7443894388975346,0.7443894388975346,0.7443894388975346,0.749319653985608
T751,24000,72,1.0,1.0,0.5468449333389368,0.546022626352401,0.546022626352401,0.546022626352401,0.5463007207191095
T752,24000,60,1.0,1.0,0.29029555484588115,0.280658459240301,0.280658459240301,0.280658459240301,0.2835908218723216
T752,24000,72,1.0,1.0,0.28822347192383646,0.3027158383737395,0.3027158383737395,0.3027158383737395,0.2982830478673104
T753,24000,60,0.0,1.0,0.37370695725223685,0.3709136278590353,0.37370695725223685,0.3709136278590353,0.3719671507427348
T753,24000,72,0.0,1.0,1.2834077110091109,1.2798279303990858,1.2834077110091109,1.2798279303990858,1.2811368938102847
T754,24000,60,0.0,1.0,0.3735422671211166,0.38249600589664146,0.3735422671211166,0.38249600589664146,0.3791770305027441
T754,24000,72,0.0,1.0,0.3118192358289021,0.2876763459534684,0.3118192358289021,0.2876763459534684,0.29659086208885127
T755,24000,60,0.0,1.0,0.6704531227946527,0.6507267428663502,0.6704531227946527,0.6507267428663502,0.6555560572317413
T755,24000,72,0.0,1.0,0.4758935686310942,0.4702658109787475,0.4758935686310942,0.4702658109787475,0.47164133413317594
T756,24000,60,1.0,1.0,0.5919687103564959,0.5992256433780899,0.5992256433780899,0.5992256433780899,0.597774256773771
T756,24000,72,1.0,1.0,0.8419497379636125,0.8402951265747849,0.8402951265747849,0.8402951265747849,0.8406260488525505
T757,24000,60,0.0,1.0,0.32082393456345115,0.31350333258565805,0.32082393456345115,0.31350333258565805,0.3146014228823271
T757,24000,72,0.0,1.0,0.48328287429740796,0.46496518192541314,0.48328287429740796,0.46496518192541314,0.46771283578121225
T758,24000,60,0.0,1.0,1.2861583133926435,1.3018956356378117,1.2861583133926435,1.3018956356378117,1.2987481711887783
T758,24000,72,0.0,1.0,1.6321515523633843,1.514952690997309,1.6321515523633843,1.514952690997309,1.538392463270524
T759,24000,60,1.0,1.0,0.3858124644015042,0.3535955135670836,0.3535955135670836,0.3535955135670836,0.36508535288477917
T759,24000,72,1.0,1.0,0.723436971528074,0.7254823634572819,0.7254823634572819,0.7254823634572819,0.7247256170434168
T76,24000,60,0.9,1.0,0.7209490740015606,0.72221770724411,0.7219577845697323,0.72221770724411,0.7218371172713451
T76,24000,72,0.9,1.0,0.529437018073361,0.5181094398198769,0.5191721631955935,0.5181094398198769,0.5215077132959222
T760,24000,60,1.0,1.0,0.5022764028081858,0.44427997121128815,0.44427997121128815,0.44427997121128815,0.4636835584508788
T760,24000,72,1.0,1.0,0.23201100860831217,0.21799985637850416,0.21799985637850416,0.21799985637850416,0.22252371110238753
T761,24000,60,1.0,1.0,0.3874201019991651,0.3758806953254257,0.3758806953254257,0.3758806953254257,0.37909138971610445
T761,24000,72,1.0,1.0,0.5120046909346673,0.39688924158864974,0.39688924158864974,0.39688924158864974,0.4282452988751701
T762,24000,60,1.0,1.0,0.41313996861198493,0.40985002196431464,0.40985002196431464,0.40985002196431464,0.4109819583866935
T762,24000,72,1.0,1.0,0.7301498397436789,0.700552955585803,0.700552955585803,0.700552955585803,0.7107409277122229
T763,24000,60,1.0,1.0,0.7978971944890072,0.8052337308816093,0.8052337308816093,0.8052337308816093,0.8037664236030888
T763,24000,72,1.0,1.0,0.37134089151174493,0.3581611505574429,0.3581611505574429,0.3581611505574429,0.36079709874830335
T764,24000,60,1.0,1.0,0.4588477882956482,0.45481550451805014,0.45481550451805014,0.45481550451805014,0.4564361150023671
T764,24000,72,1.0,1.0,0.2595996440448366,0.2567418304592882,0.2567418304592882,0.2567418304592882,0.2578953395673607
T765,24000,60,1.0,1.0,0.4879899807066325,0.46358667645699425,0.46358667645699425,0.46358667645699425,0.4745681633693316
T765,24000,72,1.0,1.0,0.36007549048634285,0.3727307288004423,0.3727307288004423,0.3727307288004423,0.3670358715590975
T766,24000,60,1.0,1.0,0.6121773840033934,0.5697024503301047,0.5697024503301047,0.5697024503301047,0.5871142838986778
T766,24000,72,1.0,1.0,0.315975081238412,0.31551762574296427,0.31551762574296427,0.31551762574296427,0.31570316717975466
T767,24000,60,1.0,1.0,0.28709201891788905,0.27831402692359175,0.27831402692359175,0.27831402692359175,0.27994966263914023
T767,24000,72,1.0,1.0,0.27470737755263663,0.27224141866345797,0.27224141866345797,0.27224141866345797,0.27270866640818875
T77,24000,60,1.0,1.0,0.7219938601250135,0.7076236753202407,0.7076236753202407,0.7076236753202407,0.7125659986615912
T77,24000,72,1.0,1.0,0.8453696338755518,0.8468677449946402,0.8468677449946402,0.8468677449946402,0.8463369391824267
T78,24000,60,1.0,1.0,0.37123712002763326,0.3617022197259272,0.3617022197259272,0.3617022197259272,0.36351062165991965
T78,24000,72,1.0,1.0,0.5087068916725197,0.5082269726107379,0.5082269726107379,0.5082269726107379,0.5083093491258242
T79,24000,60,1.0,1.0,0.6236250671863292,0.6140500987126406,0.6140500987126406,0.6140500987126406,0.6175513733051364
T79,24000,72,1.0,1.0,0.8333058514307099,0.8392784647051361,0.8392784647051361,0.8392784647051361,0.8370630142154921
T8,24000,60,0.0,1.0,0.6704890456514006,0.6752550198307402,0.6704890456514006,0.6752550198307402,0.673457894395304
T8,24000,72,0.0,1.0,1.0836943861811519,1.1242736028593012,1.0836943861811519,1.1242736028593012,1.1090277793296583
T80,24000,60,1.0,1.0,0.8285198538565667,0.8319327331297676,0.8319327331297676,0.8319327331297676,0.8304239273074921
T80,24000,72,1.0,1.0,0.673339943902437,0.6732774748258701,0.6732774748258701,0.6732774748258701,0.673300123596163
T81,24000,60,0.0,1.0,0.8913282937063779,0.8721003733209923,0.8913282937063779,0.8721003733209923,0.8764221013549907
T81,24000,72,0.0,1.0,0.9006124613481227,0.8987316094380876,0.9006124613481227,0.8987316094380876,0.8991315012956658
T82,24000,60,0.0,1.0,0.7957151244632937,0.8197035247669274,0.7957151244632937,0.8197035247669274,0.812236768398636
T82,24000,72,0.0,1.0,0.6202064525360815,0.5969803473466831,0.6202064525360815,0.5969803473466831,0.6041789453479854
T83,24000,60,1.0,1.0,0.7930310893552373,0.7942346217750945,0.7942346217750945,0.7942346217750945,0.7938133854281445
T83,24000,72,1.0,1.0,0.7023775399744593,0.6952021078720786,0.6952021078720786,0.6952021078720786,0.697713509107912
T84,24000,60,1.0,1.0,0.9490993926782181,0.9126392982603999,0.9126392982603999,0.9126392982603999,0.9224652819041701
T84,24000,72,1.0,1.0,0.6374414927715445,0.6353892065484357,0.6353892065484357,0.6353892065484357,0.6359179493925233
T85,24000,60,1.0,1.0,1.5446461988682463,1.564316297223301,1.564316297223301,1.564316297223301,1.56038227755229
T85,24000,72,1.0,1.0,1.340356277149653,1.3167327406886205,1.3167327406886205,1.3167327406886205,1.321457447980827
T86,24000,60,1.0,1.0,0.7780712058122121,0.7371886107126416,0.7371886107126416,0.7371886107126416,0.7478021255783643
T86,24000,72,1.0,1.0,0.7230278138785147,0.7280847250201157,0.7280847250201157,0.7280847250201157,0.7267463129055034
T87,24000,60,1.0,1.0,0.39510811996124856,0.3742027834460117,0.3742027834460117,0.3742027834460117,0.38015608065388
T87,24000,72,1.0,1.0,0.515074127986791,0.5122314534115144,0.5122314534115144,0.5122314534115144,0.5130407386292638
T88,24000,60,1.0,1.0,0.9577442366596821,0.9430477204451784,0.9430477204451784,0.9430477204451784,0.9472173677923138
T88,24000,72,1.0,1.0,0.6894216099587038,0.6749811740692649,0.6749811740692649,0.6749811740692649,0.6790875802862923
T89,24000,60,0.3,1.0,0.4544355682019542,0.43812951774074177,0.4481807638349423,0.43812951774074177,0.442257077833608
T89,24000,72,0.3,1.0,0.47801328732493176,0.46483059731628446,0.4737879934712458,0.46483059731628446,0.4681890660213792
T9,24000,60,1.0,1.0,0.8536544762505024,0.8541993346408198,0.8541993346408198,0.8541993346408198,0.8539776701762196
T9,24000,72,1.0,1.0,0.4898687581508179,0.48855123015034635,0.48855123015034635,0.48855123015034635,0.4889271196037431
T90,24000,60,0.0,1.0,0.5231575852266886,0.49025150672370477,0.5231575852266886,0.49025150672370477,0.4987918174139175
T90,24000,72,0.0,1.0,0.5286596161887416,0.5262909108797137,0.5286596161887416,0.5262909108797137,0.526835148485634
T91,24000,60,0.0,1.0,0.8859118902287496,0.8544356989930866,0.8859118902287496,0.8544356989930866,0.8626195087143589
T91,24000,72,0.0,1.0,0.6007980061678693,0.5897371652147965,0.6007980061678693,0.5897371652147965,0.5925758523422162
T92,24000,60,0.0,1.0,0.9306804719362229,0.8569843191155235,0.9306804719362229,0.8569843191155235,0.8901048473543351
T92,24000,72,0.0,1.0,0.5009496748729915,0.48075114818725284,0.5009496748729915,0.48075114818725284,0.48977509476722236
T93,24000,60,0.0,1.0,0.4271267824179598,0.42632115950899,0.4271267824179598,0.42632115950899,0.42651077533458864
T93,24000,72,0.0,1.0,0.6017571806453014,0.5926174572141661,0.6017571806453014,0.5926174572141661,0.5952467679650633
T94,24000,60,0.0,1.0,0.8306845148372527,0.8295753374547488,0.8306845148372527,0.8295753374547488,0.8298622119390938
T94,24000,72,0.0,1.0,0.8309412897655452,0.8141293457403672,0.8309412897655452,0.8141293457403672,0.8189944301549197
T95,24000,60,0.4,1.0,0.8180729418497579,0.8114902689235344,0.8140083795883627,0.8114902689235344,0.8137942044477127
T95,24000,72,0.4,1.0,0.43914631909024027,0.45185205437760606,0.4431289596878661,0.45185205437760606,0.447405047027028
T96,24000,60,1.0,1.0,0.6361929115453071,0.6181676586406891,0.6181676586406891,0.6181676586406891,0.6253777598025363
T96,24000,72,1.0,1.0,0.5205792200140261,0.5199727594496778,0.5199727594496778,0.5199727594496778,0.5202153436754171
T97,24000,60,1.0,1.0,0.2786376649839039,0.2840704468482238,0.2840704468482238,0.2840704468482238,0.2816498941509121
T97,24000,72,1.0,1.0,0.42532566077670125,0.40007761689420773,0.40007761689420773,0.40007761689420773,0.4113097976889362
T98,24000,60,1.0,1.0,0.42527174971825366,0.4187342574143929,0.4187342574143929,0.4187342574143929,0.4203686304903581
T98,24000,72,1.0,1.0,0.35438698431277055,0.3198193292026146,0.3198193292026146,0.3198193292026146,0.32846124298015356
T99,24000,60,1.0,1.0,0.3737222569879392,0.3646798081190289,0.3646798081190289,0.3646798081190289,0.36820370234490113
T99,24000,72,1.0,1.0,0.5384675027805145,0.536666046098308,0.536666046098308,0.536666046098308,0.5373666106669834
T1,24001,60,1.0,1.0,0.31770522471109114,0.29732217129133826,0.29732217129133826,0.29732217129133826,0.3020868503445408
T1,24001,72,1.0,1.0,0.3071279370299408,0.2992622732774311,0.2992622732774311,0.2992622732774311,0.30109118707458654
T10,24001,60,1.0,1.0,0.5559596909362261,0.5568231002089209,0.5568231002089209,0.5568231002089209,0.5564491680749354
T10,24001,72,1.0,1.0,0.586162410913578,0.5923237267098994,0.5923237267098994,0.5923237267098994,0.5896222442019673
T100,24001,60,0.0,1.0,0.6796026962394602,0.6561617498095282,0.6796026962394602,0.6561617498095282,0.6614331275393763
T100,24001,72,0.0,1.0,0.7951304383342128,0.7989459506362422,0.7951304383342128,0.7989459506362422,0.7980823781312913
T101,24001,60,1.0,1.0,0.37549741777621465,0.36228941991821295,0.36228941991821295,0.36228941991821295,0.3663776278410912
T101,24001,72,1.0,1.0,0.6819654829547052,0.667110165575324,0.667110165575324,0.667110165575324,0.6717840668422002
T102,24001,60,1.0,1.0,0.12322622089089261,0.12491149087939163,0.12491149087939163,0.12491149087939163,0.12428152702587628
T102,24001,72,1.0,1.0,0.17374599571627447,0.16198588809191075,0.16198588809191075,0.16198588809191075,0.1663208024798997
T103,24001,60,1.0,1.0,0.8930658546385885,0.8871229981372373,0.8871229981372373,0.8871229981372373,0.8890724730956959
T103,24001,72,1.0,1.0,0.5854674864885007,0.5759473373582137,0.5759473373582137,0.5759473373582137,0.5790753967156439
T104,24001,60,1.0,1.0,0.5772136489950861,0.5652904589918322,0.5652904589918322,0.5652904589918322,0.5711205960479593
T104,24001,72,1.0,1.0,0.42903754770495395,0.4101733114856676,0.4101733114856676,0.4101733114856676,0.4193972648294187
T105,24001,60,1.0,1.0,0.731060496320931,0.7361196103944615,0.7361196103944615,0.7361196103944615,0.7353607432834318
T105,24001,72,1.0,1.0,0.6288625670913612,0.6205845301569274,0.6205845301569274,0.6205845301569274,0.6218262356970924
T106,24001,60,1.0,1.0,1.2709696708854132,1.2500207394259257,1.2500207394259257,1.2500207394259257,1.2574358720396335
T106,24001,72,1.0,1.0,0.7519925892419171,0.7482205396886362,0.7482205396886362,0.7482205396886362,0.749540118039531
T107,24001,60,1.0,1.0,1.4031521243510465,1.3978477913131746,1.3978477913131746,1.3978477913131746,1.399439091224536
T107,24001,72,1.0,1.0,0.9492928033046819,0.9422114229427411,0.9422114229427411,0.9422114229427411,0.9443358370513234
T108,24001,60,1.0,1.0,0.7356417091205847,0.7388763865231697,0.7388763865231697,0.7388763865231697,0.737707977565807
T108,24001,72,1.0,1.0,0.41847542162419243,0.37913997773479724,0.37913997773479724,0.37913997773479724,0.39281638706584737
T109,24001,60,1.0,1.0,0.5376860409601071,0.5364394938682641,0.5364394938682641,0.5364394938682641,0.5368446231241577
T109,24001,72,1.0,1.0,0.8432905480310455,0.8307961293070478,0.8307961293070478,0.8307961293070478,0.8350224137246635
T11,24001,60,1.0,1.0,0.6016901571312936,0.6044201884089614,0.6044201884089614,0.6044201884089614,0.6039157315612025
T11,24001,72,1.0,1.0,0.7103541144104054,0.7221206617634434,0.7221206617634434,0.7221206617634434,0.7199752295329029
T110,24001,60,0.1,1.0,0.43553024920238154,0.4340567037247014,0.43532397897243397,0.4340567037247014,0.4346281821803915
T110,24001,72,0.1,1.0,0.38298711158562376,0.36781955061194577,0.3813985542533658,0.36781955061194577,0.37372880371613515
T111,24001,60,0.9,1.0,0.7863098761395667,0.7494969217580953,0.7527221649063254,0.7494969217580953,0.7587001603534632
T111,24001,72,0.9,1.0,0.5899571955264231,0.5513414148601615,0.5550562331230654,0.5513414148601615,0.560995360026727
T112,24001,60,0.9,1.0,0.5875985509741596,0.5903439706273936,0.5899936805216152,0.5903439706273936,0.5893244653633231
T112,24001,72,0.9,1.0,0.5824448581105843,0.5841282700405663,0.583858783350398,0.5841282700405663,0.5834994090457255
T113,24001,60,1.0,1.0,0.4117207215065141,0.4103201006853482,0.4103201006853482,0.4103201006853482,0.41053138436367564
T113,24001,72,1.0,1.0,0.26560035702828444,0.25996341527472,0.25996341527472,0.25996341527472,0.2609252777168906
T114,24001,60,1.0,1.0,0.5669548653063847,0.5633882785105672,0.5633882785105672,0.5633882785105672,0.5641949057438429
T114,24001,72,1.0,1.0,0.4193733677122499,0.41584238534046564,0.41584238534046564,0.41584238534046564,0.4166164848426961
T115,24001,60,0.0,1.0,0.5716310577178523,0.5509333790438308,0.5716310577178523,0.5509333790438308,0.5550729147786352
T115,24001,72,0.0,1.0,0.6128478765735582,0.6225236107201677,0.6128478765735582,0.6225236107201677,0.6205884638908458
T116,24001,60,1.0,1.0,1.2581707394079116,1.3132661769193852,1.3132661769193852,1.3132661769193852,1.2939827737903697
T116,24001,72,1.0,1.0,0.6083086681919327,0.553548343852815,0.553548343852815,0.553548343852815,0.5727144573715063
T117,24001,60,1.0,1.0,0.7278377977940103,0.7229483667348497,0.7229483667348497,0.7229483667348497,0.7239262529466817
T117,24001,72,1.0,1.0,0.6546984524500219,0.6575427624565171,0.6575427624565171,0.6575427624565171,0.656973900455218
T118,24001,60,1.0,1.0,0.7839480748389517,0.7529543836443529,0.7529543836443529,0.7529543836443529,0.7622524910027325
T118,24001,72,1.0,1.0,0.537363644572294,0.5132065242162779,0.5132065242162779,0.5132065242162779,0.5204536603230827
T119,24001,60,1.0,1.0,0.694341442742403,0.6885479240262046,0.6885479240262046,0.6885479240262046,0.690575655576874
T119,24001,72,1.0,1.0,0.5678329539887844,0.5571894865958005,0.5571894865958005,0.5571894865958005,0.5609147001833449
T12,24001,60,1.0,1.0,0.553442582502843,0.5529661885014419,0.5529661885014419,0.5529661885014419,0.5530852870017922
T12,24001,72,1.0,1.0,0.5678059997730337,0.5723419506370551,0.5723419506370551,0.5723419506370551,0.5712079629210496
T120,24001,60,0.0,1.0,1.06784298317931,1.0089973624519608,1.06784298317931,1.0089973624519608,1.0281204569076807
T120,24001,72,0.0,1.0,0.7468864585951538,0.734023470390097,0.7468864585951538,0.734023470390097,0.7381851544686049
T121,24001,60,1.0,1.0,0.799508484649172,0.7287568383301933,0.7287568383301933,0.7287568383301933,0.7570574968577848
T121,24001,72,1.0,1.0,0.5342199330979736,0.5222240808573992,0.5222240808573992,0.5222240808573992,0.527022421753629
T122,24001,60,0.5,1.0,0.5206665971736228,0.5225996625781635,0.5213125488900322,0.5225996625781635,0.5222682591385146
T122,24001,72,0.5,1.0,0.3818355892739544,0.3624619468981812,0.3716857893592558,0.3624619468981812,0.3656365344849282
T123,24001,60,0.0,1.0,0.5741339435935309,0.5773171206934945,0.5741339435935309,0.5773171206934945,0.5763368986704274
T123,24001,72,0.0,1.0,0.6257119809353338,0.6266181299006855,0.6257119809353338,0.6266181299006855,0.6263208413542272
T124,24001,60,0.0,1.0,0.5249817426662562,0.4954636068182661,0.5249817426662562,0.4954636068182661,0.5012046547733896
T124,24001,72,0.0,1.0,0.7043570559547034,0.7027477307605652,0.7043570559547034,0.7027477307605652,0.703043096687356
T125,24001,60,1.0,1.0,0.7697659616869743,0.7695412342363463,0.7695412342363463,0.7695412342363463,0.7695810130176655
T125,24001,72,1.0,1.0,0.6654502448883757,0.6533950474754203,0.6533950474754203,0.6533950474754203,0.6569148457144349
T126,24001,60,1.0,1.0,0.650443113824885,0.6553089007047155,0.6553089007047155,0.6553089007047155,0.6537408065938562
T126,24001,72,1.0,1.0,0.5730611135203777,0.5328303280925848,0.5328303280925848,0.5328303280925848,0.5443736923602356
T127,24001,60,1.0,1.0,0.9856866334866363,0.9915317387888203,0.9915317387888203,0.9915317387888203,0.9891936966679464
T127,24001,72,1.0,1.0,0.4456606913696326,0.433271767005386,0.433271767005386,0.433271767005386,0.4382273367510847
T128,24001,60,1.0,1.0,0.5959215636170748,0.5900993917831029,0.5900993917831029,0.5900993917831029,0.5921371519249929
T128,24001,72,1.0,1.0,0.48558837786875564,0.49141217071771426,0.49141217071771426,0.49141217071771426,0.48937384322057864
T129,24001,60,1.0,1.0,0.6049323209517019,0.6021060317924559,0.6021060317924559,0.6021060317924559,0.6023831898946955
T129,24001,72,1.0,1.0,0.5626697387934194,0.5532775768725147,0.5532775768725147,0.5532775768725147,0.5543114737615799
T13,24001,60,1.0,1.0,0.8664746339546547,0.8721938898455588,0.8721938898455588,0.8721938898455588,0.870212847761905
T13,24001,72,1.0,1.0,1.1385727352498212,1.1537093656632822,1.1537093656632822,1.1537093656632822,1.1484862465407142
T130,24001,60,0.0,1.0,3.747342369402863,3.7119451147769564,3.747342369402863,3.7119451147769564,3.7177797083280084
T130,24001,72,0.0,1.0,0.802860853772862,0.7519307228126223,0.802860853772862,0.7519307228126223,0.7603277641472005
T131,24001,60,1.0,1.0,0.954703809388367,0.9176856006683746,0.9176856006683746,0.9176856006683746,0.925089242412373
T131,24001,72,1.0,1.0,1.0047419861162712,0.9831459203726888,0.9831459203726888,0.9831459203726888,0.9874651335214054
T132,24001,60,1.0,1.0,0.6427761789194256,0.6468882568114935,0.6468882568114935,0.6468882568114935,0.6452726549272467
T132,24001,72,1.0,1.0,0.44052438266064853,0.4231322216425617,0.4231322216425617,0.4231322216425617,0.42982079874399376
T133,24001,60,1.0,1.0,0.8687648859933501,0.8756938832129373,0.8756938832129373,0.8756938832129373,0.8736750186194839
T133,24001,72,1.0,1.0,0.4517324994431065,0.43975507906341565,0.43975507906341565,0.43975507906341565,0.44322121763467115
T134,24001,60,1.0,1.0,0.5133343027552264,0.49246542628688733,0.49246542628688733,0.49246542628688733,0.4974163166216704
T134,24001,72,1.0,1.0,0.3405436783731411,0.3317822490810908,0.3317822490810908,0.3317822490810908,0.33387155050329737
T135,24001,60,1.0,1.0,0.6214272238431627,0.6075169834682107,0.6075169834682107,0.6075169834682107,0.6107430957185846
T135,24001,72,1.0,1.0,0.4798657110436514,0.46469670737065266,0.46469670737065266,0.46469670737065266,0.46825658529992314
T136,24001,60,1.0,1.0,0.31985397301816787,0.31255302173645105,0.31255302173645105,0.31255302173645105,0.3139110024992691
T136,24001,72,1.0,1.0,0.2909285472603032,0.2761698484945586,0.2761698484945586,0.2761698484945586,0.2789719657241242
T137,24001,60,1.0,1.0,0.5129195025489766,0.5100755890135462,0.5100755890135462,0.5100755890135462,0.5104429681375537
T137,24001,72,1.0,1.0,0.33196571910788913,0.31125351314327865,0.31125351314327865,0.31125351314327865,0.3143603440379702
T138,24001,60,1.0,1.0,0.7475175504927506,0.7417575374390835,0.7417575374390835,0.7417575374390835,0.7427268334382146
T138,24001,72,1.0,1.0,0.7051652257204811,0.6948534566229426,0.6948534566229426,0.6948534566229426,0.696648921985364
T139,24001,60,1.0,1.0,0.3309580600159829,0.3169152421668786,0.3169152421668786,0.3169152421668786,0.3218302284140651
T139,24001,72,1.0,1.0,0.49346582427008595,0.4819931619249647,0.4819931619249647,0.4819931619249647,0.48600859374575717
T14,24001,60,1.0,1.0,0.6105561766157432,0.6094750985977292,0.6094750985977292,0.6094750985977292,0.609824683883631
T14,24001,72,1.0,1.0,0.7183562939691376,0.7161763145318744,0.7161763145318744,0.7161763145318744,0.7169226919121469
T140,24001,60,1.0,1.0,0.6959862256721291,0.6789310158912482,0.6789310158912482,0.6789310158912482,0.6833653704342773
T140,24001,72,1.0,1.0,0.697697274683039,0.6986369822404669,0.6986369822404669,0.6986369822404669,0.6983730722383792
T141,24001,60,1.0,1.0,0.9939694169295294,0.9955410096322235,0.9955410096322235,0.9955410096322235,0.9949670200125359
T141,24001,72,1.0,1.0,0.8099083240264304,0.8104060236705791,0.8104060236705791,0.8104060236705791,0.8101724139908166
T142,24001,60,1.0,1.0,0.6291343284430175,0.6347791283728285,0.6347791283728285,0.6347791283728285,0.6333679283903757
T142,24001,72,1.0,1.0,1.0353577949082022,1.0494920084975734,1.0494920084975734,1.0494920084975734,1.0459584551002306
T143,24001,60,1.0,1.0,0.6887367512465562,0.6816481130665092,0.6816481130665092,0.6816481130665092,0.683420272611521
T143,24001,72,1.0,1.0,0.6333240954707282,0.6310543513841382,0.6310543513841382,0.6310543513841382,0.6316217874057857
T144,24001,60,0.8,1.0,0.5665466063156426,0.560968334922922,0.5620010491849347,0.560968334922922,0.5626586265243779
T144,24001,72,0.8,1.0,0.5626777338701087,0.5581592589417428,0.5590255478359968,0.5581592589417428,0.5595317967742626
T145,24001,60,1.0,1.0,0.682156408219177,0.6851152227601319,0.6851152227601319,0.6851152227601319,0.6840594110679374
T145,24001,72,1.0,1.0,1.7865485071954514,1.791635082142627,1.791635082142627,1.791635082142627,1.789796746370578
T146,24001,60,1.0,1.0,0.5904979862939568,0.5737801353303903,0.5737801353303903,0.5737801353303903,0.5766178617338751
T146,24001,72,1.0,1.0,0.7402929634084475,0.7326575970266831,0.7326575970266831,0.7326575970266831,0.7339530469424469
T147,24001,60,1.0,1.0,0.889962985614871,0.8942336966175987,0.8942336966175987,0.8942336966175987,0.8931544406768459
T147,24001,72,1.0,1.0,0.9709835987483466,0.974198520370722,0.974198520370722,0.974198520370722,0.9734068594619559
T148,24001,60,0.0,1.0,0.6085884685291898,0.5965026783996478,0.6085884685291898,0.5965026783996478,0.6000679728915916
T148,24001,72,0.0,1.0,0.9533722875072845,0.9726662906401414,0.9533722875072845,0.9726662906401414,0.9669638634496012
T149,24001,60,1.0,1.0,0.7765064041198491,0.7947008639806525,0.7947008639806525,0.7947008639806525,0.7892425260224115
T149,24001,72,1.0,1.0,0.4954087464475901,0.48045534004735246,0.48045534004735246,0.48045534004735246,0.4849413619674238
T15,24001,60,1.0,1.0,0.5067984726577203,0.5042925872695927,0.5042925872695927,0.5042925872695927,0.5048066952277835
T15,24001,72,1.0,1.0,0.5254792228960662,0.519073130498395,0.519073130498395,0.519073130498395,0.5204065928490529
T150,24001,60,0.0,1.0,0.8661616255127305,0.8338551118114536,0.8661616255127305,0.8338551118114536,0.8414436723089306
T150,24001,72,0.0,1.0,1.3202987101611738,1.3479744303389158,1.3202987101611738,1.3479744303389158,1.3414652554151438
T151,24001,60,0.8,1.0,0.6809282521191756,0.6991853234030041,0.6951939307524131,0.6991853234030041,0.6937074948309059
T151,24001,72,0.8,1.0,0.4931656013250128,0.48190577169731297,0.484139842176526,0.48190577169731297,0.48521648845018567
T152,24001,60,0.0,1.0,0.5666267678797402,0.5640175413511349,0.5666267678797402,0.5640175413511349,0.5650332138083588
T152,24001,72,0.0,1.0,0.9324884400526909,0.9161057937062802,0.9324884400526909,0.9161057937062802,0.9224927350009098
T153,24001,60,1.0,1.0,0.9738594602484787,0.956140961516233,0.956140961516233,0.956140961516233,0.965517248393564
T153,24001,72,1.0,1.0,0.7584857127748043,0.7586132514150994,0.7586132514150994,0.7586132514150994,0.7585266108251166
T154,24001,60,1.0,1.0,0.6299377798880582,0.6381828907410896,0.6381828907410896,0.6381828907410896,0.6357093574851802
T154,24001,72,1.0,1.0,0.49213291557652394,0.4924096832853409,0.4924096832853409,0.4924096832853409,0.4923266529726959
T155,24001,60,0.0,1.0,0.45748617717306866,0.4468412086235666,0.45748617717306866,0.4468412086235666,0.450060595598669
T155,24001,72,0.0,1.0,0.7679571387101524,0.7507182056051507,0.7679571387101524,0.7507182056051507,0.7559661893739136
T156,24001,60,0.0,1.0,1.9682061794921544,1.9906756920145297,1.9682061794921544,1.9906756920145297,1.9848607945694454
T156,24001,72,0.0,1.0,0.5453369293148063,0.5328525852975954,0.5453369293148063,0.5328525852975954,0.5360206628229951
T157,24001,60,1.0,1.0,1.1870933236633072,1.1780099344289752,1.1780099344289752,1.1780099344289752,1.180198616748294
T157,24001,72,1.0,1.0,1.562229414666523,1.5690106549488265,1.5690106549488265,1.5690106549488265,1.5672990887790548
T158,24001,60,1.0,1.0,0.5414404132422763,0.5282719061834911,0.5282719061834911,0.5282719061834911,0.5297807630989777
T158,24001,72,1.0,1.0,0.6170656461112984,0.6142207970196247,0.6142207970196247,0.6142207970196247,0.6145416070092194
T159,24001,60,0.0,1.0,0.5964570672831578,0.5545726719132834,0.5964570672831578,0.5545726719132834,0.5605177094472372
T159,24001,72,0.0,1.0,1.0814681704927207,1.1566888391255759,1.0814681704927207,1.1566888391255759,1.1456985329616671
T16,24001,60,1.0,1.0,0.4716992051595797,0.4677235353480043,0.4677235353480043,0.4677235353480043,0.4688724795670973
T16,24001,72,1.0,1.0,0.6221560645869777,0.6148360429861586,0.6148360429861586,0.6148360429861586,0.6169459332495222
T160,24001,60,1.0,1.0,1.177210539898598,1.0871844754137336,1.0871844754137336,1.0871844754137336,1.1100865830258826
T160,24001,72,1.0,1.0,0.7296224803168251,0.7022249848906849,0.7022249848906849,0.7022249848906849,0.709163902906878
T161,24001,60,0.0,1.0,0.621841285461924,0.6115878299800347,0.621841285461924,0.6115878299800347,0.6157017376016045
T161,24001,72,0.0,1.0,0.6559131173491275,0.656442355243848,0.6559131173491275,0.656442355243848,0.6561774138211156
T162,24001,60,0.0,1.0,0.9184198609560379,0.9064818077095621,0.9184198609560379,0.9064818077095621,0.9098646918268749
T162,24001,72,0.0,1.0,0.6071141875807171,0.6229681128386049,0.6071141875807171,0.6229681128386049,0.6183080944260173
T163,24001,60,1.0,1.0,0.8397506712688447,0.765299803005361,0.765299803005361,0.765299803005361,0.7909258221553579
T163,24001,72,1.0,1.0,0.575345854970438,0.5641863927067592,0.5641863927067592,0.5641863927067592,0.5680016282952179
T164,24001,60,1.0,1.0,0.7770176331481812,0.7983376951766953,0.7983376951766953,0.7983376951766953,0.7902700182374292
T164,24001,72,1.0,1.0,0.8248882809722788,0.8338101113746237,0.8338101113746237,0.8338101113746237,0.8304255084975194
T165,24001,60,1.0,1.0,0.3829337264879058,0.3958034524643834,0.3958034524643834,0.3958034524643834,0.3942978030251635
T165,24001,72,1.0,1.0,0.43511371049074554,0.43308250952191335,0.43308250952191335,0.43308250952191335,0.4333122412740841
T166,24001,60,0.0,1.0,1.1927379641429734,1.24036376833705,1.1927379641429734,1.24036376833705,1.230838607498235
T166,24001,72,0.0,1.0,0.47321247780521936,0.45990154707696596,0.47321247780521936,0.45990154707696596,0.46256373322261657
T167,24001,60,1.0,1.0,0.721374296484,0.7266897305039219,0.7266897305039219,0.7266897305039219,0.7250679426072304
T167,24001,72,1.0,1.0,0.8876040200237519,0.8925313444721387,0.8925313444721387,0.8925313444721387,0.8910280058738378
T168,24001,60,0.0,1.0,0.9481407551538376,0.935474762889317,0.9481407551538376,0.935474762889317,0.9392745605686731
T168,24001,72,0.0,1.0,0.7342143198830741,0.7653082107271467,0.7342143198830741,0.7653082107271467,0.755980043473925
T169,24001,60,1.0,1.0,0.5293017344612644,0.5260361663864173,0.5260361663864173,0.5260361663864173,0.527342393616356
T169,24001,72,1.0,1.0,0.661206153057236,0.6959311641410413,0.6959311641410413,0.6959311641410413,0.6820411597075193
T17,24001,60,0.0,1.0,0.4592099713712413,0.4784149771041859,0.4592099713712413,0.4784149771041859,0.46864239686234266
T17,24001,72,0.0,1.0,0.6374890537344776,0.636179586731013,0.6374890537344776,0.636179586731013,0.6368141129870503
T170,24001,60,1.0,1.0,0.8879392889895816,0.9087602040472068,0.9087602040472068,0.9087602040472068,0.9056370667885633
T170,24001,72,1.0,1.0,0.8188662857982416,0.8137493829135314,0.8137493829135314,0.8137493829135314,0.8145169183462379
T171,24001,60,1.0,1.0,1.186514582181187,1.239610945360862,1.239610945360862,1.239610945360862,1.221027218247976
T171,24001,72,1.0,1.0,0.5857955166234005,0.5783897326768027,0.5783897326768027,0.5783897326768027,0.580981757058112
T172,24001,60,1.0,1.0,0.5457026330039177,0.5600763516446605,0.5600763516446605,0.5600763516446605,0.5575324123914387
T172,24001,72,1.0,1.0,0.5164512170145398,0.5286072543590195,0.5286072543590195,0.5286072543590195,0.5265169469101101
T173,24001,60,1.0,1.0,0.7914671418698368,0.8459607391699346,0.8459607391699346,0.8459607391699346,0.8253649621122439
T173,24001,72,1.0,1.0,0.7062509443078709,0.6628467311524128,0.6628467311524128,0.6628467311524128,0.6790723031720401
T174,24001,60,1.0,1.0,1.006544509879231,1.0483312948911454,1.0483312948911454,1.0483312948911454,1.0319711996962069
T174,24001,72,1.0,1.0,0.7878110291283353,0.790186584711648,0.790186584711648,0.790186584711648,0.7892283276157084
T175,24001,60,1.0,1.0,0.3390673216894927,0.33945590709860884,0.33945590709860884,0.33945590709860884,0.3392936228551289
T175,24001,72,1.0,1.0,0.383672746971887,0.35469213105355535,0.35469213105355535,0.35469213105355535,0.36555947745653844
T176,24001,60,1.0,1.0,0.3963261180144048,0.38196083292126043,0.38196083292126043,0.38196083292126043,0.38914347546783257
T176,24001,72,1.0,1.0,0.336054524854944,0.32149698433083923,0.32149698433083923,0.32149698433083923,0.3287757545928916
T177,24001,60,0.0,1.0,0.3472144572651138,0.30034540127692805,0.3472144572651138,0.30034540127692805,0.31556014574956126
T177,24001,72,0.0,1.0,0.17609902739420435,0.17272683376871645,0.17609902739420435,0.17272683376871645,0.17381864624353321
T178,24001,60,1.0,1.0,0.36658983430430997,0.3362929996419481,0.3362929996419481,0.3362929996419481,0.3453820500406567
T178,24001,72,1.0,1.0,0.2569648793692888,0.24954249950076637,0.24954249950076637,0.24954249950076637,0.251769213461323
T179,24001,60,0.0,1.0,0.4317721435343737,0.3696463341036639,0.4317721435343737,0.3696463341036639,0.38855764206497106
T179,24001,72,0.0,1.0,0.24166169313547003,0.23593213880727432,0.24166169313547003,0.23593213880727432,0.23767729473817178
T18,24001,60,1.0,1.0,1.4782273454024761,1.5020477191820618,1.5020477191820618,1.5020477191820618,1.4973435053745972
T18,24001,72,1.0,1.0,0.5060980483677037,0.5044913792645658,0.5044913792645658,0.5044913792645658,0.5047957158335977
T180,24001,60,0.0,1.0,0.29899864735858556,0.2825935697851921,0.29899864735858556,0.2825935697851921,0.287076297427903
T180,24001,72,0.0,1.0,0.7129979504211421,0.7273719362374947,0.7129979504211421,0.7273719362374947,0.7233955937563583
T181,24001,60,1.0,1.0,0.5216701885821917,0.5008369401035393,0.5008369401035393,0.5008369401035393,0.5061383626332863
T181,24001,72,1.0,1.0,0.3697063131191341,0.3561488020940859,0.3561488020940859,0.3561488020940859,0.35960299043931754
T182,24001,60,1.0,1.0,0.5254219791708817,0.524236757216301,0.524236757216301,0.524236757216301,0.5246521076497608
T182,24001,72,1.0,1.0,0.4955229466751727,0.47588364189173055,0.47588364189173055,0.47588364189173055,0.4834295325087636
T183,24001,60,1.0,1.0,0.3712572326946749,0.3686568044937278,0.3686568044937278,0.3686568044937278,0.369826997184154
T183,24001,72,1.0,1.0,0.8123269137718473,0.7934511421641234,0.7934511421641234,0.7934511421641234,0.8019452393875992
T184,24001,60,1.0,1.0,0.17521656106707226,0.16709868044983323,0.16709868044983323,0.16709868044983323,0.17033478787098855
T184,24001,72,1.0,1.0,0.3599892379792764,0.33141577643353887,0.33141577643353887,0.33141577643353887,0.34283733994488025
T185,24001,60,1.0,1.0,0.5772409696182053,0.5788502200663416,0.5788502200663416,0.5788502200663416,0.5784479074543073
T185,24001,72,1.0,1.0,0.42655345256838856,0.4031810739798867,0.4031810739798867,0.4031810739798867,0.40902416862701224
T186,24001,60,1.0,1.0,0.23391157338432372,0.2249949797185776,0.2249949797185776,0.2249949797185776,0.22713269424410223
T186,24001,72,1.0,1.0,0.2374090216725631,0.24030301008078564,0.24030301008078564,0.24030301008078564,0.23957818761061458
T187,24001,60,1.0,1.0,0.43896747712145956,0.4487733144842672,0.4487733144842672,0.4487733144842672,0.4453025771345086
T187,24001,72,1.0,1.0,0.3395285529143623,0.33631487396639853,0.33631487396639853,0.33631487396639853,0.337426912252865
T188,24001,60,1.0,1.0,0.4937796129064341,0.48595272007863005,0.48595272007863005,0.48595272007863005,0.4879398618345391
T188,24001,72,1.0,1.0,0.3440845617098237,0.33338635284033064,0.33338635284033064,0.33338635284033064,0.3361069152010304
T189,24001,60,1.0,1.0,0.6917911957071134,0.6848360436910772,0.6848360436910772,0.6848360436910772,0.6877462582797653
T189,24001,72,1.0,1.0,0.31913693917350744,0.3023257778591689,0.3023257778591689,0.3023257778591689,0.3093644050485227
T19,24001,60,1.0,1.0,0.8198746013166249,0.7798526658524181,0.7798526658524181,0.7798526658524181,0.7930358140663006
T19,24001,72,1.0,1.0,0.730104988194912,0.7438787795730275,0.7438787795730275,0.7438787795730275,0.7393081044098537
T190,24001,60,1.0,1.0,0.5516684791792751,0.5604572460257093,0.5604572460257093,0.5604572460257093,0.5578913813831015
T190,24001,72,1.0,1.0,0.2423162738282473,0.23486807256889167,0.23486807256889167,0.23486807256889167,0.23701678694333808
T191,24001,60,1.0,1.0,0.8002125251004488,0.804989859897993,0.804989859897993,0.804989859897993,0.8033177927188525
T191,24001,72,1.0,1.0,0.41119058730332875,0.3924284974390997,0.3924284974390997,0.3924284974390997,0.39899522889157985
T192,24001,60,1.0,1.0,0.3933557309946495,0.3866558612794276,0.3866558612794276,0.3866558612794276,0.3883308287082331
T192,24001,72,1.0,1.0,0.720452545809965,0.7065828969266098,0.7065828969266098,0.7065828969266098,0.7100503091474486
T193,24001,60,1.0,1.0,1.5219041326591025,1.5213172414976581,1.5213172414976581,1.5213172414976581,1.521405275171875
T193,24001,72,1.0,1.0,0.3482716262099854,0.3366963385798644,0.3366963385798644,0.3366963385798644,0.33843263172438254
T194,24001,60,1.0,1.0,0.4983472819611681,0.43292888476667263,0.43292888476667263,0.43292888476667263,0.4590962436444708
T194,24001,72,1.0,1.0,0.25835709291380127,0.2493045094647146,0.2493045094647146,0.2493045094647146,0.2529255428443492
T195,24001,60,0.0,1.0,0.45092306994715114,0.4322250179735159,0.45092306994715114,0.4322250179735159,0.43908558531113917
T195,24001,72,0.0,1.0,0.15115185767729275,0.15082715123992296,0.15115185767729275,0.15082715123992296,0.15093971632790698
T196,24001,60,1.0,1.0,0.3185249779543365,0.2564661406152965,0.2564661406152965,0.2564661406152965,0.29059850115176855
T196,24001,72,1.0,1.0,0.23552341426840023,0.2242841777449178,0.2242841777449178,0.2242841777449178,0.23046575783283307
T197,24001,60,0.0,1.0,0.9711391098933354,0.8313478277790961,0.9711391098933354,0.8313478277790961,0.8648687856377693
T197,24001,72,0.0,1.0,0.13738044510498892,0.13347412535481148,0.13738044510498892,0.13347412535481148,0.1344114858041424
T198,24001,60,1.0,1.0,0.6412887328481272,0.5822497377149025,0.5822497377149025,0.5822497377149025,0.5922633025069279
T198,24001,72,1.0,1.0,0.3098596903849657,0.31701001356603653,0.31701001356603653,0.31701001356603653,0.3157867633664493
T199,24001,60,1.0,1.0,0.6751258478700594,0.5152107626709415,0.5152107626709415,0.5152107626709415,0.5551895339707208
T199,24001,72,1.0,1.0,0.10500783638108498,0.1003249823258279,0.1003249823258279,0.1003249823258279,0.10149569583964217
T2,24001,60,1.0,1.0,0.7859225189771872,0.7312979815466074,0.7312979815466074,0.7312979815466074,0.7449541159042523
T2,24001,72,1.0,1.0,0.8796173068285652,0.7784015967288136,0.7784015967288136,0.7784015967288136,0.8037055242537514
T20,24001,60,0.4,1.0,0.5294253679798967,0.4347689540530121,0.49000791911671276,0.4347689540530121,0.4649359587262404
T20,24001,72,0.4,1.0,0.44855237298468176,0.45056526404122604,0.4492471231326796,0.45056526404122604,0.44991171531664576
T200,24001,60,1.0,1.0,0.26355009333851315,0.23130130911220284,0.23130130911220284,0.23130130911220284,0.24806479566016368
T200,24001,72,1.0,1.0,0.1492407368533251,0.1423166977835166,0.1423166977835166,0.1423166977835166,0.1459163737455321
T201,24001,60,1.0,1.0,1.5104280712504676,1.5180706295635622,1.5180706295635622,1.5180706295635622,1.5154277804672445
T201,24001,72,1.0,1.0,1.1650222712465965,1.1014317259085842,1.1014317259085842,1.1014317259085842,1.1229504044313412
T202,24001,60,1.0,1.0,0.5373580014561635,0.5103106890632156,0.5103106890632156,0.5103106890632156,0.517341715441294
T202,24001,72,1.0,1.0,1.1909213365379139,1.2094104125021365,1.2094104125021365,1.2094104125021365,1.2045723882689923
T203,24001,60,0.9,1.0,0.7485718919822966,0.732979920288128,0.73433936007511,0.732979920288128,0.7405590916061555
T203,24001,72,0.9,1.0,0.8272911355005234,0.8379436344686582,0.8366453665028082,0.8379436344686582,0.8326831061005047
T204,24001,60,0.0,1.0,0.6624631642483855,0.6677999943075511,0.6624631642483855,0.6677999943075511,0.6652553974921585
T204,24001,72,0.0,1.0,1.1426894303529915,1.158690745026294,1.1426894303529915,1.158690745026294,1.1512753553323787
T205,24001,60,0.0,1.0,0.45058166307345343,0.4344256683023933,0.45058166307345343,0.4344256683023933,0.43918665384618566
T205,24001,72,0.0,1.0,0.6148140399808173,0.6241896668803112,0.6148140399808173,0.6241896668803112,0.6214238569449604
T206,24001,60,1.0,1.0,0.3521684424672171,0.34106663578621854,0.34106663578621854,0.34106663578621854,0.34444448492532553
T206,24001,72,1.0,1.0,0.6827346295925916,0.6854193792192871,0.6854193792192871,0.6854193792192871,0.6845960881950109
T207,24001,60,0.8,1.0,0.4427820997418328,0.4440258476394666,0.44348683962778257,0.4440258476394666,0.44360849258767027
T207,24001,72,0.8,1.0,0.42195839861797385,0.41321133507739544,0.414924963739934,0.41321133507739544,0.4157868546650464
T208,24001,60,1.0,1.0,0.7154256006106255,0.717650231740794,0.717650231740794,0.717650231740794,0.7174277686277772
T208,24001,72,1.0,1.0,0.6872423597249128,0.6917234710568048,0.6917234710568048,0.6917234710568048,0.6912753599236154
T209,24001,60,1.0,1.0,0.7008687492063056,0.7101772871481334,0.7101772871481334,0.7101772871481334,0.7063077741062443
T209,24001,72,1.0,1.0,0.513581044248215,0.49705404530993397,0.49705404530993397,0.49705404530993397,0.5038954540895481
T21,24001,60,1.0,1.0,0.37862591494567993,0.3715619355581515,0.3715619355581515,0.3715619355581515,0.3737502726126777
T21,24001,72,1.0,1.0,0.3832382571606017,0.3722147150755438,0.3722147150755438,0.3722147150755438,0.3756303667712695
T210,24001,60,1.0,1.0,2.0169739652953855,2.028557146496147,2.028557146496147,2.028557146496147,2.0229870231789855
T210,24001,72,1.0,1.0,0.8967908931363079,0.8966347644369133,0.8966347644369133,0.8966347644369133,0.8966925217212502
T211,24001,60,1.0,1.0,0.9866708703359715,1.0161957413554739,1.0161957413554739,1.0161957413554739,1.0102907671515733
T211,24001,72,1.0,1.0,1.4393433597215592,1.4233776410579106,1.4233776410579106,1.4233776410579106,1.4265707847906404
T212,24001,60,0.0,1.0,0.514851951943318,0.5069150323688159,0.514851951943318,0.5069150323688159,0.5073213835139654
T212,24001,72,0.0,1.0,0.6658122064632486,0.6649957448233645,0.6658122064632486,0.6649957448233645,0.6649928320409642
T213,24001,60,0.0,1.0,0.5363207344440452,0.5512201575144875,0.5363207344440452,0.5512201575144875,0.5457372261973206
T213,24001,72,0.0,1.0,0.4383167793726902,0.42042809765083033,0.4383167793726902,0.42042809765083033,0.42694691034325355
T214,24001,60,0.0,1.0,0.47519556507781713,0.4491239423060492,0.47519556507781713,0.4491239423060492,0.4538006429968027
T214,24001,72,0.0,1.0,0.5959220858380524,0.6081789291729848,0.5959220858380524,0.6081789291729848,0.6059533458636469
T215,24001,60,0.0,1.0,0.8431498990104497,0.840628309503116,0.8431498990104497,0.840628309503116,0.8412934614109606
T215,24001,72,0.0,1.0,0.517650048276589,0.5054910405790299,0.517650048276589,0.5054910405790299,0.5087657362933337
T216,24001,60,0.9,1.0,0.7307342720944905,0.722441555798699,0.7229507114139548,0.722441555798699,0.7252670214106736
T216,24001,72,0.9,1.0,0.6627519160912783,0.6370322833755175,0.6395797638818069,0.6370322833755175,0.6459030604386973
T217,24001,60,0.0,1.0,0.5161624980261351,0.5058932675185833,0.5161624980261351,0.5058932675185833,0.5099233128255565
T217,24001,72,0.0,1.0,0.6443608001994264,0.6156874463261053,0.6443608001994264,0.6156874463261053,0.6270088237333089
T218,24001,60,1.0,1.0,0.30814137999276425,0.30651565972131944,0.30651565972131944,0.30651565972131944,0.3068448945039776
T218,24001,72,1.0,1.0,0.3135562128470536,0.30921659124137074,0.30921659124137074,0.30921659124137074,0.310091046041595
T219,24001,60,1.0,1.0,0.6918528274259477,0.6828833952041444,0.6828833952041444,0.6828833952041444,0.6846772816485049
T219,24001,72,1.0,1.0,0.5702247839978043,0.5648952736420796,0.5648952736420796,0.5648952736420796,0.5659611757132245
T22,24001,60,1.0,1.0,0.6816905149005478,0.6862952407832512,0.6862952407832512,0.6862952407832512,0.6850016685887327
T22,24001,72,1.0,1.0,0.48090530230071854,0.47245539599831105,0.47245539599831105,0.47245539599831105,0.47480931398620846
T220,24001,60,1.0,1.0,0.6125746861996576,0.6010177396368033,0.6010177396368033,0.6010177396368033,0.6050626709338024
T220,24001,72,1.0,1.0,0.6029337018507782,0.6067923590614976,0.6067923590614976,0.6067923590614976,0.6054418290377458
T221,24001,60,1.0,1.0,0.6455515649040409,0.6477201402070635,0.6477201402070635,0.6477201402070635,0.6470432025196975
T221,24001,72,1.0,1.0,0.5500384480212005,0.5369862691460838,0.5369862691460838,0.5369862691460838,0.5410268589523517
T222,24001,60,0.5,1.0,0.5775367593624733,0.5584202805590206,0.5672195126825804,0.5584202805590206,0.5656487445953335
T222,24001,72,0.5,1.0,0.4936469090459507,0.489937324717905,0.491249288398723,0.489937324717905,0.49132388023042284
T223,24001,60,0.0,1.0,0.8168818360172653,0.8218458809184195,0.8168818360172653,0.8218458809184195,0.8199435557596078
T223,24001,72,0.0,1.0,0.6008382076026542,0.5919430181092638,0.6008382076026542,0.5919430181092638,0.5953225821521615
T224,24001,60,0.0,1.0,1.2139970357865533,1.2231400834250157,1.2139970357865533,1.2231400834250157,1.2197732201446327
T224,24001,72,0.0,1.0,0.8275324262410567,0.8403608213527847,0.8275324262410567,0.8403608213527847,0.8356500743451207
T225,24001,60,1.0,1.0,0.3939238137481237,0.3852698185129266,0.3852698185129266,0.3852698185129266,0.3881185535785904
T225,24001,72,1.0,1.0,0.4030717578348634,0.3952045937791345,0.3952045937791345,0.3952045937791345,0.39779532599974754
T226,24001,60,1.0,1.0,0.36007436075754784,0.38426785996853907,0.38426785996853907,0.38426785996853907,0.3770098102052418
T226,24001,72,1.0,1.0,0.20223285320426276,0.19809017572803755,0.19809017572803755,0.19809017572803755,0.19933297897090513
T227,24001,60,0.0,1.0,0.9686713199835414,0.9571145098939522,0.9686713199835414,0.9571145098939522,0.9601192805172454
T227,24001,72,0.0,1.0,0.8578869582914793,0.8458937981460997,0.8578869582914793,0.8458937981460997,0.8489774875465885
T228,24001,60,0.0,1.0,0.7586663603895447,0.783297743475424,0.7586663603895447,0.783297743475424,0.7763830123333976
T228,24001,72,0.0,1.0,0.4571074819046745,0.4425429971598939,0.4571074819046745,0.4425429971598939,0.4466071901905494
T229,24001,60,1.0,1.0,0.6712560342428752,0.6960666417387293,0.6960666417387293,0.6960666417387293,0.690088320394087
T229,24001,72,1.0,1.0,0.4801194187428927,0.47552299781124213,0.47552299781124213,0.47552299781124213,0.4766069292024902
T23,24001,60,1.0,1.0,0.6411659226003068,0.647649546462604,0.647649546462604,0.647649546462604,0.6447303007071356
T23,24001,72,1.0,1.0,0.5245121811657925,0.522024836802069,0.522024836802069,0.522024836802069,0.5231030716611851
T230,24001,60,1.0,1.0,0.5469021159492484,0.5434990535375617,0.5434990535375617,0.5434990535375617,0.5441607001345169
T230,24001,72,1.0,1.0,0.3946579218187388,0.3914840003014168,0.3914840003014168,0.3914840003014168,0.39210291499729466
T231,24001,60,0.0,1.0,0.4962753639787025,0.48629644915227666,0.4962753639787025,0.48629644915227666,0.48873922333162484
T231,24001,72,0.0,1.0,0.6013045271254247,0.6034643881712722,0.6013045271254247,0.6034643881712722,0.6029334437478893
T232,24001,60,0.0,1.0,0.4130996057339235,0.40655718627098275,0.4130996057339235,0.40655718627098275,0.407916456833693
T232,24001,72,0.0,1.0,0.7976039895735707,0.7866034980395,0.7976039895735707,0.7866034980395,0.7889063745119044
T233,24001,60,0.0,1.0,0.6035897069892581,0.565447720595225,0.6035897069892581,0.565447720595225,0.5807045151528383
T233,24001,72,0.0,1.0,0.8242410815713489,0.8580304397541813,0.8242410815713489,0.8580304397541813,0.8445146964810482
T234,24001,60,1.0,1.0,0.3283757052543264,0.32224995718305177,0.32224995718305177,0.32224995718305177,0.32515056111022933
T234,24001,72,1.0,1.0,0.4605879690344008,0.4626106427872031,0.4626106427872031,0.4626106427872031,0.4616440178327828
T235,24001,60,0.3,1.0,0.5926692533492767,0.5854120229705206,0.5903947335557483,0.5854120229705206,0.5878383276134089
T235,24001,72,0.3,1.0,0.467710191390384,0.46636701746117154,0.4672599265925813,0.46636701746117154,0.46681461509650585
T236,24001,60,1.0,1.0,0.5665356417737968,0.5689716423353238,0.5689716423353238,0.5689716423353238,0.5680616964224154
T236,24001,72,1.0,1.0,0.5293970507791185,0.5238886594052551,0.5238886594052551,0.5238886594052551,0.5258965726853797
T237,24001,60,1.0,1.0,0.47161729623492304,0.4534467567201664,0.4534467567201664,0.4534467567201664,0.45825565971096055
T237,24001,72,1.0,1.0,0.5035126390320891,0.5010915893825817,0.5010915893825817,0.5010915893825817,0.5017081108479764
T238,24001,60,1.0,1.0,0.5787982866521121,0.5868798694520527,0.5868798694520527,0.5868798694520527,0.5837012575521164
T238,24001,72,1.0,1.0,0.39938516991204426,0.38984842164511346,0.38984842164511346,0.38984842164511346,0.39356514207617754
T239,24001,60,1.0,1.0,0.5483340497803595,0.542834036218356,0.542834036218356,0.542834036218356,0.5448718841113173
T239,24001,72,1.0,1.0,0.4012388628626274,0.39777666944618384,0.39777666944618384,0.39777666944618384,0.399058944329039
T24,24001,60,1.0,1.0,0.5363981015828296,0.5437811321484813,0.5437811321484813,0.5437811321484813,0.5417023490801852
T24,24001,72,1.0,1.0,0.4128849088972268,0.39075269268928825,0.39075269268928825,0.39075269268928825,0.3969315304850669
T240,24001,60,1.0,1.0,0.5598693147467212,0.5336302921352475,0.5336302921352475,0.5336302921352475,0.5432487917106581
T240,24001,72,1.0,1.0,0.5309151173556542,0.5042627610358762,0.5042627610358762,0.5042627610358762,0.5141225329900622
T241,24001,60,1.0,1.0,0.35398443711934874,0.3492364564282177,0.3492364564282177,0.3492364564282177,0.3499486535318873
T241,24001,72,1.0,1.0,0.39280184257237,0.39358014979349204,0.39358014979349204,0.39358014979349204,0.3934634037103238
T242,24001,60,0.0,1.0,0.49947327131175195,0.4953402490687627,0.49947327131175195,0.4953402490687627,0.49635015752964884
T242,24001,72,0.0,1.0,0.4485642409974192,0.4429717322057513,0.4485642409974192,0.4429717322057513,0.44434050921916085
T243,24001,60,0.8,1.0,0.7401547172909052,0.7389860793149952,0.7390730275479039,0.7389860793149952,0.7394922298480898
T243,24001,72,0.8,1.0,0.6265702259706503,0.6203138086683992,0.621271640257344,0.6203138086683992,0.623059151627085
T244,24001,60,1.0,1.0,0.36844398400670547,0.36570569507322453,0.36570569507322453,0.36570569507322453,0.36637373605297785
T244,24001,72,1.0,1.0,0.6026620435261164,0.5958906129152906,0.5958906129152906,0.5958906129152906,0.5975940127974785
T245,24001,60,0.0,1.0,0.4774919762266087,0.46854328963500846,0.4774919762266087,0.46854328963500846,0.4717640606013651
T245,24001,72,0.0,1.0,0.6517798675320641,0.6496111249695848,0.6517798675320641,0.6496111249695848,0.6503701878152002
T246,24001,60,1.0,1.0,3.0552682245611855,3.0770393516501007,3.0770393516501007,3.0770393516501007,3.0731113914178807
T246,24001,72,1.0,1.0,0.8149317116000643,0.8172601614433865,0.8172601614433865,0.8172601614433865,0.8168045981960409
T247,24001,60,1.0,1.0,0.3279637621675446,0.32923210204512554,0.32923210204512554,0.32923210204512554,0.3288201066506904
T247,24001,72,1.0,1.0,0.401736081447478,0.3969380541183502,0.3969380541183502,0.3969380541183502,0.39846906519642944
T248,24001,60,1.0,1.0,1.1470462037778282,1.1478804787280328,1.1478804787280328,1.1478804787280328,1.1476256713968647
T248,24001,72,1.0,1.0,0.5396791871525946,0.5202395757870936,0.5202395757870936,0.5202395757870936,0.5259531265409887
T249,24001,60,1.0,1.0,0.4143106897268985,0.3970639702115415,0.3970639702115415,0.3970639702115415,0.4044582886832185
T249,24001,72,1.0,1.0,0.2361264635664999,0.23435054259061355,0.23435054259061355,0.23435054259061355,0.23508015328350673
T25,24001,60,1.0,1.0,0.5910575502652928,0.6121542461446494,0.6121542461446494,0.6121542461446494,0.6061227165932419
T25,24001,72,1.0,1.0,0.30079352556282435,0.28588649774124664,0.28588649774124664,0.28588649774124664,0.2901190744976778
T250,24001,60,0.0,1.0,0.6312706456538013,0.6400529607851954,0.6312706456538013,0.6400529607851954,0.6370704734328319
T250,24001,72,0.0,1.0,0.3845608200014752,0.3728427137231012,0.3845608200014752,0.3728427137231012,0.3767552702966268
T251,24001,60,1.0,1.0,0.5366835315534025,0.5594077057704957,0.5594077057704957,0.5594077057704957,0.5559990796379318
T251,24001,72,1.0,1.0,0.5396563440283697,0.54700225159458,0.54700225159458,0.54700225159458,0.5459003654596486
T252,24001,60,1.0,1.0,0.3553171425659899,0.3546964223761471,0.3546964223761471,0.3546964223761471,0.35482945423429846
T252,24001,72,1.0,1.0,0.4241915293319577,0.42473395323576557,0.42473395323576557,0.42473395323576557,0.42458325293738747
T253,24001,60,0.0,1.0,0.5055285992532376,0.5179686537426557,0.5055285992532376,0.5179686537426557,0.5140397238178882
T253,24001,72,0.0,1.0,0.6076570598471204,0.6050109848876466,0.6076570598471204,0.6050109848876466,0.6058338628918348
T254,24001,60,0.0,1.0,0.5122194029390393,0.5017623778504424,0.5122194029390393,0.5017623778504424,0.50549206948987
T254,24001,72,0.0,1.0,0.819550809882343,0.83180171775326,0.819550809882343,0.83180171775326,0.8273558004570324
T255,24001,60,1.0,1.0,0.9703822138017022,0.9505082921200629,0.9505082921200629,0.9505082921200629,0.95278094772017
T255,24001,72,1.0,1.0,0.7286190227949801,0.714611164433504,0.714611164433504,0.714611164433504,0.7162024155430002
T256,24001,60,1.0,1.0,0.7918724221936133,0.7861547973787225,0.7861547973787225,0.7861547973787225,0.7889762671206386
T256,24001,72,1.0,1.0,0.4283282339898744,0.4062443689451145,0.4062443689451145,0.4062443689451145,0.41717588214227064
T257,24001,60,1.0,1.0,0.49863904489301114,0.47387152282061307,0.47387152282061307,0.47387152282061307,0.4813017794423324
T257,24001,72,1.0,1.0,1.2742233839462878,1.270605752182667,1.270605752182667,1.270605752182667,1.2716910417117535
T258,24001,60,1.0,1.0,0.5751864076886535,0.5619795592075846,0.5619795592075846,0.5619795592075846,0.5661230280264136
T258,24001,72,1.0,1.0,0.6363978430443945,0.626321173608558,0.626321173608558,0.626321173608558,0.6294851680481088
T259,24001,60,1.0,1.0,0.6462633305113628,0.616797946821397,0.616797946821397,0.616797946821397,0.6275515402658605
T259,24001,72,1.0,1.0,0.7518645884667224,0.7302730853495824,0.7302730853495824,0.7302730853495824,0.7381369683809924
T26,24001,60,1.0,1.0,0.6523506630711878,0.6367347385608421,0.6367347385608421,0.6367347385608421,0.6393000559170038
T26,24001,72,1.0,1.0,0.6775694148666846,0.6800727290381405,0.6800727290381405,0.6800727290381405,0.6796492916328855
T260,24001,60,1.0,1.0,0.7934543474672556,0.7733229233192446,0.7733229233192446,0.7733229233192446,0.7806633097462018
T260,24001,72,1.0,1.0,0.510637369922701,0.4901478808395915,0.4901478808395915,0.4901478808395915,0.49762436030514057
T261,24001,60,0.0,1.0,0.8144586302361227,0.8138460149980629,0.8144586302361227,0.8138460149980629,0.8140819005416224
T261,24001,72,0.0,1.0,0.8429967834607495,0.833462746595638,0.8429967834607495,0.833462746595638,0.837178875436501
T262,24001,60,0.5,1.0,0.5543839683452885,0.535872731474595,0.5449582937189609,0.535872731474595,0.5405774899387451
T262,24001,72,0.5,1.0,0.9187328134978276,0.8898774114496013,0.9040978036338174,0.8898774114496013,0.8972184433579861
T263,24001,60,1.0,1.0,0.502148467216166,0.5010831866115226,0.5010831866115226,0.5010831866115226,0.5013280439337688
T263,24001,72,1.0,1.0,0.5130774988364712,0.5090156627788575,0.5090156627788575,0.5090156627788575,0.5099654473553157
T264,24001,60,1.0,1.0,0.6482782364797715,0.6379883394491591,0.6379883394491591,0.6379883394491591,0.6416885635688462
T264,24001,72,1.0,1.0,1.3886149417156388,1.410295459522774,1.410295459522774,1.410295459522774,1.4024755498818406
T265,24001,60,0.4,1.0,0.50243148401118,0.49961048904306476,0.5011038306722481,0.49961048904306476,0.5003281822986699
T265,24001,72,0.4,1.0,0.7439412598930606,0.7459100957174126,0.7447287942228014,0.7459100957174126,0.745408042582203
T266,24001,60,1.0,1.0,0.5541276527681357,0.5563617944897763,0.5563617944897763,0.5563617944897763,0.555773491222614
T266,24001,72,1.0,1.0,0.5630583767757877,0.5628792520199712,0.5628792520199712,0.5628792520199712,0.5629069021665329
T267,24001,60,1.0,1.0,0.5883164522182321,0.5655576931197268,0.5655576931197268,0.5655576931197268,0.5738610479520982
T267,24001,72,1.0,1.0,0.7055967475298327,0.7069958188535383,0.7069958188535383,0.7069958188535383,0.706441766841237
T268,24001,60,1.0,1.0,0.6118170401010292,0.5776328562373017,0.5776328562373017,0.5776328562373017,0.584469693010047
T268,24001,72,1.0,1.0,1.2367628396601433,1.2431565735709538,1.2431565735709538,1.2431565735709538,1.2418778267887916
T269,24001,60,0.0,1.0,0.9137699826228122,0.8703305198446591,0.9137699826228122,0.8703305198446591,0.8771932689638182
T269,24001,72,0.0,1.0,0.6209790559503572,0.6190163621806091,0.6209790559503572,0.6190163621806091,0.6192975860874037
T27,24001,60,1.0,1.0,0.5927433878652661,0.5880571716847981,0.5880571716847981,0.5880571716847981,0.5894935202925723
T27,24001,72,1.0,1.0,0.5463244705482894,0.522193621441599,0.522193621441599,0.522193621441599,0.5296390098297092
T270,24001,60,1.0,1.0,0.5545335223408536,0.5408310725479196,0.5408310725479196,0.5408310725479196,0.5453090427399065
T270,24001,72,1.0,1.0,0.5128823604765098,0.5024255377539611,0.5024255377539611,0.5024255377539611,0.5058546581925044
T271,24001,60,1.0,1.0,0.5430038653271632,0.5380350138165183,0.5380350138165183,0.5380350138165183,0.5396294844755292
T271,24001,72,1.0,1.0,1.1249670090629142,1.1397792116375838,1.1397792116375838,1.1397792116375838,1.1348777186140813
T272,24001,60,0.4,1.0,0.48547404766053814,0.4654543070099895,0.47743045189410527,0.4654543070099895,0.476655471573986
T272,24001,72,0.4,1.0,0.8098390458568021,0.8176272399815238,0.8117855670564812,0.8176272399815238,0.8128386075517197
T273,24001,60,1.0,1.0,0.34148019659698853,0.32611800935151536,0.32611800935151536,0.32611800935151536,0.3298817193956096
T273,24001,72,1.0,1.0,0.6859090763829834,0.6872725765951364,0.6872725765951364,0.6872725765951364,0.686938519043159
T274,24001,60,1.0,1.0,0.7937860569947541,0.7887891837834858,0.7887891837834858,0.7887891837834858,0.7903234416217428
T274,24001,72,1.0,1.0,0.6055461144507673,0.6023287933991921,0.6023287933991921,0.6023287933991921,0.6033028890829573
T275,24001,60,1.0,1.0,0.37097675520640555,0.3824114698385369,0.3824114698385369,0.3824114698385369,0.38006477232184416
T275,24001,72,1.0,1.0,0.29459518546069347,0.3018156331245756,0.3018156331245756,0.3018156331245756,0.3003295750382493
T276,24001,60,1.0,1.0,0.37991793418791636,0.3629606254763073,0.3629606254763073,0.3629606254763073,0.3704182415423722
T276,24001,72,1.0,1.0,0.3973466321764279,0.39583770631144893,0.39583770631144893,0.39583770631144893,0.3964699704767923
T277,24001,60,1.0,1.0,0.9176833306962713,0.9294828748109393,0.9294828748109393,0.9294828748109393,0.9260008159622887
T277,24001,72,1.0,1.0,0.7768336638123431,0.773885243911345,0.773885243911345,0.773885243911345,0.7747494347237861
T278,24001,60,1.0,1.0,0.5326490116435474,0.515684409211351,0.515684409211351,0.515684409211351,0.5223572023639582
T278,24001,72,1.0,1.0,0.6351849992650861,0.6149141159836367,0.6149141159836367,0.6149141159836367,0.6228019787913242
T279,24001,60,0.0,1.0,2.4196167023460773,2.4314466899163274,2.4196167023460773,2.4314466899163274,2.42599715658031
T279,24001,72,0.0,1.0,0.9396922211969864,0.9380007396787081,0.9396922211969864,0.9380007396787081,0.9386536226047355
T28,24001,60,1.0,1.0,0.5661334682720691,0.575083122699199,0.575083122699199,0.575083122699199,0.5715291316587006
T28,24001,72,1.0,1.0,0.9203537689367545,0.9123134438850877,0.9123134438850877,0.9123134438850877,0.9154893722804959
T280,24001,60,1.0,1.0,0.6413097019389052,0.6530890222394033,0.6530890222394033,0.6530890222394033,0.6471993620891542
T280,24001,72,1.0,1.0,2.07447454330408,2.117705770603388,2.117705770603388,2.117705770603388,2.0960901569537334
T281,24001,60,1.0,1.0,0.8127893319880306,0.8322458428368805,0.8322458428368805,0.8322458428368805,0.8302815707501112
T281,24001,72,1.0,1.0,0.8014152727559666,0.8004180699504955,0.8004180699504955,0.8004180699504955,0.8004423319703987
T282,24001,60,1.0,1.0,0.43356681360672905,0.41057717397863824,0.41057717397863824,0.41057717397863824,0.41413034987913144
T282,24001,72,1.0,1.0,0.42260172640887367,0.42585494909875365,0.42585494909875365,0.42585494909875365,0.4253360434069264
T283,24001,60,1.0,1.0,0.6821577368311011,0.6807674895375765,0.6807674895375765,0.6807674895375765,0.6811563634322327
T283,24001,72,1.0,1.0,0.7263866561054331,0.7174248269390034,0.7174248269390034,0.7174248269390034,0.7202077750400397
T284,24001,60,0.0,1.0,0.6208764521779038,0.5965058552746051,0.6208764521779038,0.5965058552746051,0.6001614448100998
T284,24001,72,0.0,1.0,0.4782418645650554,0.4744172606683251,0.4782418645650554,0.4744172606683251,0.4749909512528346
T285,24001,60,0.0,1.0,0.4105567230407712,0.40917314164355256,0.4105567230407712,0.40917314164355256,0.40939608503763053
T285,24001,72,0.0,1.0,0.4841262414119437,0.4679567911034735,0.4841262414119437,0.4679567911034735,0.4706191366942428
T286,24001,60,0.0,1.0,0.34784978187087273,0.3236828400528486,0.34784978187087273,0.3236828400528486,0.3300655328055805
T286,24001,72,0.0,1.0,0.44140931437705994,0.4429188398181453,0.44140931437705994,0.4429188398181453,0.44239597432635885
T287,24001,60,1.0,1.0,0.3995869250940834,0.3886661973134812,0.3886661973134812,0.3886661973134812,0.39067136266639685
T287,24001,72,1.0,1.0,0.6724041911431523,0.680286174979066,0.680286174979066,0.680286174979066,0.6788249796825623
T288,24001,60,1.0,1.0,0.7557707730636402,0.7436421424488333,0.7436421424488333,0.7436421424488333,0.7468488443084501
T288,24001,72,1.0,1.0,0.4198509482262453,0.3929465153202967,0.3929465153202967,0.3929465153202967,0.40001655617012927
T289,24001,60,0.0,1.0,1.162441525058846,1.129583783937038,1.162441525058846,1.129583783937038,1.132148743784812
T289,24001,72,0.0,1.0,0.6397054309144098,0.6209026879124825,0.6397054309144098,0.6209026879124825,0.6224018479852191
T29,24001,60,1.0,1.0,0.608076365724533,0.5921805833261639,0.5921805833261639,0.5921805833261639,0.5962298571057958
T29,24001,72,1.0,1.0,0.6283463165950366,0.6160593609418711,0.6160593609418711,0.6160593609418711,0.6191858292965629
T290,24001,60,1.0,1.0,0.8944048694318218,0.8233164211205194,0.8233164211205194,0.8233164211205194,0.8303632141806279
T290,24001,72,1.0,1.0,0.857452975495452,0.8178212794447288,0.8178212794447288,0.8178212794447288,0.8217570081372875
T291,24001,60,1.0,1.0,0.6152488531781168,0.5775351550715665,0.5775351550715665,0.5775351550715665,0.5982776890301693
T291,24001,72,1.0,1.0,0.6580082514435903,0.6662905642315643,0.6662905642315643,0.6662905642315643,0.6617352921981786
T292,24001,60,0.0,1.0,0.737249178879758,0.6408179248825443,0.737249178879758,0.6408179248825443,0.6677922578857411
T292,24001,72,0.0,1.0,0.3594703164524466,0.3486436789647638,0.3594703164524466,0.3486436789647638,0.3516681676810906
T293,24001,60,0.0,1.0,0.4821986095527952,0.4484139114751706,0.4821986095527952,0.4484139114751706,0.46385827701407123
T293,24001,72,0.0,1.0,0.614644427405654,0.5974943232663338,0.614644427405654,0.5974943232663338,0.605309067110243
T294,24001,60,1.0,1.0,0.36630241679838876,0.3986984749388314,0.3986984749388314,0.3986984749388314,0.39221926331074297
T294,24001,72,1.0,1.0,0.44450679024271483,0.46068486153548227,0.46068486153548227,0.46068486153548227,0.4574492472769288
T295,24001,60,1.0,1.0,0.4444702798714906,0.4156219060480748,0.4156219060480748,0.4156219060480748,0.4225288406259534
T295,24001,72,1.0,1.0,0.6214478878149751,0.5967931876869556,0.5967931876869556,0.5967931876869556,0.6027053849735851
T296,24001,60,1.0,1.0,0.30342587456369463,0.28676268931125354,0.28676268931125354,0.28676268931125354,0.2925021596301244
T296,24001,72,1.0,1.0,0.2935270185586466,0.29894838990961176,0.29894838990961176,0.29894838990961176,0.2970652474118746
T297,24001,60,1.0,1.0,0.3325277046909266,0.2990269061937613,0.2990269061937613,0.2990269061937613,0.3080470397991724
T297,24001,72,1.0,1.0,0.3729857824175523,0.36241620098581867,0.36241620098581867,0.36241620098581867,0.36525054683901026
T298,24001,60,1.0,1.0,0.26136605804070395,0.24521410824916354,0.24521410824916354,0.24521410824916354,0.24793703756154076
T298,24001,72,1.0,1.0,0.2104276027501182,0.20414565954632247,0.20414565954632247,0.20414565954632247,0.2052132762342665
T299,24001,60,1.0,1.0,0.7458742771291303,0.6902430983951839,0.6902430983951839,0.6902430983951839,0.7044210537115863
T299,24001,72,1.0,1.0,0.4345861650050825,0.457224534347968,0.457224534347968,0.457224534347968,0.4514414510587913
T3,24001,60,1.0,1.0,0.45328031439121147,0.4151551064035815,0.4151551064035815,0.4151551064035815,0.42732895117753955
T3,24001,72,1.0,1.0,0.1506684701185473,0.1457914053509541,0.1457914053509541,0.1457914053509541,0.14734906409621354
T30,24001,60,1.0,1.0,0.6891980449608297,0.6871235191180253,0.6871235191180253,0.6871235191180253,0.6878318281314184
T30,24001,72,1.0,1.0,0.525932241902271,0.5362465639306823,0.5362465639306823,0.5362465639306823,0.5322608133374366
T300,24001,60,1.0,1.0,0.8689099874164652,0.8698268859981463,0.8698268859981463,0.8698268859981463,0.869551816423642
T300,24001,72,1.0,1.0,0.5827911003574846,0.5852935340808441,0.5852935340808441,0.5852935340808441,0.5845428039638362
T301,24001,60,1.0,1.0,0.34480671613854097,0.3364469545638094,0.3364469545638094,0.3364469545638094,0.3389665856794178
T301,24001,72,1.0,1.0,0.5789739614100157,0.5663581333143287,0.5663581333143287,0.5663581333143287,0.5701860109377466
T302,24001,60,1.0,1.0,0.6595131983463848,0.6546704997450075,0.6546704997450075,0.6546704997450075,0.6557306886925247
T302,24001,72,1.0,1.0,0.583123968359148,0.5903179167809148,0.5903179167809148,0.5903179167809148,0.5886328843223981
T303,24001,60,1.0,1.0,0.578641874089244,0.5658630977726495,0.5658630977726495,0.5658630977726495,0.5696967306676279
T303,24001,72,1.0,1.0,0.3924892439703081,0.3842653651010915,0.3842653651010915,0.3842653651010915,0.3867325287618565
T304,24001,60,0.0,1.0,0.5053402324186718,0.4973465591340298,0.5053402324186718,0.4973465591340298,0.499215780022655
T304,24001,72,0.0,1.0,0.9356878712920298,0.9466180598735634,0.9356878712920298,0.9466180598735634,0.9440397343510295
T305,24001,60,1.0,1.0,0.9216683144762272,0.9451512893639954,0.9451512893639954,0.9451512893639954,0.9370411634742164
T305,24001,72,1.0,1.0,0.996167072255373,1.001582334731444,1.001582334731444,1.001582334731444,0.9996905856214775
T306,24001,60,0.0,1.0,0.5751525918470688,0.5835783321134606,0.5751525918470688,0.5835783321134606,0.5819956263201727
T306,24001,72,0.0,1.0,0.4732301170058965,0.46456618452801096,0.4732301170058965,0.46456618452801096,0.46616025732480415
T307,24001,60,1.0,1.0,0.3396013222806063,0.3243527734782078,0.3243527734782078,0.3243527734782078,0.32740248323868754
T307,24001,72,1.0,1.0,0.5726198969404456,0.5718396086305556,0.5718396086305556,0.5718396086305556,0.5719956662925337
T308,24001,60,1.0,1.0,0.3544640903910259,0.3518510658217558,0.3518510658217558,0.3518510658217558,0.3527318221424473
T308,24001,72,1.0,1.0,0.5766726494167868,0.5739590999684864,0.5739590999684864,0.5739590999684864,0.5748805979898598
T309,24001,60,0.0,1.0,0.5365294267729096,0.5319070498293225,0.5365294267729096,0.5319070498293225,0.533377403625303
T309,24001,72,0.0,1.0,0.6764083592171416,0.679627634152646,0.6764083592171416,0.679627634152646,0.67859622668626
T31,24001,60,1.0,1.0,0.5646349546443765,0.5621442807786964,0.5621442807786964,0.5621442807786964,0.5630052255171403
T31,24001,72,1.0,1.0,0.8272028391271657,0.8322249031728489,0.8322249031728489,0.8322249031728489,0.8304649241548235
T310,24001,60,1.0,1.0,0.4277861321228232,0.42891753386643733,0.42891753386643733,0.42891753386643733,0.4284206604547617
T310,24001,72,1.0,1.0,0.41938773933269236,0.4169259537784559,0.4169259537784559,0.4169259537784559,0.41799021489230553
T311,24001,60,1.0,1.0,0.5351894384493007,0.5428315068709819,0.5428315068709819,0.5428315068709819,0.5401567829233935
T311,24001,72,1.0,1.0,0.6188459812412086,0.6184091113312825,0.6184091113312825,0.6184091113312825,0.6185620157997566
T312,24001,60,1.0,1.0,0.7807327848595987,0.7715373675360827,0.7715373675360827,0.7715373675360827,0.7739709817918532
T312,24001,72,1.0,1.0,0.6919787073491305,0.6850396222385905,0.6850396222385905,0.6850396222385905,0.6868621296820587
T313,24001,60,1.0,1.0,0.37989814888757334,0.37167045711917135,0.37167045711917135,0.37167045711917135,0.37423958383517963
T313,24001,72,1.0,1.0,0.41002700269839404,0.4345191149707924,0.4345191149707924,0.4345191149707924,0.4267537269053883
T314,24001,60,1.0,1.0,0.5509775549443403,0.5557111143175234,0.5557111143175234,0.5557111143175234,0.5545948169656489
T314,24001,72,1.0,1.0,0.44023421267060436,0.437078815882233,0.437078815882233,0.437078815882233,0.4377987320104081
T315,24001,60,0.0,1.0,1.432515944910507,1.4333860699348648,1.432515944910507,1.4333860699348648,1.4330051638526267
T315,24001,72,0.0,1.0,0.5302870888209591,0.5290708409173318,0.5302870888209591,0.5290708409173318,0.5295911644102801
T316,24001,60,0.0,1.0,0.7773035216733929,0.7849214366433644,0.7773035216733929,0.7849214366433644,0.7836995074609904
T316,24001,72,0.0,1.0,0.5247288861248515,0.5196181436967858,0.5247288861248515,0.5196181436967858,0.5204295347454829
T317,24001,60,0.0,1.0,0.4686136295685513,0.46555077340607265,0.4686136295685513,0.46555077340607265,0.466720259176827
T317,24001,72,0.0,1.0,0.43315416210653107,0.43207282908121303,0.43315416210653107,0.43207282908121303,0.43247962162475806
T318,24001,60,1.0,1.0,0.39340891447034776,0.3879690366936466,0.3879690366936466,0.3879690366936466,0.3898729939154919
T318,24001,72,1.0,1.0,0.4682406737064282,0.4736984125512198,0.4736984125512198,0.4736984125512198,0.4717882039555429
T319,24001,60,0.5,1.0,0.5149042951137156,0.5154550192880416,0.5143586728347399,0.5154550192880416,0.5152923985809815
T319,24001,72,0.5,1.0,0.5409902431145566,0.5619591925467838,0.5506166261944168,0.5619591925467838,0.5573054484568072
T32,24001,60,1.0,1.0,0.6734793578811411,0.6751260222359978,0.6751260222359978,0.6751260222359978,0.6746010236153308
T32,24001,72,1.0,1.0,0.5394817532904586,0.5349569138934674,0.5349569138934674,0.5349569138934674,0.5363822383035195
T320,24001,60,0.3,1.0,0.49536190418142817,0.4901378021918404,0.49340723666804676,0.4901378021918404,0.4926586269276438
T320,24001,72,0.3,1.0,0.7659020211408623,0.7527165306458458,0.7618526679393173,0.7527165306458458,0.7591658982880839
T321,24001,60,1.0,1.0,0.4256170252192137,0.3994456074947992,0.3994456074947992,0.3994456074947992,0.4051668314469644
T321,24001,72,1.0,1.0,0.5100121207337266,0.4582000433661603,0.4582000433661603,0.4582000433661603,0.4695247490696352
T322,24001,60,1.0,1.0,0.36403784746679274,0.3709953899205306,0.3709953899205306,0.3709953899205306,0.3689367284304234
T322,24001,72,1.0,1.0,0.5263685206440966,0.5065513476893461,0.5065513476893461,0.5065513476893461,0.5121691148438746
T323,24001,60,1.0,1.0,0.6809932322037737,0.6855970957070949,0.6855970957070949,0.6855970957070949,0.6843247065238551
T323,24001,72,1.0,1.0,0.7952700831383221,0.7901339716971685,0.7901339716971685,0.7901339716971685,0.7915149478301226
T324,24001,60,0.0,1.0,0.5617728208069451,0.5730349086521944,0.5617728208069451,0.5730349086521944,0.5704349022037551
T324,24001,72,0.0,1.0,0.4155917899973896,0.3933834380419274,0.4155917899973896,0.3933834380419274,0.3984240045191365
T325,24001,60,1.0,1.0,0.5822406304718422,0.5779876400676219,0.5779876400676219,0.5779876400676219,0.5794883211349984
T325,24001,72,1.0,1.0,0.6041260690533505,0.605897794941774,0.605897794941774,0.605897794941774,0.6052545590280216
T326,24001,60,1.0,1.0,0.48197952612936246,0.483017725270682,0.483017725270682,0.483017725270682,0.4827114565239926
T326,24001,72,1.0,1.0,0.5417384639525088,0.5344734082400778,0.5344734082400778,0.5344734082400778,0.5366111362765442
T327,24001,60,0.0,1.0,1.8311711414294303,1.8302704107140353,1.8311711414294303,1.8302704107140353,1.830328358872173
T327,24001,72,0.0,1.0,0.6432822020302532,0.6424856759497771,0.6432822020302532,0.6424856759497771,0.6425541678048974
T328,24001,60,1.0,1.0,0.5541309596397486,0.5458802396069942,0.5458802396069942,0.5458802396069942,0.5472286153729718
T328,24001,72,1.0,1.0,0.5556985561969042,0.5611202376293071,0.5611202376293071,0.5611202376293071,0.5602112963023125
T329,24001,60,1.0,1.0,0.5531248903942718,0.5463848581134171,0.5463848581134171,0.5463848581134171,0.5484068677976734
T329,24001,72,1.0,1.0,0.4496469658387231,0.4474386234289958,0.4474386234289958,0.4474386234289958,0.448101126151914
T33,24001,60,0.0,1.0,0.7325320005290741,0.716749849337335,0.7325320005290741,0.716749849337335,0.7192749935280132
T33,24001,72,0.0,1.0,0.8920704408690121,0.9093670558312305,0.8920704408690121,0.9093670558312305,0.906592119237286
T330,24001,60,0.0,1.0,0.5541641263611585,0.5327847430640136,0.5541641263611585,0.5327847430640136,0.539682624546743
T330,24001,72,0.0,1.0,0.3502661890193481,0.34449026037954644,0.3502661890193481,0.34449026037954644,0.34635685138868844
T331,24001,60,0.0,1.0,0.37193637546028274,0.38030481879945105,0.37193637546028274,0.38030481879945105,0.37737586363074216
T331,24001,72,0.0,1.0,0.3459404616003804,0.3468857590254573,0.3459404616003804,0.3468857590254573,0.34655490492668034
T332,24001,60,0.0,1.0,0.6774269945793641,0.6900818785613316,0.6774269945793641,0.6900818785613316,0.6853328936298164
T332,24001,72,0.0,1.0,1.0009828241382484,1.0005596411311724,1.0009828241382484,1.0005596411311724,1.0007077018446315
T333,24001,60,1.0,1.0,0.6649874333772017,0.6654383765437247,0.6654383765437247,0.6654383765437247,0.665354952057918
T333,24001,72,1.0,1.0,0.7224223377351189,0.7224078780643725,0.7224078780643725,0.7224078780643725,0.7224079107353354
T334,24001,60,0.0,1.0,0.9363932358488759,0.9324027234468041,0.9363932358488759,0.9324027234468041,0.9336996399774773
T334,24001,72,0.0,1.0,0.5095763268035105,0.5067424732049545,0.5095763268035105,0.5067424732049545,0.5076475957207854
T335,24001,60,1.0,1.0,0.37227314384442095,0.38041303325832343,0.38041303325832343,0.38041303325832343,0.3776365844267343
T335,24001,72,1.0,1.0,0.5777743777173959,0.5761443717785794,0.5761443717785794,0.5761443717785794,0.576698573797777
T336,24001,60,0.7,1.0,0.49897269417056817,0.49860878182435986,0.4981703423457473,0.49860878182435986,0.49862483177507483
T336,24001,72,0.7,1.0,0.4906402782708036,0.4890618522240238,0.4893827958865798,0.4890618522240238,0.4894284048853506
T337,24001,60,0.6,1.0,0.5246651949766287,0.527380784678581,0.5262789682028415,0.527380784678581,0.5265779328995722
T337,24001,72,0.6,1.0,0.4116655866549018,0.411865765833226,0.4117856941618963,0.411865765833226,0.4118067129756204
T338,24001,60,1.0,1.0,0.6048876402086033,0.5939276518054848,0.5939276518054848,0.5939276518054848,0.5965530576972612
T338,24001,72,1.0,1.0,0.4072272263110244,0.40611881591068055,0.40611881591068055,0.40611881591068055,0.4063823268990855
T339,24001,60,1.0,1.0,0.6232048083442608,0.6266066508775284,0.6266066508775284,0.6266066508775284,0.6257561902442115
T339,24001,72,1.0,1.0,0.6982992264116329,0.6999327004818914,0.6999327004818914,0.6999327004818914,0.6995243319643267
T34,24001,60,1.0,1.0,0.4938549629885833,0.47191606664247604,0.47191606664247604,0.47191606664247604,0.48319537898755743
T34,24001,72,1.0,1.0,0.5830810357666976,0.5796307835295569,0.5796307835295569,0.5796307835295569,0.5814029179471315
T340,24001,60,0.0,1.0,0.525799441652588,0.5258463690742303,0.525799441652588,0.5258463690742303,0.5258059166294975
T340,24001,72,0.0,1.0,0.47498275597452844,0.4694372093167098,0.47498275597452844,0.4694372093167098,0.4710372882423502
T341,24001,60,1.0,1.0,0.5971709542992308,0.5972961960101055,0.5972961960101055,0.5972961960101055,0.5972634039684996
T341,24001,72,1.0,1.0,0.4725438040130483,0.466199231109602,0.466199231109602,0.466199231109602,0.4678168247359943
T342,24001,60,1.0,1.0,0.7450619290812935,0.7501567292813373,0.7501567292813373,0.7501567292813373,0.7481188092013198
T342,24001,72,1.0,1.0,0.6851894878053547,0.6800426431531568,0.6800426431531568,0.6800426431531568,0.682101381014036
T343,24001,60,0.0,1.0,0.7449706555782376,0.7572764662835464,0.7449706555782376,0.7572764662835464,0.7529694325366882
T343,24001,72,0.0,1.0,0.9188081148553436,0.9171557230364522,0.9188081148553436,0.9171557230364522,0.9177340601730644
T344,24001,60,1.0,1.0,0.9685140709258937,0.9213009945194094,0.9213009945194094,0.9213009945194094,0.9373475343261161
T344,24001,72,1.0,1.0,0.4606377894088447,0.45647917354760664,0.45647917354760664,0.45647917354760664,0.45787302100741367
T345,24001,60,1.0,1.0,0.5911553899627974,0.5909280882513908,0.5909280882513908,0.5909280882513908,0.5909851919214802
T345,24001,72,1.0,1.0,0.6216624809309325,0.6189740946429487,0.6189740946429487,0.6189740946429487,0.6196698238930212
T346,24001,60,0.0,1.0,0.7224303388721034,0.7031787647240002,0.7224303388721034,0.7031787647240002,0.707860787552666
T346,24001,72,0.0,1.0,0.6653380304169801,0.6465529030338626,0.6653380304169801,0.6465529030338626,0.6511552592427263
T347,24001,60,0.1,1.0,0.764607420633186,0.776225952183849,0.7656742509300205,0.776225952183849,0.7727249224263072
T347,24001,72,0.1,1.0,0.9910289226011813,1.0102157162584036,0.9926909974659569,1.0102157162584036,1.0044140153364196
T348,24001,60,1.0,1.0,0.6316118414611247,0.6296651649734023,0.6296651649734023,0.6296651649734023,0.630054500270947
T348,24001,72,1.0,1.0,0.4471394776471173,0.44363827119677357,0.44363827119677357,0.44363827119677357,0.4443385124868423
T349,24001,60,1.0,1.0,0.6554366868969822,0.644354210760281,0.644354210760281,0.644354210760281,0.6475088520816565
T349,24001,72,1.0,1.0,0.9443083527918612,0.9473390445101123,0.9473390445101123,0.9473390445101123,0.9463713920205381
T35,24001,60,0.9,1.0,0.6840469072299971,0.6550550683283413,0.6578657130079831,0.6550550683283413,0.6611170595808677
T35,24001,72,0.9,1.0,0.49407200312045113,0.4827356836969956,0.4836516836189843,0.4827356836969956,0.48508353769936596
T350,24001,60,0.0,1.0,0.5758916370818516,0.5694161492585198,0.5758916370818516,0.5694161492585198,0.5707112468231863
T350,24001,72,0.0,1.0,0.7108419009541719,0.7116545320009191,0.7108419009541719,0.7116545320009191,0.7114920057915697
T351,24001,60,1.0,1.0,0.6092385423693109,0.6059595147794927,0.6059595147794927,0.6059595147794927,0.6069038912891344
T351,24001,72,1.0,1.0,0.45229708865064183,0.4394151096898925,0.4394151096898925,0.4394151096898925,0.44314641700963425
T352,24001,60,0.2,1.0,1.070797503002313,1.0449679197129649,1.0647116216860484,1.0449679197129649,1.052716794699769
T352,24001,72,0.2,1.0,0.84463151364823,0.8175033056453965,0.8390003003896574,0.8175033056453965,0.8256417680462468
T353,24001,60,1.0,1.0,0.5680110391025531,0.5629303304247139,0.5629303304247139,0.5629303304247139,0.5641505346324183
T353,24001,72,1.0,1.0,0.480294714709651,0.4718159037071837,0.4718159037071837,0.4718159037071837,0.4738494580831655
T354,24001,60,1.0,1.0,0.42084318971363555,0.40146135327737525,0.40146135327737525,0.40146135327737525,0.4069788147822158
T354,24001,72,1.0,1.0,0.6777384115590201,0.6835758406637618,0.6835758406637618,0.6835758406637618,0.6818006591277339
T355,24001,60,1.0,1.0,1.0805830571135009,1.0982533473956624,1.0982533473956624,1.0982533473956624,1.0941653902320339
T355,24001,72,1.0,1.0,0.878712283232405,0.8140200374261783,0.8140200374261783,0.8140200374261783,0.8287437228661112
T356,24001,60,1.0,1.0,0.6589944915401517,0.6556416553558037,0.6556416553558037,0.6556416553558037,0.6564798644018908
T356,24001,72,1.0,1.0,0.6556051621174934,0.6651868538319653,0.6651868538319653,0.6651868538319653,0.6627914309033474
T357,24001,60,1.0,1.0,0.9150740107354368,0.9485937364218842,0.9485937364218842,0.9485937364218842,0.9372946635932958
T357,24001,72,1.0,1.0,0.8156432373729405,0.7647344968867609,0.7647344968867609,0.7647344968867609,0.7816965887110262
T358,24001,60,1.0,1.0,1.7800982030712038,1.8069367269388086,1.8069367269388086,1.8069367269388086,1.802084336140205
T358,24001,72,1.0,1.0,0.6796500126989686,0.6663996231388546,0.6663996231388546,0.6663996231388546,0.6687554635694791
T359,24001,60,1.0,1.0,0.4668629232215181,0.47352109413147564,0.47352109413147564,0.47352109413147564,0.4719118537289013
T359,24001,72,1.0,1.0,1.433538412299139,1.4234569181403953,1.4234569181403953,1.4234569181403953,1.425876476738494
T36,24001,60,0.0,1.0,0.7206887063933716,0.7196690393068935,0.7206887063933716,0.7196690393068935,0.7199676849854557
T36,24001,72,0.0,1.0,1.1353183701306933,1.1486291138097988,1.1353183701306933,1.1486291138097988,1.1445192327439428
T360,24001,60,1.0,1.0,0.6253056558583395,0.6367499908818475,0.6367499908818475,0.6367499908818475,0.6338889071259703
T360,24001,72,1.0,1.0,0.49225355649761693,0.48025516965120724,0.48025516965120724,0.48025516965120724,0.4832547663628096
T361,24001,60,1.0,1.0,0.5722033475559692,0.5445982629695991,0.5445982629695991,0.5445982629695991,0.552189661230851
T361,24001,72,1.0,1.0,0.7066360774161392,0.6720380321900634,0.6720380321900634,0.6720380321900634,0.6815403017842755
T362,24001,60,1.0,1.0,1.0506709795148337,1.028801192846369,1.028801192846369,1.028801192846369,1.0342686395134852
T362,24001,72,1.0,1.0,0.6568758629915286,0.6542295464321412,0.6542295464321412,0.6542295464321412,0.654891125571988
T363,24001,60,1.0,1.0,0.4544887277333196,0.45588992233347875,0.45588992233347875,0.45588992233347875,0.45524951117147017
T363,24001,72,1.0,1.0,0.47711074029781664,0.484474398834423,0.484474398834423,0.484474398834423,0.48123397922570693
T364,24001,60,0.0,1.0,0.39319471619768037,0.3916990952419126,0.39319471619768037,0.3916990952419126,0.3923061847770863
T364,24001,72,0.0,1.0,0.44572976527890923,0.3797526177025122,0.44572976527890923,0.3797526177025122,0.4083227187110639
T365,24001,60,1.0,1.0,0.41588096304293326,0.40890737664102056,0.40890737664102056,0.40890737664102056,0.4103020939214031
T365,24001,72,1.0,1.0,0.6049153718526024,0.5902027075691096,0.5902027075691096,0.5902027075691096,0.593145240425808
T366,24001,60,1.0,1.0,0.9078049345327436,0.8842235887019182,0.8842235887019182,0.8842235887019182,0.8951805015595958
T366,24001,72,1.0,1.0,0.9009926507571124,0.8894602656842638,0.8894602656842638,0.8894602656842638,0.8948188557198418
T367,24001,60,1.0,1.0,0.9469129277110281,0.8948885927795507,0.8948885927795507,0.8948885927795507,0.9078946765124203
T367,24001,72,1.0,1.0,0.6648905717167934,0.6729771553574275,0.6729771553574275,0.6729771553574275,0.670955509447269
T368,24001,60,1.0,1.0,0.7616712356880762,0.7310414671314532,0.7310414671314532,0.7310414671314532,0.7438940549283732
T368,24001,72,1.0,1.0,0.48666173301480936,0.47524059101842664,0.47524059101842664,0.47524059101842664,0.480033045495939
T369,24001,60,0.0,1.0,1.2228510695897585,1.1033818808801379,1.2228510695897585,1.1033818808801379,1.140268455181886
T369,24001,72,0.0,1.0,0.5616087580196777,0.5304132932368055,0.5616087580196777,0.5304132932368055,0.5400484360653446
T37,24001,60,1.0,1.0,0.5159254233696821,0.5008651007273933,0.5008651007273933,0.5008651007273933,0.5041711765323025
T37,24001,72,1.0,1.0,0.4675395666865376,0.45201571759635734,0.45201571759635734,0.45201571759635734,0.45543010478896984
T370,24001,60,1.0,1.0,0.5915209220132286,0.5492088189780742,0.5492088189780742,0.5492088189780742,0.5567478507757005
T370,24001,72,1.0,1.0,0.5315300169474686,0.5304230358050632,0.5304230358050632,0.5304230358050632,0.5306142996672503
T371,24001,60,1.0,1.0,0.48899500389151335,0.47984612668874776,0.47984612668874776,0.47984612668874776,0.48259078984957754
T371,24001,72,1.0,1.0,0.636067309940388,0.6067927565848995,0.6067927565848995,0.6067927565848995,0.6155751225915461
T372,24001,60,1.0,1.0,1.1211297953187507,1.0475885442499122,1.0475885442499122,1.0475885442499122,1.0733279821240056
T372,24001,72,1.0,1.0,0.47313102066378865,0.4540915586363867,0.4540915586363867,0.4540915586363867,0.4607553703459774
T373,24001,60,1.0,1.0,0.6257253320255175,0.6262928873644465,0.6262928873644465,0.6262928873644465,0.6262128892693931
T373,24001,72,1.0,1.0,1.0059347218128865,1.0157884416313707,1.0157884416313707,1.0157884416313707,1.0143907196803297
T374,24001,60,1.0,1.0,0.7130048300183551,0.7060852652064542,0.7060852652064542,0.7060852652064542,0.7082288479539721
T374,24001,72,1.0,1.0,0.5967563702869207,0.5931545331900828,0.5931545331900828,0.5931545331900828,0.5942629383527134
T375,24001,60,1.0,1.0,0.8234287846843898,0.8283257823917036,0.8283257823917036,0.8283257823917036,0.8266608031712168
T375,24001,72,1.0,1.0,0.6983251571991984,0.6962144389029771,0.6962144389029771,0.6962144389029771,0.6969303277118419
T376,24001,60,1.0,1.0,0.5458869386674392,0.5395546236562947,0.5395546236562947,0.5395546236562947,0.5411377024090809
T376,24001,72,1.0,1.0,0.5996598076616393,0.5984433322257176,0.5984433322257176,0.5984433322257176,0.598747451084698
T377,24001,60,0.0,1.0,0.6211450098178445,0.6302853407733356,0.6211450098178445,0.6302853407733356,0.6284572745822373
T377,24001,72,0.0,1.0,0.7592536719928883,0.6938441160129422,0.7592536719928883,0.6938441160129422,0.7069260272089314
T378,24001,60,0.0,1.0,0.718714604468434,0.7251352952467998,0.718714604468434,0.7251352952467998,0.7248142607078815
T378,24001,72,0.0,1.0,0.831408401891187,0.82276347379759,0.831408401891187,0.82276347379759,0.8231957202022698
T379,24001,60,1.0,1.0,0.05022241073526425,0.04810894917979176,0.04810894917979176,0.04810894917979176,0.04894665164329267
T379,24001,72,1.0,1.0,0.15676978806091302,0.13009032067193657,0.13009032067193657,0.13009032067193657,0.14075223356022554
T38,24001,60,1.0,1.0,0.6116526378609944,0.6147399921638401,0.6147399921638401,0.6147399921638401,0.6140120036670648
T38,24001,72,1.0,1.0,0.6756064953359316,0.6742912830429331,0.6742912830429331,0.6742912830429331,0.6745933834463351
T380,24001,60,0.9,1.0,0.9037524992475515,0.8890090074297647,0.8902937166659696,0.8890090074297647,0.89416922956599
T380,24001,72,0.9,1.0,1.064108651098096,1.0770572530520846,1.0756760161687506,1.0770572530520846,1.0725252423681888
T381,24001,60,1.0,1.0,0.8818804918187195,0.846720215891082,0.846720215891082,0.846720215891082,0.8625423400585189
T381,24001,72,1.0,1.0,0.91477610288008,0.9157795874630508,0.9157795874630508,0.9157795874630508,0.9153280194007138
T382,24001,60,1.0,1.0,0.6369087191410742,0.6272515338870144,0.6272515338870144,0.6272515338870144,0.6288309622977006
T382,24001,72,1.0,1.0,0.7687754056174054,0.769506120082408,0.769506120082408,0.769506120082408,0.76937915944215
T383,24001,60,1.0,1.0,0.3729176004984868,0.3450765039846999,0.3450765039846999,0.3450765039846999,0.35536704668539953
T383,24001,72,1.0,1.0,0.313688954639932,0.2960477355678626,0.2960477355678626,0.2960477355678626,0.3025132888759539
T384,24001,60,1.0,1.0,1.3416943977626008,1.312766107626656,1.312766107626656,1.312766107626656,1.324337423681034
T384,24001,72,1.0,1.0,0.9244167719987574,0.9125332984858144,0.9125332984858144,0.9125332984858144,0.9172866878909917
T385,24001,60,1.0,1.0,1.3041846505844557,1.2913192056749092,1.2913192056749092,1.2913192056749092,1.2958221113932507
T385,24001,72,1.0,1.0,0.5572711548941957,0.55093726659448,0.55093726659448,0.55093726659448,0.5531541274993804
T386,24001,60,0.0,1.0,1.0707569739962204,1.069529334207549,1.0707569739962204,1.069529334207549,1.0698404023299037
T386,24001,72,0.0,1.0,0.9873069588064342,0.9609477268605205,0.9873069588064342,0.9609477268605205,0.9701513743523733
T387,24001,60,0.0,1.0,0.5542372331681236,0.5386769279137348,0.5542372331681236,0.5386769279137348,0.5414390574733877
T387,24001,72,0.0,1.0,0.35525874736486895,0.3624424357456037,0.35525874736486895,0.3624424357456037,0.3611306295635512
T388,24001,60,1.0,1.0,0.5244465205825853,0.5062297019834512,0.5062297019834512,0.5062297019834512,0.5120135645469676
T388,24001,72,1.0,1.0,0.6070182954344133,0.6072951114824202,0.6072951114824202,0.6072951114824202,0.6071729897350365
T389,24001,60,0.0,1.0,1.2394999918363125,1.2138841595305507,1.2394999918363125,1.2138841595305507,1.2259236007142589
T389,24001,72,0.0,1.0,0.4969408792851896,0.4964050539647964,0.4969408792851896,0.4964050539647964,0.4965762895605727
T39,24001,60,0.0,1.0,1.1131696139711984,1.1208858731968208,1.1131696139711984,1.1208858731968208,1.117721628827394
T39,24001,72,0.0,1.0,0.5804308270243074,0.5844665478776007,0.5804308270243074,0.5844665478776007,0.5827894639961573
T390,24001,60,1.0,1.0,0.3616453913996372,0.35562429902660986,0.35562429902660986,0.35562429902660986,0.3568497120093431
T390,24001,72,1.0,1.0,0.5177928236965508,0.49405916918261317,0.49405916918261317,0.49405916918261317,0.4988990624391457
T391,24001,60,0.4,1.0,0.5930206379925107,0.5810612796491952,0.5877654548489378,0.5810612796491952,0.5846490871521899
T391,24001,72,0.4,1.0,0.6488300568361433,0.6462528652835002,0.6476732775397744,0.6462528652835002,0.6470260227492932
T392,24001,60,1.0,1.0,0.715661787329101,0.7085811645907151,0.7085811645907151,0.7085811645907151,0.7111548934493201
T392,24001,72,1.0,1.0,0.7226477105869833,0.7074839405146769,0.7074839405146769,0.7074839405146769,0.7130819577047791
T393,24001,60,1.0,1.0,0.9022564207147747,0.9154067567755148,0.9154067567755148,0.9154067567755148,0.9123253281496853
T393,24001,72,1.0,1.0,0.524755903537334,0.521835910932884,0.521835910932884,0.521835910932884,0.5224985434949346
T394,24001,60,1.0,1.0,0.5313341545236767,0.5163346321945071,0.5163346321945071,0.5163346321945071,0.5212664165676906
T394,24001,72,1.0,1.0,0.5270343498406465,0.5231344662742307,0.5231344662742307,0.5231344662742307,0.5244134077318985
T395,24001,60,1.0,1.0,0.9210124643882601,0.9345821177211692,0.9345821177211692,0.9345821177211692,0.9319278052965579
T395,24001,72,1.0,1.0,0.5020923781017829,0.4995112570529502,0.4995112570529502,0.4995112570529502,0.5000112519951854
T396,24001,60,1.0,1.0,0.8939983589310849,0.9051042401533647,0.9051042401533647,0.9051042401533647,0.9015993503322948
T396,24001,72,1.0,1.0,0.5709718499947837,0.5618271223238115,0.5618271223238115,0.5618271223238115,0.5646454910543175
T397,24001,60,0.0,1.0,0.39418526875136073,0.40154130160096196,0.39418526875136073,0.40154130160096196,0.3995615348316463
T397,24001,72,0.0,1.0,0.5153097240270195,0.516583277072147,0.5153097240270195,0.516583277072147,0.5161635503081532
T398,24001,60,0.0,1.0,0.5358836867880546,0.5327140679674432,0.5358836867880546,0.5327140679674432,0.5336225141706694
T398,24001,72,0.0,1.0,0.35714413870115685,0.3536250795369682,0.35714413870115685,0.3536250795369682,0.35465497897355797
T399,24001,60,0.0,1.0,0.6391890392590535,0.6125373736400808,0.6391890392590535,0.6125373736400808,0.6186448065750325
T399,24001,72,0.0,1.0,0.41319701285220606,0.3978876292958561,0.41319701285220606,0.3978876292958561,0.4013530214568264
T4,24001,60,1.0,1.0,0.39632994430482754,0.37079929387234534,0.37079929387234534,0.37079929387234534,0.3802145667765346
T4,24001,72,1.0,1.0,0.721827752944118,0.72896474191667,0.72896474191667,0.72896474191667,0.7263098195297539
T40,24001,60,0.0,1.0,1.024780896557157,0.9555816321880901,1.024780896557157,0.9555816321880901,0.977680283293275
T40,24001,72,0.0,1.0,0.4499817421236852,0.41891490372508877,0.4499817421236852,0.41891490372508877,0.42885629201263953
T400,24001,60,1.0,1.0,1.9802317208928446,2.041333067867922,2.041333067867922,2.041333067867922,2.0230026637753995
T400,24001,72,1.0,1.0,0.6331247950208579,0.601300901681812,0.601300901681812,0.601300901681812,0.6108480696835259
T401,24001,60,1.0,1.0,0.5762323616853284,0.5330316480836411,0.5330316480836411,0.5330316480836411,0.5409987248717923
T401,24001,72,1.0,1.0,0.5546599583187237,0.5408371170940177,0.5408371170940177,0.5408371170940177,0.5433923469428884
T402,24001,60,1.0,1.0,0.6457937069839252,0.6595988692228831,0.6595988692228831,0.6595988692228831,0.6528714414733412
T402,24001,72,1.0,1.0,0.7029661682567975,0.6850026764849981,0.6850026764849981,0.6850026764849981,0.693711001266679
T403,24001,60,1.0,1.0,1.6768191006056048,1.6052696418510657,1.6052696418510657,1.6052696418510657,1.6238676701639083
T403,24001,72,1.0,1.0,0.45339879835624497,0.4277085299423961,0.4277085299423961,0.4277085299423961,0.4343681622119536
T404,24001,60,1.0,1.0,0.6773874013053917,0.6318861548768888,0.6318861548768888,0.6318861548768888,0.6455365288054395
T404,24001,72,1.0,1.0,0.6122451732438988,0.5706502064485234,0.5706502064485234,0.5706502064485234,0.583128696487136
T405,24001,60,1.0,1.0,0.7792672609874843,0.7885836183047567,0.7885836183047567,0.7885836183047567,0.7856130269797024
T405,24001,72,1.0,1.0,0.5236747970372385,0.4978752878697923,0.4978752878697923,0.4978752878697923,0.5058386442338799
T406,24001,60,0.0,1.0,0.5381515417182707,0.5521591037259677,0.5381515417182707,0.5521591037259677,0.5505328298553737
T406,24001,72,0.0,1.0,0.3802207769233068,0.323998858563634,0.3802207769233068,0.323998858563634,0.32973936354324995
T407,24001,60,1.0,1.0,0.584133697469192,0.592307936744945,0.592307936744945,0.592307936744945,0.5910991613165357
T407,24001,72,1.0,1.0,0.5439123386913263,0.5310881261577592,0.5310881261577592,0.5310881261577592,0.532946887125643
T408,24001,60,1.0,1.0,1.5007643786766056,1.3516102281683136,1.3516102281683136,1.3516102281683136,1.3911115727995966
T408,24001,72,1.0,1.0,0.6817205461962516,0.6367287209120656,0.6367287209120656,0.6367287209120656,0.6486217363752482
T409,24001,60,1.0,1.0,0.4019639082628805,0.40220491583710327,0.40220491583710327,0.40220491583710327,0.4021291084175222
T409,24001,72,1.0,1.0,0.4873383742347716,0.4652923998792637,0.4652923998792637,0.4652923998792637,0.47090453516312003
T41,24001,60,1.0,1.0,0.36932828456872907,0.35718413440639113,0.35718413440639113,0.35718413440639113,0.3590057569307418
T41,24001,72,1.0,1.0,0.5032529632813733,0.5036896613883927,0.5036896613883927,0.5036896613883927,0.5036241566723397
T410,24001,60,0.0,1.0,0.6873301172160818,0.692626143684583,0.6873301172160818,0.692626143684583,0.6900539385120495
T410,24001,72,0.0,1.0,0.6508389532166927,0.6506937302535084,0.6508389532166927,0.6506937302535084,0.6507617753242082
T411,24001,60,1.0,1.0,0.9617928759242379,0.9608402874926688,0.9608402874926688,0.9608402874926688,0.96103518625193
T411,24001,72,1.0,1.0,0.8587170595052098,0.8616433855883638,0.8616433855883638,0.8616433855883638,0.8610396977348298
T412,24001,60,1.0,1.0,0.7131615392582551,0.6884168639289769,0.6884168639289769,0.6884168639289769,0.6959635816420984
T412,24001,72,1.0,1.0,1.0892161564010574,1.089455262921626,1.089455262921626,1.089455262921626,1.0893766667544718
T413,24001,60,0.0,1.0,0.3921033643592405,0.3807065751309091,0.3921033643592405,0.3807065751309091,0.38697480920649135
T413,24001,72,0.0,1.0,0.5544179224265082,0.5551362524584577,0.5544179224265082,0.5551362524584577,0.5547411709408853
T414,24001,60,1.0,1.0,0.67528523945819,0.6751973696251874,0.6751973696251874,0.6751973696251874,0.6752075733170888
T414,24001,72,1.0,1.0,0.8606121954393571,0.8630347384925954,0.8630347384925954,0.8630347384925954,0.8622716374308252
T415,24001,60,1.0,1.0,0.7582811452112646,0.7574074648874306,0.7574074648874306,0.7574074648874306,0.7576089970170073
T415,24001,72,1.0,1.0,0.9101150362058835,0.9059378138583621,0.9059378138583621,0.9059378138583621,0.9069089669388134
T416,24001,60,0.0,1.0,0.7257573300567892,0.7140000777066886,0.7257573300567892,0.7140000777066886,0.7173497248383061
T416,24001,72,0.0,1.0,0.746086893987979,0.7352360128756376,0.746086893987979,0.7352360128756376,0.7383048918406593
T417,24001,60,1.0,1.0,0.8042904175502661,0.7964639231827988,0.7964639231827988,0.7964639231827988,0.7981588892651438
T417,24001,72,1.0,1.0,0.7030684025091548,0.7033239156564084,0.7033239156564084,0.7033239156564084,0.7032627357540574
T418,24001,60,1.0,1.0,0.9534552957750629,0.9614927926906875,0.9614927926906875,0.9614927926906875,0.9594200413422002
T418,24001,72,1.0,1.0,0.8321782157657847,0.8267983679063827,0.8267983679063827,0.8267983679063827,0.8281627900691587
T419,24001,60,1.0,1.0,0.39241644620868826,0.38756933289351025,0.38756933289351025,0.38756933289351025,0.3886752290246657
T419,24001,72,1.0,1.0,0.5219649542296191,0.522948096154035,0.522948096154035,0.522948096154035,0.5227179296066071
T42,24001,60,0.0,1.0,0.3853497847933675,0.3738002899960565,0.3853497847933675,0.3738002899960565,0.3769860185278357
T42,24001,72,0.0,1.0,0.42062214260714237,0.3906228954986655,0.42062214260714237,0.3906228954986655,0.39896198899190555
T420,24001,60,1.0,1.0,0.568380716787178,0.5659055127741711,0.5659055127741711,0.5659055127741711,0.5666825213455875
T420,24001,72,1.0,1.0,0.36978859825934984,0.3592371505115429,0.3592371505115429,0.3592371505115429,0.3625607377262974
T421,24001,60,0.0,1.0,0.529443861062427,0.5205213935131514,0.529443861062427,0.5205213935131514,0.523644257155398
T421,24001,72,0.0,1.0,0.4844066981607455,0.48265333675570465,0.4844066981607455,0.48265333675570465,0.4832670132474689
T422,24001,60,1.0,1.0,0.8270104762844686,0.8061210679458019,0.8061210679458019,0.8061210679458019,0.8155981586797075
T422,24001,72,1.0,1.0,0.7581537582587516,0.7488499778534871,0.7488499778534871,0.7488499778534871,0.7530348501217349
T423,24001,60,1.0,1.0,2.319521304747327,2.344717517067211,2.344717517067211,2.344717517067211,2.336387806237375
T423,24001,72,1.0,1.0,1.3819966288300263,1.3889125372631417,1.3889125372631417,1.3889125372631417,1.386624374198111
T424,24001,60,1.0,1.0,0.33060156732057283,0.3271326518084315,0.3271326518084315,0.3271326518084315,0.3281964555476199
T424,24001,72,1.0,1.0,0.30317582543162686,0.30127008799534355,0.30127008799534355,0.30127008799534355,0.30185559679684537
T425,24001,60,1.0,1.0,1.138866693059859,1.1958318102405712,1.1958318102405712,1.1958318102405712,1.1786817278753519
T425,24001,72,1.0,1.0,1.8420309782897326,1.8776496882720464,1.8776496882720464,1.8776496882720464,1.866860312042673
T426,24001,60,1.0,1.0,0.6171830776191151,0.5979725813045011,0.5979725813045011,0.5979725813045011,0.6030609063164988
T426,24001,72,1.0,1.0,0.740240751590496,0.7125244753958822,0.7125244753958822,0.7125244753958822,0.7198692885874549
T427,24001,60,1.0,1.0,0.6048356273225324,0.5828574014125107,0.5828574014125107,0.5828574014125107,0.5900968073579194
T427,24001,72,1.0,1.0,0.6307372889802261,0.6208814395061971,0.6208814395061971,0.6208814395061971,0.6241259558121129
T428,24001,60,0.0,1.0,0.5735056454851039,0.5312095243204128,0.5735056454851039,0.5312095243204128,0.5472412610080883
T428,24001,72,0.0,1.0,0.5792703085253587,0.5801141258014125,0.5792703085253587,0.5801141258014125,0.5797635580543918
T429,24001,60,1.0,1.0,0.41097200165875203,0.40341729538313664,0.40341729538313664,0.40341729538313664,0.4043086070068698
T429,24001,72,1.0,1.0,0.582446528032156,0.5659487907137062,0.5659487907137062,0.5659487907137062,0.5679224588722279
T43,24001,60,1.0,1.0,0.4968456530228347,0.4960582181026801,0.4960582181026801,0.4960582181026801,0.4962550768327188
T43,24001,72,1.0,1.0,0.5536622923638668,0.5597577255443416,0.5597577255443416,0.5597577255443416,0.558233867249223
T430,24001,60,1.0,1.0,0.6527564306619386,0.6304380800078975,0.6304380800078975,0.6304380800078975,0.6357592435482695
T430,24001,72,1.0,1.0,0.8271395965724225,0.8295807261382311,0.8295807261382311,0.8295807261382311,0.8289860352090788
T431,24001,60,1.0,1.0,0.49895212872301703,0.5004100578891709,0.5004100578891709,0.5004100578891709,0.49997267913932486
T431,24001,72,1.0,1.0,0.5400177539406332,0.5249045960246659,0.5249045960246659,0.5249045960246659,0.5294385433994561
T432,24001,60,1.0,1.0,0.7076368228864218,0.6984680778377206,0.6984680778377206,0.6984680778377206,0.7022671334850131
T432,24001,72,1.0,1.0,0.5878850568573016,0.5844198366317397,0.5844198366317397,0.5844198366317397,0.585848553709342
T433,24001,60,1.0,1.0,0.9676165623162246,0.9728985435354881,0.9728985435354881,0.9728985435354881,0.9714399077154257
T433,24001,72,1.0,1.0,0.717746568957411,0.6985612228293182,0.6985612228293182,0.6985612228293182,0.703731751681729
T434,24001,60,1.0,1.0,0.6097561467815293,0.6045940537747517,0.6045940537747517,0.6045940537747517,0.6058202611568834
T434,24001,72,1.0,1.0,0.6037488801916558,0.5954175933566593,0.5954175933566593,0.5954175933566593,0.5974137857473807
T435,24001,60,1.0,1.0,0.5375041387242808,0.5355293472977378,0.5355293472977378,0.5355293472977378,0.5361061338881284
T435,24001,72,1.0,1.0,0.6870346550197015,0.7088503844431165,0.7088503844431165,0.7088503844431165,0.7024087960058252
T436,24001,60,0.0,1.0,0.7344928682540801,0.7247579049828744,0.7344928682540801,0.7247579049828744,0.7275153112498776
T436,24001,72,0.0,1.0,0.4998162043101426,0.48019132878570064,0.4998162043101426,0.48019132878570064,0.48577210584085007
T437,24001,60,0.2,1.0,0.3495834172368543,0.3490869885667272,0.3494841315028289,0.3490869885667272,0.34917386358399943
T437,24001,72,0.2,1.0,0.43470138931842595,0.4322375193595443,0.4341378620312821,0.4322375193595443,0.432663923238914
T438,24001,60,1.0,1.0,1.5421393665886984,1.5501766461077102,1.5501766461077102,1.5501766461077102,1.5487772648998797
T438,24001,72,1.0,1.0,0.6471794302503112,0.644284608466312,0.644284608466312,0.644284608466312,0.6447344071711074
T439,24001,60,1.0,1.0,0.7342553130639855,0.723429689943075,0.723429689943075,0.723429689943075,0.7287308110722843
T439,24001,72,1.0,1.0,0.5043421628116721,0.4897602739208457,0.4897602739208457,0.4897602739208457,0.49688786913376665
T44,24001,60,0.0,1.0,0.6812390564838852,0.6859004034535277,0.6812390564838852,0.6859004034535277,0.684501999362635
T44,24001,72,0.0,1.0,0.6178959325966522,0.6100384807247201,0.6178959325966522,0.6100384807247201,0.6123957162862997
T440,24001,60,1.0,1.0,0.4573077255280699,0.4533768999083193,0.4533768999083193,0.4533768999083193,0.454686886057143
T440,24001,72,1.0,1.0,0.46742849947289905,0.46410901544149136,0.46410901544149136,0.46410901544149136,0.4652198286071873
T441,24001,60,1.0,1.0,0.4332228586822308,0.42007238937703534,0.42007238937703534,0.42007238937703534,0.42347452134959046
T441,24001,72,1.0,1.0,0.6630239126218551,0.652989173534239,0.652989173534239,0.652989173534239,0.6555824998303376
T442,24001,60,1.0,1.0,0.44647488468874397,0.43669043851506384,0.43669043851506384,0.43669043851506384,0.4407465672756035
T442,24001,72,1.0,1.0,0.8054266180968216,0.8118396691010893,0.8118396691010893,0.8118396691010893,0.8091782529343183
T443,24001,60,0.0,1.0,0.5744593454800319,0.5385591307839486,0.5744593454800319,0.5385591307839486,0.5535860722893626
T443,24001,72,0.0,1.0,0.6176218699774024,0.5919587746886044,0.6176218699774024,0.5919587746886044,0.6027196568086564
T444,24001,60,0.0,1.0,0.7464679037355432,0.7616884551715154,0.7464679037355432,0.7616884551715154,0.7573373354341266
T444,24001,72,0.0,1.0,0.6935970916757979,0.6870752152786427,0.6935970916757979,0.6870752152786427,0.6889086921402126
T445,24001,60,0.6,1.0,0.9248349001641211,0.8963810782960029,0.907748619008202,0.8963810782960029,0.9020718426696265
T445,24001,72,0.6,1.0,0.42170761350136,0.4223779724842839,0.4218363469845395,0.4223779724842839,0.4222439006876992
T446,24001,60,0.0,1.0,0.5306947554973356,0.5167009285921471,0.5306947554973356,0.5167009285921471,0.5203346703670921
T446,24001,72,0.0,1.0,0.5546595967794459,0.5444380785948366,0.5546595967794459,0.5444380785948366,0.5470935301565887
T447,24001,60,1.0,1.0,0.34437819049116053,0.33508687891977823,0.33508687891977823,0.33508687891977823,0.3401041871683247
T447,24001,72,1.0,1.0,0.32439544953646193,0.3285868185877436,0.3285868185877436,0.3285868185877436,0.3263127545301161
T448,24001,60,1.0,1.0,0.39789567398452863,0.3786333263309923,0.3786333263309923,0.3786333263309923,0.38536975960482217
T448,24001,72,1.0,1.0,0.3139939320491986,0.29751324269128493,0.29751324269128493,0.29751324269128493,0.3032789653422436
T449,24001,60,1.0,1.0,0.4656646310762743,0.44444722879330684,0.44444722879330684,0.44444722879330684,0.4500625566295888
T449,24001,72,1.0,1.0,0.5977807586627123,0.6046000811209666,0.6046000811209666,0.6046000811209666,0.6027888777398119
T45,24001,60,1.0,1.0,1.868365688699129,1.9029002255153302,1.9029002255153302,1.9029002255153302,1.8909846520462377
T45,24001,72,1.0,1.0,0.6549419518968107,0.6412414020525083,0.6412414020525083,0.6412414020525083,0.6459676899434592
T450,24001,60,1.0,1.0,0.5249989922701731,0.5470262020505575,0.5470262020505575,0.5470262020505575,0.5423803899012853
T450,24001,72,1.0,1.0,0.3044206763455461,0.29836555851589913,0.29836555851589913,0.29836555851589913,0.2996315804533532
T451,24001,60,1.0,1.0,0.32479085670302876,0.32044470036570677,0.32044470036570677,0.32044470036570677,0.3220830694378619
T451,24001,72,1.0,1.0,0.4283849331779857,0.42842480291305995,0.42842480291305995,0.42842480291305995,0.4283932988048467
T452,24001,60,1.0,1.0,0.4322522340293029,0.4191447905147236,0.4191447905147236,0.4191447905147236,0.4231406099939362
T452,24001,72,1.0,1.0,0.6502451926727203,0.655354279071618,0.655354279071618,0.655354279071618,0.6537722564671802
T453,24001,60,1.0,1.0,0.4636620727297977,0.45771714220636084,0.45771714220636084,0.45771714220636084,0.4586088817848764
T453,24001,72,1.0,1.0,0.4312369035447433,0.4259143289082996,0.4259143289082996,0.4259143289082996,0.4267127151037662
T454,24001,60,1.0,1.0,0.3402450190133703,0.32771930223341317,0.32771930223341317,0.32771930223341317,0.33210330310639824
T454,24001,72,1.0,1.0,0.5167811054603587,0.5095252419132,0.5095252419132,0.5095252419132,0.5120647941547057
T455,24001,60,1.0,1.0,0.633790970172412,0.6043112480042911,0.6043112480042911,0.6043112480042911,0.6119647399717718
T455,24001,72,1.0,1.0,0.45883110841177266,0.4567498297181486,0.4567498297181486,0.4567498297181486,0.45728749824164866
T456,24001,60,0.0,1.0,0.32407431055637353,0.31786042379976204,0.32407431055637353,0.31786042379976204,0.32034597850240665
T456,24001,72,0.0,1.0,0.5312612940223167,0.5354763453279858,0.5312612940223167,0.5354763453279858,0.5337903248057181
T457,24001,60,1.0,1.0,0.34781786037119444,0.34042316355939983,0.34042316355939983,0.34042316355939983,0.34193877172154075
T457,24001,72,1.0,1.0,0.46063829799036426,0.4499379982969199,0.4499379982969199,0.4499379982969199,0.45213072919727004
T458,24001,60,1.0,1.0,1.0767438486855798,1.088059751336331,1.088059751336331,1.088059751336331,1.0862796747887058
T458,24001,72,1.0,1.0,0.3357679212602271,0.32129191309991834,0.32129191309991834,0.32129191309991834,0.3235314675079402
T459,24001,60,1.0,1.0,0.572622616953196,0.561333955791528,0.561333955791528,0.561333955791528,0.5657351430549389
T459,24001,72,1.0,1.0,0.7255788074983105,0.7408649449779093,0.7408649449779093,0.7408649449779093,0.7348878673135348
T46,24001,60,0.0,1.0,1.0969925685391484,1.1102625787125804,1.0969925685391484,1.1102625787125804,1.1066086824182595
T46,24001,72,0.0,1.0,0.6001519847596142,0.593187400973264,0.6001519847596142,0.593187400973264,0.5950586431012214
T460,24001,60,1.0,1.0,0.5142870601853248,0.489999294313584,0.489999294313584,0.489999294313584,0.4985000123686933
T460,24001,72,1.0,1.0,0.30841561303958476,0.30474234392047156,0.30474234392047156,0.30474234392047156,0.30602798811216114
T461,24001,60,1.0,1.0,2.024208999510745,2.014958370420026,2.014958370420026,2.014958370420026,2.0174444628449484
T461,24001,72,1.0,1.0,0.44168005572634045,0.4235233611946991,0.4235233611946991,0.4235233611946991,0.4284207394199706
T462,24001,60,1.0,1.0,0.40583647448079313,0.4101622122333555,0.4101622122333555,0.4101622122333555,0.4092970646828431
T462,24001,72,1.0,1.0,0.3913101902201328,0.3924266536185807,0.3924266536185807,0.3924266536185807,0.3922033609388912
T463,24001,60,1.0,1.0,1.069062346653504,1.0668318585288894,1.0668318585288894,1.0668318585288894,1.0672779561538122
T463,24001,72,1.0,1.0,0.22477451273828106,0.21617589105345228,0.21617589105345228,0.21617589105345228,0.21789561539041805
T464,24001,60,1.0,1.0,0.24072989495930344,0.22700322146243207,0.22700322146243207,0.22700322146243207,0.22997469043822524
T464,24001,72,1.0,1.0,0.2792137850646068,0.27070975582876255,0.27070975582876255,0.27070975582876255,0.2725664725618463
T465,24001,60,1.0,1.0,0.21322024567642942,0.18847391717964293,0.18847391717964293,0.18847391717964293,0.19960976500319688
T465,24001,72,1.0,1.0,0.4069629657110255,0.40702415165405875,0.40702415165405875,0.40702415165405875,0.40699661797969383
T466,24001,60,1.0,1.0,0.33840920649939377,0.3070976731679001,0.3070976731679001,0.3070976731679001,0.31600787837579614
T466,24001,72,1.0,1.0,0.18001107788604676,0.17114784526847746,0.17114784526847746,0.17114784526847746,0.17365820367877413
T467,24001,60,1.0,1.0,0.16689571551331606,0.15643828297822435,0.15643828297822435,0.15643828297822435,0.159499155591923
T467,24001,72,1.0,1.0,0.2738904119341869,0.2529136670871375,0.2529136670871375,0.2529136670871375,0.2590612860108078
T468,24001,60,1.0,1.0,0.6747573803270427,0.5910371685964965,0.5910371685964965,0.5910371685964965,0.6077812109426057
T468,24001,72,1.0,1.0,0.16103115310636648,0.15709879914060174,0.15709879914060174,0.15709879914060174,0.15788526993375468
T469,24001,60,1.0,1.0,0.2931058986475818,0.2659084656157675,0.2659084656157675,0.2659084656157675,0.2748812784985675
T469,24001,72,1.0,1.0,0.18057337433550108,0.17258425581685632,0.17258425581685632,0.17258425581685632,0.1752190531349211
T47,24001,60,1.0,1.0,0.4153592229183309,0.41215096380811883,0.41215096380811883,0.41215096380811883,0.41269208000215496
T47,24001,72,1.0,1.0,0.46753498853449854,0.4635186319618686,0.4635186319618686,0.4635186319618686,0.4641936468298654
T470,24001,60,0.0,1.0,0.856067983875357,0.8586049951440496,0.856067983875357,0.8586049951440496,0.8578984496756414
T470,24001,72,0.0,1.0,0.6651054962914466,0.6620623625994634,0.6651054962914466,0.6620623625994634,0.6628944535679958
T471,24001,60,0.0,1.0,0.3565088218254116,0.3289047868159495,0.3565088218254116,0.3289047868159495,0.33786174539281005
T471,24001,72,0.0,1.0,0.3839034247645579,0.37580464009599857,0.3839034247645579,0.37580464009599857,0.37842082640372243
T472,24001,60,0.0,1.0,0.7995250596345723,0.8167866881459168,0.7995250596345723,0.8167866881459168,0.8109475599452413
T472,24001,72,0.0,1.0,0.6220884198769683,0.6004372064379547,0.6220884198769683,0.6004372064379547,0.6076271576698757
T473,24001,60,1.0,1.0,0.7109061115459974,0.6965345874722846,0.6965345874722846,0.6965345874722846,0.7016285270649554
T473,24001,72,1.0,1.0,0.44346145245143537,0.4368705788341269,0.4368705788341269,0.4368705788341269,0.43920107717483636
T474,24001,60,0.0,1.0,0.6752235709794993,0.6653146952824812,0.6752235709794993,0.6653146952824812,0.6700582886729973
T474,24001,72,0.0,1.0,1.1281038735855065,1.1398301215291593,1.1281038735855065,1.1398301215291593,1.1341904952777528
T475,24001,60,1.0,1.0,0.6093169524766529,0.5955436637754957,0.5955436637754957,0.5955436637754957,0.5982762864425145
T475,24001,72,1.0,1.0,0.8631389156290405,0.8684791300130216,0.8684791300130216,0.8684791300130216,0.8673285248943443
T476,24001,60,0.0,1.0,0.3880955936442775,0.38589570126536094,0.3880955936442775,0.38589570126536094,0.3862492650436642
T476,24001,72,0.0,1.0,0.5205658137187688,0.5180726901874538,0.5205658137187688,0.5180726901874538,0.5184661064928815
T477,24001,60,0.0,1.0,0.5320424957693647,0.5330095510929467,0.5320424957693647,0.5330095510929467,0.5328816536994918
T477,24001,72,0.0,1.0,0.7531888745905148,0.7568429985195151,0.7531888745905148,0.7568429985195151,0.7563823005489614
T478,24001,60,1.0,1.0,0.7955536614913408,0.7988102169365342,0.7988102169365342,0.7988102169365342,0.7978556901853564
T478,24001,72,1.0,1.0,0.7187783429754478,0.7076502929300211,0.7076502929300211,0.7076502929300211,0.7108701446532116
T479,24001,60,1.0,1.0,0.5264489795167626,0.5131049011094446,0.5131049011094446,0.5131049011094446,0.5164409207112742
T479,24001,72,1.0,1.0,0.5504552264609869,0.5691261741353297,0.5691261741353297,0.5691261741353297,0.5644584372167439
T48,24001,60,0.8,1.0,0.6152888644205392,0.5960476493404511,0.5997226964449109,0.5960476493404511,0.5990978110990639
T48,24001,72,0.8,1.0,0.95541767102791,0.9708580379501013,0.967289489342418,0.9708580379501013,0.9683236284077623
T480,24001,60,1.0,1.0,0.40432789434763006,0.39927523806843107,0.39927523806843107,0.39927523806843107,0.4012963005801106
T480,24001,72,1.0,1.0,0.5125753373893911,0.5176104759727437,0.5176104759727437,0.5176104759727437,0.5155964205394026
T481,24001,60,1.0,1.0,0.5529690635229279,0.5520719911140071,0.5520719911140071,0.5520719911140071,0.552130069716571
T481,24001,72,1.0,1.0,0.3935050521930503,0.39195940046329536,0.39195940046329536,0.39195940046329536,0.39222441400952174
T482,24001,60,1.0,1.0,0.9750611104741053,0.987650053782859,0.987650053782859,0.987650053782859,0.983930146943895
T482,24001,72,1.0,1.0,0.56452504598126,0.5714994689321692,0.5714994689321692,0.5714994689321692,0.5694256949255675
T483,24001,60,0.0,1.0,0.8013287558220121,0.8254879335533197,0.8013287558220121,0.8254879335533197,0.8182401802339273
T483,24001,72,0.0,1.0,0.8942955408111077,0.8761575003270241,0.8942955408111077,0.8761575003270241,0.8815989124722492
T484,24001,60,0.0,1.0,1.8939157032273022,1.923940591921161,1.8939157032273022,1.923940591921161,1.9160693111040825
T484,24001,72,0.0,1.0,0.7111013884409666,0.7074308125284603,0.7111013884409666,0.7074308125284603,0.7083764230011409
T485,24001,60,1.0,1.0,0.6346748523877127,0.6291044509090303,0.6291044509090303,0.6291044509090303,0.6296614910568987
T485,24001,72,1.0,1.0,0.3779897190485309,0.3744446221305833,0.3744446221305833,0.3744446221305833,0.37479913182237806
T486,24001,60,1.0,1.0,0.4665512541183056,0.4548957314726946,0.4548957314726946,0.4548957314726946,0.456228922281679
T486,24001,72,1.0,1.0,0.5112200263650881,0.5064110318457228,0.5064110318457228,0.5064110318457228,0.5069623849734542
T487,24001,60,1.0,1.0,0.3822682135337843,0.37007609156614957,0.37007609156614957,0.37007609156614957,0.37483101913352707
T487,24001,72,1.0,1.0,0.7080038416394027,0.7124571588733062,0.7124571588733062,0.7124571588733062,0.7107100115009535
T488,24001,60,1.0,1.0,0.44518465539393953,0.44373441914224665,0.44373441914224665,0.44373441914224665,0.4441694900177545
T488,24001,72,1.0,1.0,0.6019143466769634,0.6034357785909387,0.6034357785909387,0.6034357785909387,0.602979349016746
T489,24001,60,0.0,1.0,0.5630432113249936,0.581903544352034,0.5630432113249936,0.581903544352034,0.5735226370079463
T489,24001,72,0.0,1.0,0.7725906198686221,0.7777022416044925,0.7725906198686221,0.7777022416044925,0.7754456831717971
T49,24001,60,1.0,1.0,0.5062525131518133,0.5066497903786259,0.5066497903786259,0.5066497903786259,0.5064396948231469
T49,24001,72,1.0,1.0,0.40307496852662106,0.39832588768993626,0.39832588768993626,0.39832588768993626,0.4005327841162316
T490,24001,60,0.9,1.0,0.6188885847679513,0.6038154919705145,0.6053215554334205,0.6038154919705145,0.6091645088975063
T490,24001,72,0.9,1.0,0.47650867335976393,0.46576900265398935,0.46674051674219375,0.46576900265398935,0.46952284442613657
T491,24001,60,0.0,1.0,0.5306141668403148,0.515330086948714,0.5306141668403148,0.515330086948714,0.5193706003379919
T491,24001,72,0.0,1.0,0.568367919008072,0.5447597032253585,0.568367919008072,0.5447597032253585,0.5509991392671211
T492,24001,60,0.0,1.0,0.45377129512606207,0.452224842949004,0.45377129512606207,0.452224842949004,0.45286522181851085
T492,24001,72,0.0,1.0,0.514067274905496,0.5139411927908963,0.514067274905496,0.5139411927908963,0.5139941472790281
T493,24001,60,1.0,1.0,0.4994855849136183,0.4909147930967488,0.4909147930967488,0.4909147930967488,0.4943314079692146
T493,24001,72,1.0,1.0,0.4674725568768684,0.46240955391384636,0.46240955391384636,0.46240955391384636,0.4644422505996052
T494,24001,60,0.0,1.0,0.6185659543536537,0.6255137504178268,0.6185659543536537,0.6255137504178268,0.6241965332895699
T494,24001,72,0.0,1.0,0.63576933174706,0.6383047675458673,0.63576933174706,0.6383047675458673,0.6377970479680547
T495,24001,60,1.0,1.0,0.7603101236859221,0.7448205751011772,0.7448205751011772,0.7448205751011772,0.7512463123940076
T495,24001,72,1.0,1.0,0.44790948461303615,0.4339156598401766,0.4339156598401766,0.4339156598401766,0.43971941312508145
T496,24001,60,0.0,1.0,0.43902226811252953,0.43335049535824743,0.43902226811252953,0.43335049535824743,0.4348177048980058
T496,24001,72,0.0,1.0,0.608329629162357,0.6115457818305672,0.608329629162357,0.6115457818305672,0.6107042765717872
T497,24001,60,0.2,1.0,0.7758152777987566,0.8155768737959358,0.7833539269335618,0.8155768737959358,0.8008413859711906
T497,24001,72,0.2,1.0,0.4899115014781049,0.5192673173701324,0.49556191712606834,0.5192673173701324,0.508389584115943
T498,24001,60,0.3,1.0,1.5050741631130309,1.5042142717807492,1.5047030155589216,1.5042142717807492,1.5043642016425132
T498,24001,72,0.3,1.0,0.7213871238876646,0.7048686571226693,0.7158771010184675,0.7048686571226693,0.7078140100645388
T499,24001,60,0.0,1.0,0.8554969821571293,0.8274547323524007,0.8554969821571293,0.8274547323524007,0.8327247437394829
T499,24001,72,0.0,1.0,0.3629274801277977,0.3500919824347282,0.3629274801277977,0.3500919824347282,0.35252352495154154
T5,24001,60,1.0,1.0,0.476161234582243,0.45537049901067334,0.45537049901067334,0.45537049901067334,0.4628251929509276
T5,24001,72,1.0,1.0,0.562161622526055,0.5708956811050013,0.5708956811050013,0.5708956811050013,0.5677292856273934
T50,24001,60,0.0,1.0,0.58223475453036,0.5414583990567836,0.58223475453036,0.5414583990567836,0.5601623100410025
T50,24001,72,0.0,1.0,0.45998038508639705,0.46112533738233813,0.45998038508639705,0.46112533738233813,0.4605345218315583
T500,24001,60,1.0,1.0,0.4741187806620775,0.47493650046219493,0.47493650046219493,0.47493650046219493,0.4747075335672588
T500,24001,72,1.0,1.0,0.3653338815281929,0.35444610130350396,0.35444610130350396,0.35444610130350396,0.35731053141015495
T501,24001,60,1.0,1.0,0.5052953720582134,0.4780518835000317,0.4780518835000317,0.4780518835000317,0.4852647399430462
T501,24001,72,1.0,1.0,0.49153763309490434,0.48953010615081827,0.48953010615081827,0.48953010615081827,0.49005325048396464
T502,24001,60,1.0,1.0,0.6617443015426825,0.6734362465947996,0.6734362465947996,0.6734362465947996,0.6705132603317704
T502,24001,72,1.0,1.0,0.6372258078522769,0.6665588135967637,0.6665588135967637,0.6665588135967637,0.659225562160642
T503,24001,60,1.0,1.0,0.571398490328494,0.5955530500737063,0.5955530500737063,0.5955530500737063,0.5883479653354163
T503,24001,72,1.0,1.0,0.4063681189132697,0.41351941652627694,0.41351941652627694,0.41351941652627694,0.4113801562613072
T504,24001,60,0.0,1.0,0.30993938056764225,0.30551366012312553,0.30993938056764225,0.30551366012312553,0.30674653758365006
T504,24001,72,0.0,1.0,0.7636590723662937,0.7371307129140338,0.7636590723662937,0.7371307129140338,0.7446790619101351
T505,24001,60,1.0,1.0,0.6126637957569617,0.6279223133370089,0.6279223133370089,0.6279223133370089,0.6237045185751802
T505,24001,72,1.0,1.0,0.8190466008940523,0.8060990308051278,0.8060990308051278,0.8060990308051278,0.8096491856490671
T506,24001,60,0.0,1.0,2.1196380190533923,2.047022486902867,2.1196380190533923,2.047022486902867,2.066594723031719
T506,24001,72,0.0,1.0,1.0260069816114947,0.9770533307438504,1.0260069816114947,0.9770533307438504,0.9902588485532153
T507,24001,60,0.4,1.0,0.276308456667453,0.2733196251660122,0.27508868260636904,0.2733196251660122,0.27440842753624367
T507,24001,72,0.4,1.0,0.21243946428289068,0.20117494661072863,0.2074108333746492,0.20117494661072863,0.2052503186983774
T508,24001,60,1.0,1.0,0.3288512317545906,0.3462069644001478,0.3462069644001478,0.3462069644001478,0.3432530297302515
T508,24001,72,1.0,1.0,0.3779009937643321,0.3679144822845165,0.3679144822845165,0.3679144822845165,0.3695564058991857
T509,24001,60,1.0,1.0,3.7190192136734574,3.813060292362729,3.813060292362729,3.813060292362729,3.7909618068179904
T509,24001,72,1.0,1.0,1.2385220687477043,1.2087200409570293,1.2087200409570293,1.2087200409570293,1.2153488707659288
T51,24001,60,0.0,1.0,0.4039455920907412,0.40956663493398054,0.4039455920907412,0.40956663493398054,0.4084424263653327
T51,24001,72,0.0,1.0,0.7254461675201104,0.703609076946981,0.7254461675201104,0.703609076946981,0.7079764950616069
T510,24001,60,1.0,1.0,0.6845470934182005,0.6809335945975243,0.6809335945975243,0.6809335945975243,0.6823934383354195
T510,24001,72,1.0,1.0,1.3338357040726883,1.3177271253867564,1.3177271253867564,1.3177271253867564,1.324220083401641
T511,24001,60,1.0,1.0,0.46564600208071094,0.4586470715779036,0.4586470715779036,0.4586470715779036,0.459972590345431
T511,24001,72,1.0,1.0,0.5492268132251975,0.5485704513605949,0.5485704513605949,0.5485704513605949,0.5486923687766353
T512,24001,60,1.0,1.0,0.6461027674293236,0.6411626446267917,0.6411626446267917,0.6411626446267917,0.6428333219432092
T512,24001,72,1.0,1.0,0.6133094031930997,0.5944799980226602,0.5944799980226602,0.5944799980226602,0.6008785813184524
T513,24001,60,0.0,1.0,1.1189615692306751,1.1055818397163917,1.1189615692306751,1.1055818397163917,1.1116027179978194
T513,24001,72,0.0,1.0,0.9985136062028414,0.9881925559172273,0.9985136062028414,0.9881925559172273,0.9928370285457536
T514,24001,60,0.0,1.0,0.43829148165060466,0.4310680286781351,0.43829148165060466,0.4310680286781351,0.43328819402361535
T514,24001,72,0.0,1.0,0.5861535712272548,0.5872048964388673,0.5861535712272548,0.5872048964388673,0.5868663922400988
T515,24001,60,0.0,1.0,0.4917804529926764,0.49612879783067915,0.4917804529926764,0.49612879783067915,0.4947193989494808
T515,24001,72,0.0,1.0,0.49678596607705244,0.5020542958855244,0.49678596607705244,0.5020542958855244,0.5003599221145288
T516,24001,60,0.0,1.0,0.6211470747368605,0.6409034371023844,0.6211470747368605,0.6409034371023844,0.6347745736667432
T516,24001,72,0.0,1.0,0.44632237353445325,0.44319531607407575,0.44632237353445325,0.44319531607407575,0.4441554974632657
T517,24001,60,1.0,1.0,1.6171808872817115,1.6268397540060127,1.6268397540060127,1.6268397540060127,1.6239420939887226
T517,24001,72,1.0,1.0,0.4506289725726493,0.4428085974439294,0.4428085974439294,0.4428085974439294,0.4451547099825454
T518,24001,60,1.0,1.0,0.5387965958703484,0.5393056473461331,0.5393056473461331,0.5393056473461331,0.5391112276582394
T518,24001,72,1.0,1.0,0.4823261712021544,0.4764758584338266,0.4764758584338266,0.4764758584338266,0.47849421633889966
T519,24001,60,1.0,1.0,0.4019484772589597,0.39537962751426253,0.39537962751426253,0.39537962751426253,0.39661969714352324
T519,24001,72,1.0,1.0,0.29730815902087643,0.2904140687891998,0.2904140687891998,0.2904140687891998,0.29171718886652337
T52,24001,60,0.0,1.0,0.621928313014948,0.6209338207718317,0.621928313014948,0.6209338207718317,0.6211984425799233
T52,24001,72,0.0,1.0,0.7223024606890905,0.6890018275588538,0.7223024606890905,0.6890018275588538,0.7001272467696701
T520,24001,60,0.0,1.0,0.6762983270948616,0.6943266169122911,0.6762983270948616,0.6943266169122911,0.6907574054686468
T520,24001,72,0.0,1.0,0.43735116940883634,0.44014524898120166,0.43735116940883634,0.44014524898120166,0.4394265861740239
T521,24001,60,1.0,1.0,0.6717488003954897,0.6869251124709193,0.6869251124709193,0.6869251124709193,0.6846486656596049
T521,24001,72,1.0,1.0,0.8394881149730966,0.8518923412950229,0.8518923412950229,0.8518923412950229,0.8500317073467342
T522,24001,60,0.0,1.0,0.5010244190629243,0.5048353694354741,0.5010244190629243,0.5048353694354741,0.50407162108297
T522,24001,72,0.0,1.0,0.6512269992727641,0.636367706070702,0.6512269992727641,0.636367706070702,0.6390888065592244
T523,24001,60,0.0,1.0,0.8658958765854249,0.8325636808893603,0.8658958765854249,0.8325636808893603,0.8425633395981796
T523,24001,72,0.0,1.0,0.44661154505356165,0.4397280075371499,0.44661154505356165,0.4397280075371499,0.4417930687920735
T524,24001,60,1.0,1.0,0.42424100787816,0.43098465783741063,0.43098465783741063,0.43098465783741063,0.4293883013759303
T524,24001,72,1.0,1.0,0.4074248934557799,0.414088593041043,0.414088593041043,0.414088593041043,0.4125190620004446
T525,24001,60,0.6,1.0,0.11462946187118303,0.10432943793699677,0.1084163977789421,0.10432943793699677,0.10592242703430814
T525,24001,72,0.6,1.0,0.073844317150872,0.07826888349599763,0.0764196029389866,0.07826888349599763,0.07757341669829272
T526,24001,60,1.0,1.0,0.3068706838739778,0.30266855075260624,0.30266855075260624,0.30266855075260624,0.30394535534949696
T526,24001,72,1.0,1.0,0.2957453855857201,0.291464945898308,0.291464945898308,0.291464945898308,0.29275190553613406
T527,24001,60,1.0,1.0,0.8662111992400481,0.8411365988815935,0.8411365988815935,0.8411365988815935,0.8465238785790792
T527,24001,72,1.0,1.0,0.5652171213732928,0.5329826637493542,0.5329826637493542,0.5329826637493542,0.5399089443858653
T528,24001,60,1.0,1.0,0.3123162981823354,0.3020109232557975,0.3020109232557975,0.3020109232557975,0.304587266987432
T528,24001,72,1.0,1.0,0.5548077294597588,0.5576184039711889,0.5576184039711889,0.5576184039711889,0.5569157353433314
T529,24001,60,0.5,1.0,0.5108156503817309,0.49995271788743634,0.5053841841345836,0.49995271788743634,0.5026141363485387
T529,24001,72,0.5,1.0,0.5719593223531378,0.5661847769376219,0.5689324530872968,0.5661847769376219,0.5675857678265561
T53,24001,60,1.0,1.0,0.9459248931814649,0.9447554497786814,0.9447554497786814,0.9447554497786814,0.945000752134016
T53,24001,72,1.0,1.0,0.6891048642917,0.6606388306143814,0.6606388306143814,0.6606388306143814,0.6673035391318523
T530,24001,60,0.7,1.0,1.1205734851954314,1.0947272115297961,1.1024810936294867,1.0947272115297961,1.1028687877344714
T530,24001,72,0.7,1.0,0.7964974660299861,0.8022596230803797,0.8001438685117509,0.8022596230803797,0.8003365590660735
T531,24001,60,1.0,1.0,0.4059041709924337,0.3949675006465643,0.3949675006465643,0.3949675006465643,0.3995529413265296
T531,24001,72,1.0,1.0,0.3373314912668491,0.3287710676957616,0.3287710676957616,0.3287710676957616,0.3323525448235375
T532,24001,60,0.0,1.0,0.5676877804457385,0.5729150055849497,0.5676877804457385,0.5729150055849497,0.5714386775144566
T532,24001,72,0.0,1.0,0.5592139444407463,0.5541081062599408,0.5592139444407463,0.5541081062599408,0.5555327160311216
T533,24001,60,1.0,1.0,0.6950522810225854,0.6588115915887917,0.6588115915887917,0.6588115915887917,0.6723834838956556
T533,24001,72,1.0,1.0,0.598020829271053,0.5891189293351096,0.5891189293351096,0.5891189293351096,0.5924384464413704
T534,24001,60,1.0,1.0,0.3977058693196579,0.39077013651041037,0.39077013651041037,0.39077013651041037,0.393197642993647
T534,24001,72,1.0,1.0,0.7165295803483891,0.702480058948437,0.702480058948437,0.702480058948437,0.7073973914384203
T535,24001,60,1.0,1.0,0.6134105302698124,0.6197382871855749,0.6197382871855749,0.6197382871855749,0.6181864381394133
T535,24001,72,1.0,1.0,0.307320409077817,0.3017900132215886,0.3017900132215886,0.3017900132215886,0.30314339635762927
T536,24001,60,1.0,1.0,0.5442761219312577,0.5380766473049564,0.5380766473049564,0.5380766473049564,0.5393459758912758
T536,24001,72,1.0,1.0,0.6447183704464418,0.6446854942280332,0.6446854942280332,0.6446854942280332,0.6446904307834196
T537,24001,60,1.0,1.0,0.6040425006653899,0.6019909984391297,0.6019909984391297,0.6019909984391297,0.6026559095570311
T537,24001,72,1.0,1.0,1.6048872520183357,1.6189140068017787,1.6189140068017787,1.6189140068017787,1.6140241024992736
T538,24001,60,0.0,1.0,0.2560778767374585,0.25388594445407053,0.2560778767374585,0.25388594445407053,0.25452003807075196
T538,24001,72,0.0,1.0,0.4160766884912969,0.38724616909311127,0.4160766884912969,0.38724616909311127,0.3957472051465881
T539,24001,60,0.0,1.0,0.7533344712934359,0.7346253155009952,0.7533344712934359,0.7346253155009952,0.7399219981163921
T539,24001,72,0.0,1.0,1.0842863153645295,1.0986358001512149,1.0842863153645295,1.0986358001512149,1.094442940015472
T54,24001,60,1.0,1.0,0.44332700898665556,0.4327520823780571,0.4327520823780571,0.4327520823780571,0.43586464542448206
T54,24001,72,1.0,1.0,0.6836927425804689,0.6864209498668749,0.6864209498668749,0.6864209498668749,0.68560160732168
T540,24001,60,1.0,1.0,0.6973969795694509,0.6626173101444601,0.6626173101444601,0.6626173101444601,0.6760644434538299
T540,24001,72,1.0,1.0,0.6187645455533236,0.6252923086932193,0.6252923086932193,0.6252923086932193,0.6227175367984459
T541,24001,60,1.0,1.0,0.44648668064581526,0.4419362567290931,0.4419362567290931,0.4419362567290931,0.4433013839041098
T541,24001,72,1.0,1.0,0.487372135171933,0.47711454401979503,0.47711454401979503,0.47711454401979503,0.4801918213654364
T542,24001,60,1.0,1.0,0.39764446665868813,0.3922086237445316,0.3922086237445316,0.3922086237445316,0.39397527269163246
T542,24001,72,1.0,1.0,0.5817322097976909,0.5847876632312548,0.5847876632312548,0.5847876632312548,0.5837904517909699
T543,24001,60,0.2,1.0,0.8698225199636523,0.8855441693084734,0.8728636599893841,0.8855441693084734,0.8821610996165402
T543,24001,72,0.2,1.0,0.57290755770497,0.5674940722899171,0.5715413399288919,0.5674940722899171,0.5686480145414217
T544,24001,60,0.0,1.0,1.218219212979433,1.059376230856382,1.218219212979433,1.059376230856382,1.1070291254932978
T544,24001,72,0.0,1.0,0.6986888135670648,0.7141808102343093,0.6986888135670648,0.7141808102343093,0.709533211234136
T545,24001,60,1.0,1.0,0.7539874690478493,0.7589273842665851,0.7589273842665851,0.7589273842665851,0.7571984139400276
T545,24001,72,1.0,1.0,0.6359014638500536,0.6477683632627877,0.6477683632627877,0.6477683632627877,0.6436149484683309
T546,24001,60,1.0,1.0,0.8982528412427382,0.907154210718239,0.907154210718239,0.907154210718239,0.9041645038633621
T546,24001,72,1.0,1.0,0.6693607251802466,0.6420091157418094,0.6420091157418094,0.6420091157418094,0.6511356163521465
T547,24001,60,1.0,1.0,0.4049212760309545,0.3965891294787806,0.3965891294787806,0.3965891294787806,0.3996978516516881
T547,24001,72,1.0,1.0,0.4959082973741622,0.5009951493961168,0.5009951493961168,0.5009951493961168,0.49908103248197494
T548,24001,60,1.0,1.0,0.39554199135960827,0.38827045812491207,0.38827045812491207,0.38827045812491207,0.3906610084669675
T548,24001,72,1.0,1.0,0.5603936965970909,0.5616034876003362,0.5616034876003362,0.5616034876003362,0.5611848557823527
T549,24001,60,1.0,1.0,0.4960014316636164,0.49504419934688976,0.49504419934688976,0.49504419934688976,0.49524340580945403
T549,24001,72,1.0,1.0,0.6260305388044807,0.6245152157054944,0.6245152157054944,0.6245152157054944,0.6248713166337564
T55,24001,60,0.0,1.0,0.44916289370390505,0.46207301346479884,0.44916289370390505,0.46207301346479884,0.45755447154848605
T55,24001,72,0.0,1.0,0.43546862439621514,0.4237103544829818,0.43546862439621514,0.4237103544829818,0.42782574895261344
T550,24001,60,0.0,1.0,0.5252476064955707,0.5259743591067149,0.5252476064955707,0.5259743591067149,0.525611395855228
T550,24001,72,0.0,1.0,0.4794322304712601,0.4697765322830251,0.4794322304712601,0.4697765322830251,0.4743112178127219
T551,24001,60,1.0,1.0,0.4446070951195119,0.43798861966876623,0.43798861966876623,0.43798861966876623,0.4405350912828552
T551,24001,72,1.0,1.0,0.5928100910454156,0.5873259879112147,0.5873259879112147,0.5873259879112147,0.5894297769045206
T552,24001,60,0.7,1.0,2.934338673393636,2.982493942841065,2.967774508426057,2.982493942841065,2.974283468032622
T552,24001,72,0.7,1.0,1.4010225539043888,1.4128494347624527,1.4091173597632451,1.4128494347624527,1.410830978841934
T553,24001,60,1.0,1.0,0.33793208712819883,0.33596687580649776,0.33596687580649776,0.33596687580649776,0.3364876568067485
T553,24001,72,1.0,1.0,0.41743866695888676,0.4173214119508951,0.4173214119508951,0.4173214119508951,0.4173524845280129
T554,24001,60,1.0,1.0,1.2193315103034854,1.217458308788695,1.217458308788695,1.217458308788695,1.2179948740133864
T554,24001,72,1.0,1.0,0.8665535812177946,0.856041165051428,0.856041165051428,0.856041165051428,0.8592852972858843
T555,24001,60,1.0,1.0,0.40980402517039144,0.40637235867262134,0.40637235867262134,0.40637235867262134,0.4070528001230714
T555,24001,72,1.0,1.0,0.2859920458689917,0.27958459509650113,0.27958459509650113,0.27958459509650113,0.28086122703092253
T556,24001,60,1.0,1.0,0.43467578164021,0.43172490099222033,0.43172490099222033,0.43172490099222033,0.4327895761266684
T556,24001,72,1.0,1.0,0.510832987643003,0.5018044615760654,0.5018044615760654,0.5018044615760654,0.5051155952716122
T557,24001,60,1.0,1.0,0.42275584657492427,0.41470085534471407,0.41470085534471407,0.41470085534471407,0.41711735271377715
T557,24001,72,1.0,1.0,0.8136401608615115,0.8350943102228781,0.8350943102228781,0.8350943102228781,0.8286580654144681
T558,24001,60,1.0,1.0,0.33180521087026066,0.32234931185821336,0.32234931185821336,0.32234931185821336,0.3248017567349743
T558,24001,72,1.0,1.0,0.46178542580620296,0.46872617102287306,0.46872617102287306,0.46872617102287306,0.4669148899846606
T559,24001,60,0.0,1.0,0.5334600367304352,0.5419099247048208,0.5334600367304352,0.5419099247048208,0.5396569826784978
T559,24001,72,0.0,1.0,1.2628830252633045,1.1953848469783794,1.2628830252633045,1.1953848469783794,1.213268766214358
T56,24001,60,1.0,1.0,0.8541465914493473,0.870466065718179,0.870466065718179,0.870466065718179,0.8673240603664268
T56,24001,72,1.0,1.0,0.597634217972365,0.596135862453601,0.596135862453601,0.596135862453601,0.5963910864048831
T560,24001,60,0.0,1.0,0.344949406422713,0.34520089947855703,0.344949406422713,0.34520089947855703,0.3450500036450506
T560,24001,72,0.0,1.0,0.4350516835256563,0.41015917545552777,0.4350516835256563,0.41015917545552777,0.4250946802976049
T561,24001,60,1.0,1.0,0.6723955192285307,0.635969026513324,0.635969026513324,0.635969026513324,0.6483414633312051
T561,24001,72,1.0,1.0,0.7688520377759954,0.7856414237849771,0.7856414237849771,0.7856414237849771,0.7799242736031505
T562,24001,60,1.0,1.0,0.895807630505859,0.8371239963350081,0.8371239963350081,0.8371239963350081,0.8520791963615105
T562,24001,72,1.0,1.0,0.5256561035556587,0.4935440195708838,0.4935440195708838,0.4935440195708838,0.5017265788675885
T563,24001,60,0.0,1.0,0.6072371446639341,0.5529420546995346,0.6072371446639341,0.5529420546995346,0.5707173983375935
T563,24001,72,0.0,1.0,0.5134758788820597,0.4964812437185213,0.5134758788820597,0.4964812437185213,0.5020782641743955
T564,24001,60,1.0,1.0,1.0069881204615154,0.9498769905901151,0.9498769905901151,0.9498769905901151,0.9692947747463914
T564,24001,72,1.0,1.0,0.3140138693975336,0.3065054868179539,0.3065054868179539,0.3065054868179539,0.30905594837122896
T565,24001,60,1.0,1.0,0.8165335999288283,0.7674309873946998,0.7674309873946998,0.7674309873946998,0.7809065639588105
T565,24001,72,1.0,1.0,0.5319104406809744,0.5275010975182913,0.5275010975182913,0.5275010975182913,0.5287062707875502
T566,24001,60,1.0,1.0,0.4046167512087267,0.38202668358124053,0.38202668358124053,0.38202668358124053,0.38977211268295797
T566,24001,72,1.0,1.0,0.32596521608219475,0.31761273281523594,0.31761273281523594,0.31761273281523594,0.32051973324831945
T567,24001,60,1.0,1.0,1.1392168857851512,1.0580591906426697,1.0580591906426697,1.0580591906426697,1.0742907296711661
T567,24001,72,1.0,1.0,0.49452059528907216,0.48289879834595556,0.48289879834595556,0.48289879834595556,0.4852231577345788
T568,24001,60,1.0,1.0,0.4830468465370395,0.4702541769928141,0.4702541769928141,0.4702541769928141,0.47483863846006225
T568,24001,72,1.0,1.0,0.6045483069902824,0.6018931422597114,0.6018931422597114,0.6018931422597114,0.6028221845563977
T569,24001,60,1.0,1.0,0.6343468146578746,0.6215959915007003,0.6215959915007003,0.6215959915007003,0.6255683763212971
T569,24001,72,1.0,1.0,0.3613517396205776,0.33512168393678654,0.33512168393678654,0.33512168393678654,0.34310849644700864
T57,24001,60,0.0,1.0,0.5773403073196147,0.5705764527471687,0.5773403073196147,0.5705764527471687,0.5721633782188326
T57,24001,72,0.0,1.0,0.5511584268231933,0.505130918174174,0.5511584268231933,0.505130918174174,0.5159160415456484
T570,24001,60,1.0,1.0,0.660744723666125,0.6448069506978893,0.6448069506978893,0.6448069506978893,0.6522101924527368
T570,24001,72,1.0,1.0,0.5237779859613539,0.518199386057831,0.518199386057831,0.518199386057831,0.5207433267733635
T571,24001,60,0.3,1.0,0.6850703810049037,0.6549325557249738,0.6759592622320477,0.6549325557249738,0.6662174344346307
T571,24001,72,0.3,1.0,0.36153193895298813,0.3473194914548609,0.35638527089636135,0.3473194914548609,0.35247855923940097
T572,24001,60,0.0,1.0,0.7033081742288191,0.67205377462335,0.7033081742288191,0.67205377462335,0.6826146838753226
T572,24001,72,0.0,1.0,0.6043879803228986,0.6393697423479782,0.6043879803228986,0.6393697423479782,0.6273465957922794
T573,24001,60,0.0,1.0,0.6707369646445038,0.5508980056228564,0.6707369646445038,0.5508980056228564,0.5862094667948672
T573,24001,72,0.0,1.0,0.3234117032336393,0.32377127328848293,0.3234117032336393,0.32377127328848293,0.3236651967604177
T574,24001,60,1.0,1.0,0.5093949985683375,0.4818506533348936,0.4818506533348936,0.4818506533348936,0.4836349653114597
T574,24001,72,1.0,1.0,0.329669520447114,0.338855863282994,0.338855863282994,0.338855863282994,0.33822985944284156
T575,24001,60,1.0,1.0,0.5535946773908791,0.5531564757054755,0.5531564757054755,0.5531564757054755,0.5533317563796372
T575,24001,72,1.0,1.0,0.7953864541255724,0.7815593497431149,0.7815593497431149,0.7815593497431149,0.7870901914960979
T576,24001,60,1.0,1.0,0.4798586649465054,0.45926473679607566,0.45926473679607566,0.45926473679607566,0.46677457057737887
T576,24001,72,1.0,1.0,0.3589891435304279,0.35379124693604874,0.35379124693604874,0.35379124693604874,0.35564864905207993
T577,24001,60,1.0,1.0,0.5286072615740118,0.5286413811847498,0.5286413811847498,0.5286413811847498,0.5286275559303562
T577,24001,72,1.0,1.0,0.46929898561604283,0.46522752672947276,0.46522752672947276,0.46522752672947276,0.466265046932617
T578,24001,60,1.0,1.0,0.4525334814239617,0.4440071635050338,0.4440071635050338,0.4440071635050338,0.44621799225471886
T578,24001,72,1.0,1.0,0.4827276029721565,0.4829883856046928,0.4829883856046928,0.4829883856046928,0.482907860782489
T579,24001,60,1.0,1.0,0.9008481552050168,0.9037260588018352,0.9037260588018352,0.9037260588018352,0.9030612409447905
T579,24001,72,1.0,1.0,0.4314220021189994,0.42501482038176686,0.42501482038176686,0.42501482038176686,0.4264304426350206
T58,24001,60,0.0,1.0,0.655541491862468,0.638796292497757,0.655541491862468,0.638796292497757,0.6438198523071703
T58,24001,72,0.0,1.0,0.5799067220220414,0.5472552949393463,0.5799067220220414,0.5472552949393463,0.5570507230641547
T580,24001,60,1.0,1.0,0.5705354552000176,0.5591137316185294,0.5591137316185294,0.5591137316185294,0.5635601645646775
T580,24001,72,1.0,1.0,0.33045240469297055,0.31789260184769913,0.31789260184769913,0.31789260184769913,0.3228393805962383
T581,24001,60,1.0,1.0,1.3259574501094016,1.3492499287877462,1.3492499287877462,1.3492499287877462,1.3428199092703152
T581,24001,72,1.0,1.0,0.5126492153829395,0.4874395790826875,0.4874395790826875,0.4874395790826875,0.4943675645248467
T582,24001,60,1.0,1.0,0.45450613027614634,0.44916888568157176,0.44916888568157176,0.44916888568157176,0.45116206560201666
T582,24001,72,1.0,1.0,0.5872442981305218,0.5896545609827503,0.5896545609827503,0.5896545609827503,0.5887507124131645
T583,24001,60,0.6,1.0,0.3628368888145372,0.32843920203642313,0.34078755630355556,0.32843920203642313,0.3377871606824781
T583,24001,72,0.6,1.0,0.7058276139450377,0.7043539686651555,0.7047626114600916,0.7043539686651555,0.7047479201598097
T584,24001,60,1.0,1.0,0.8918316411447647,0.8963798216919643,0.8963798216919643,0.8963798216919643,0.8951030002534912
T584,24001,72,1.0,1.0,0.622411090532593,0.6167108684034152,0.6167108684034152,0.6167108684034152,0.618303919805768
T585,24001,60,0.0,1.0,0.34469492734308427,0.34466083091837174,0.34469492734308427,0.34466083091837174,0.3446761743094924
T585,24001,72,0.0,1.0,0.3240945553796413,0.3214704794359075,0.3240945553796413,0.3214704794359075,0.32265131361058774
T586,24001,60,1.0,1.0,0.6057468050540722,0.5975332320086925,0.5975332320086925,0.5975332320086925,0.6001920287778486
T586,24001,72,1.0,1.0,0.8344018545455305,0.8332010186620866,0.8332010186620866,0.8332010186620866,0.8335720305682622
T587,24001,60,0.7,1.0,0.32252897736678,0.32660864900051834,0.32477710198646487,0.32660864900051834,0.32455725469154395
T587,24001,72,0.7,1.0,0.47824886263835925,0.4289169632473857,0.4434325622592484,0.4289169632473857,0.4530661044520478
T588,24001,60,0.0,1.0,0.2520163526451598,0.24420129869713397,0.2520163526451598,0.24420129869713397,0.2476279836666982
T588,24001,72,0.0,1.0,0.33503291488613407,0.3289630110144525,0.33503291488613407,0.3289630110144525,0.3316163473172551
T589,24001,60,1.0,1.0,0.6044052364759948,0.5843200079486985,0.5843200079486985,0.5843200079486985,0.5915333419135831
T589,24001,72,1.0,1.0,0.7059665346437811,0.6559691184520449,0.6559691184520449,0.6559691184520449,0.6739649829227456
T59,24001,60,0.0,1.0,0.7744776253666741,0.7384116255237119,0.7744776253666741,0.7384116255237119,0.7494219329979517
T59,24001,72,0.0,1.0,0.7507088263598869,0.7320246874352117,0.7507088263598869,0.7320246874352117,0.7378139807006304
T590,24001,60,0.9,1.0,0.351331221280423,0.3456842360777014,0.34612191898103745,0.3456842360777014,0.34770638863842257
T590,24001,72,0.9,1.0,0.20621456284260328,0.19793083167766212,0.198725141880559,0.19793083167766212,0.20091010664361977
T591,24001,60,1.0,1.0,0.4143377013314633,0.4110416789752478,0.4110416789752478,0.4110416789752478,0.41230641735699153
T591,24001,72,1.0,1.0,0.26775736035905506,0.2690575125628614,0.2690575125628614,0.2690575125628614,0.26851320390214384
T592,24001,60,1.0,1.0,0.4238510421887119,0.41783624824113985,0.41783624824113985,0.41783624824113985,0.4197256425696619
T592,24001,72,1.0,1.0,0.2705045487105106,0.27590914237667974,0.27590914237667974,0.27590914237667974,0.27416924179669416
T593,24001,60,1.0,1.0,0.3835890286670218,0.37333820650913624,0.37333820650913624,0.37333820650913624,0.3753883709407134
T593,24001,72,1.0,1.0,0.3435489741099383,0.3380888760028237,0.3380888760028237,0.3380888760028237,0.3391808956242467
T594,24001,60,1.0,1.0,0.6897676658906113,0.6813360906054586,0.6813360906054586,0.6813360906054586,0.6840595231065019
T594,24001,72,1.0,1.0,0.5750279659600377,0.5668149476753632,0.5668149476753632,0.5668149476753632,0.5694790887304133
T595,24001,60,1.0,1.0,1.1200790427099687,1.134715614193744,1.134715614193744,1.134715614193744,1.1321508346285794
T595,24001,72,1.0,1.0,0.5760103696907419,0.5643248458800857,0.5643248458800857,0.5643248458800857,0.5663623468717359
T596,24001,60,1.0,1.0,0.4725902982435444,0.46799043092425185,0.46799043092425185,0.46799043092425185,0.4690221545074924
T596,24001,72,1.0,1.0,0.3726607229223531,0.36271030848900454,0.36271030848900454,0.36271030848900454,0.364946461368976
T597,24001,60,1.0,1.0,0.6313780918246557,0.6334582938839564,0.6334582938839564,0.6334582938839564,0.6329382433691313
T597,24001,72,1.0,1.0,0.6131751356914844,0.6126342887703093,0.6126342887703093,0.6126342887703093,0.6127695005006031
T598,24001,60,1.0,1.0,0.4281590513263363,0.43589080891198323,0.43589080891198323,0.43589080891198323,0.4350554960015872
T598,24001,72,1.0,1.0,0.4945161124172635,0.49982043023972184,0.49982043023972184,0.49982043023972184,0.49924329983840954
T599,24001,60,1.0,1.0,0.5198473265635442,0.5236635722257315,0.5236635722257315,0.5236635722257315,0.5227614345049679
T599,24001,72,1.0,1.0,0.5181175076320944,0.5243607814509367,0.5243607814509367,0.5243607814509367,0.5228875819640458
T6,24001,60,1.0,1.0,0.43873532834977674,0.42981212513735023,0.42981212513735023,0.42981212513735023,0.4324858876169916
T6,24001,72,1.0,1.0,0.558632414432959,0.55746229431393,0.55746229431393,0.55746229431393,0.55779561470337
T60,24001,60,0.0,1.0,0.5152649596642834,0.4978331981896555,0.5152649596642834,0.4978331981896555,0.5039343147057751
T60,24001,72,0.0,1.0,0.709648427462262,0.6876058734009808,0.709648427462262,0.6876058734009808,0.6953207673224293
T600,24001,60,0.0,1.0,0.4150731549464637,0.4072174272404151,0.4150731549464637,0.4072174272404151,0.40938518451287315
T600,24001,72,0.0,1.0,0.7935516626943757,0.7713947823730412,0.7935516626943757,0.7713947823730412,0.777598708863015
T601,24001,60,0.2,1.0,0.4720664102196644,0.4673935047754156,0.471011936054902,0.4673935047754156,0.46879537640869023
T601,24001,72,0.2,1.0,0.5821457673301081,0.5888307616018552,0.5834735745256007,0.5888307616018552,0.586825263320331
T602,24001,60,1.0,1.0,0.47358398499467674,0.4722851984597746,0.4722851984597746,0.4722851984597746,0.47273977374699044
T602,24001,72,1.0,1.0,0.5805574396226021,0.5815680136920143,0.5815680136920143,0.5815680136920143,0.58121431276772
T603,24001,60,1.0,1.0,0.46137801411939805,0.4573389167066172,0.4573389167066172,0.4573389167066172,0.45856549038890426
T603,24001,72,1.0,1.0,0.39600982027351805,0.3982174479539282,0.3982174479539282,0.3982174479539282,0.3975427195549905
T604,24001,60,0.7,1.0,0.6375478768401575,0.6267614536651352,0.6298750682407344,0.6267614536651352,0.6340885607830362
T604,24001,72,0.7,1.0,0.4959864937843502,0.48811993947648197,0.4904799057688425,0.48811993947648197,0.4934691964058325
T605,24001,60,0.3,1.0,0.5116463749536725,0.5123030384060109,0.5117294897044914,0.5123030384060109,0.5121060393703092
T605,24001,72,0.3,1.0,0.546150496043466,0.5464667502821302,0.5462196421251517,0.5464667502821302,0.546371874010531
T606,24001,60,0.0,1.0,0.4580624519181912,0.45382602871411215,0.4580624519181912,0.45382602871411215,0.4547537737197743
T606,24001,72,0.0,1.0,1.0725359537180832,1.036018767426506,1.0725359537180832,1.036018767426506,1.0440342322378324
T607,24001,60,1.0,1.0,0.4417418318795819,0.42431863507792855,0.42431863507792855,0.42431863507792855,0.42840301382683854
T607,24001,72,1.0,1.0,0.3521849208643439,0.3516185965200824,0.3516185965200824,0.3516185965200824,0.351726344070033
T608,24001,60,0.0,1.0,0.39293548911407034,0.39824611415277755,0.39293548911407034,0.39824611415277755,0.39798058290084215
T608,24001,72,0.0,1.0,0.32058740166286465,0.29918383453871134,0.32058740166286465,0.29918383453871134,0.300254012894919
T609,24001,60,1.0,1.0,0.8166824388026417,0.8287797314868556,0.8287797314868556,0.8287797314868556,0.8262176289789608
T609,24001,72,1.0,1.0,0.4618430294410379,0.4692185860899504,0.4692185860899504,0.4692185860899504,0.46762726325447834
T61,24001,60,0.0,1.0,1.6350395340675261,1.7320942008534637,1.6350395340675261,1.7320942008534637,1.7078305341569795
T61,24001,72,0.0,1.0,1.1570668569041598,1.1500293578335596,1.1570668569041598,1.1500293578335596,1.1517887326012097
T610,24001,60,1.0,1.0,0.39845851402764954,0.39940825170595884,0.39940825170595884,0.39940825170595884,0.3990758435185505
T610,24001,72,1.0,1.0,0.521445489775966,0.5091069562222565,0.5091069562222565,0.5091069562222565,0.5134254429660547
T611,24001,60,1.0,1.0,0.372212080724642,0.37931468641156074,0.37931468641156074,0.37931468641156074,0.3762067793672878
T611,24001,72,1.0,1.0,0.5684856594507286,0.5563029858697545,0.5563029858697545,0.5563029858697545,0.5615362008358389
T612,24001,60,1.0,1.0,0.23345218867805473,0.2154407628468994,0.2154407628468994,0.2154407628468994,0.21937759706004484
T612,24001,72,1.0,1.0,0.16870248588841347,0.164167575038618,0.164167575038618,0.164167575038618,0.165162004616254
T613,24001,60,0.0,1.0,0.5493170296801346,0.5126435486376275,0.5493170296801346,0.5126435486376275,0.5175539214503756
T613,24001,72,0.0,1.0,0.5546299757880273,0.5544946641688826,0.5546299757880273,0.5544946641688826,0.5545013171184658
T614,24001,60,1.0,1.0,0.24673932962008743,0.2418677610053431,0.2418677610053431,0.2418677610053431,0.2437902671889684
T614,24001,72,1.0,1.0,0.24505685651382828,0.24920581188961902,0.24920581188961902,0.24920581188961902,0.24754657493126211
T615,24001,60,0.0,1.0,0.48187527292034793,0.48317577811562545,0.48187527292034793,0.48317577811562545,0.4828770577793917
T615,24001,72,0.0,1.0,0.318192939101416,0.3147538000321708,0.318192939101416,0.3147538000321708,0.3154826737059614
T616,24001,60,0.0,1.0,0.3975114310082271,0.37045466454990433,0.3975114310082271,0.37045466454990433,0.3773429236378593
T616,24001,72,0.0,1.0,0.40955318046672734,0.41783833725491065,0.40955318046672734,0.41783833725491065,0.4157230593158195
T617,24001,60,0.0,1.0,0.5508314350261552,0.5339345847871475,0.5508314350261552,0.5339345847871475,0.5381587973468992
T617,24001,72,0.0,1.0,1.1377298179974817,1.1594287095756397,1.1377298179974817,1.1594287095756397,1.1540039866811003
T618,24001,60,1.0,1.0,0.3887064674775912,0.38786762998939395,0.38786762998939395,0.38786762998939395,0.38803539748703336
T618,24001,72,1.0,1.0,0.3612898785456214,0.36294886358005785,0.36294886358005785,0.36294886358005785,0.3626170665731705
T619,24001,60,1.0,1.0,0.5894568027705033,0.5886737945687842,0.5886737945687842,0.5886737945687842,0.5888067029851844
T619,24001,72,1.0,1.0,0.2974420906587132,0.2849436124285474,0.2849436124285474,0.2849436124285474,0.28702548034880493
T62,24001,60,0.0,1.0,0.48787547022223793,0.5048393601549173,0.48787547022223793,0.5048393601549173,0.5011946717269733
T62,24001,72,0.0,1.0,0.28530520710676444,0.27688694831430216,0.28530520710676444,0.27688694831430216,0.2786132750199741
T620,24001,60,1.0,1.0,0.31275232521635166,0.3057728695251214,0.3057728695251214,0.3057728695251214,0.30799520383711193
T620,24001,72,1.0,1.0,0.19405960688773877,0.19656857920165727,0.19656857920165727,0.19656857920165727,0.19576003373816686
T621,24001,60,1.0,1.0,0.3493878320380959,0.3456434030926584,0.3456434030926584,0.3456434030926584,0.3462702675227617
T621,24001,72,1.0,1.0,0.37518291203472776,0.36761847802765013,0.36761847802765013,0.36761847802765013,0.36889180347688544
T622,24001,60,1.0,1.0,0.4215664251161755,0.39851511457468053,0.39851511457468053,0.39851511457468053,0.4064623782786276
T622,24001,72,1.0,1.0,0.5244753351802659,0.4987059758635,0.4987059758635,0.4987059758635,0.5075875345253608
T623,24001,60,0.7,1.0,0.316136332505099,0.31467370396913824,0.3150342686322898,0.31467370396913824,0.3151350010067393
T623,24001,72,0.7,1.0,0.3256247953455848,0.3247195636766257,0.32499109678569166,0.3247195636766257,0.3250092362510516
T624,24001,60,1.0,1.0,0.20710921554731562,0.20402397420090912,0.20402397420090912,0.20402397420090912,0.20462293721831473
T624,24001,72,1.0,1.0,0.19671839658502738,0.18884458525283174,0.18884458525283174,0.18884458525283174,0.1903786304161747
T625,24001,60,0.4,1.0,0.15109280931888314,0.1440490934907777,0.14815464683186733,0.1440490934907777,0.1458401005725877
T625,24001,72,0.4,1.0,0.1922769616862708,0.19350320786564348,0.1925842456410635,0.19350320786564348,0.19318726120214783
T626,24001,60,0.0,1.0,0.19018814394716876,0.18932795522974638,0.19018814394716876,0.18932795522974638,0.1895545468798244
T626,24001,72,0.0,1.0,0.14566967011827964,0.14774750674212592,0.14566967011827964,0.14774750674212592,0.14717317509587396
T627,24001,60,1.0,1.0,0.21793176957063568,0.2103436150372424,0.2103436150372424,0.2103436150372424,0.21295180436424732
T627,24001,72,1.0,1.0,0.166055638345512,0.17192756008717047,0.17192756008717047,0.17192756008717047,0.1698912163389375
T628,24001,60,0.0,1.0,0.33484489268768153,0.3307242802243102,0.33484489268768153,0.3307242802243102,0.33115012700679974
T628,24001,72,0.0,1.0,0.5283055707535729,0.5030447935076443,0.5283055707535729,0.5030447935076443,0.5056885958939918
T629,24001,60,0.0,1.0,0.570418051556334,0.5701035765608642,0.570418051556334,0.5701035765608642,0.5701651164904081
T629,24001,72,0.0,1.0,0.6847121803064298,0.6901460610668914,0.6847121803064298,0.6901460610668914,0.688907718093812
T63,24001,60,0.3,1.0,0.6428115678832801,0.6356458778218692,0.6404683794409893,0.6356458778218692,0.6377128718583144
T63,24001,72,0.3,1.0,1.0426505124458196,1.0583036541269875,1.046535970690823,1.0583036541269875,1.0536964608437906
T630,24001,60,1.0,1.0,0.5126122237018259,0.5016590827518469,0.5016590827518469,0.5016590827518469,0.5033554051011285
T630,24001,72,1.0,1.0,0.4662730484217053,0.46057821952272454,0.46057821952272454,0.46057821952272454,0.4614870077222021
T631,24001,60,1.0,1.0,0.44725371731422014,0.4477941534915684,0.4477941534915684,0.4477941534915684,0.4475703262436985
T631,24001,72,1.0,1.0,0.5752563792674579,0.5699953407471877,0.5699953407471877,0.5699953407471877,0.5720442653257988
T632,24001,60,1.0,1.0,0.6625451541434965,0.6626522375577583,0.6626522375577583,0.6626522375577583,0.6625839185241621
T632,24001,72,1.0,1.0,0.5678476722215295,0.5695088302713557,0.5695088302713557,0.5695088302713557,0.5686406143660028
T633,24001,60,1.0,1.0,0.44874781214864407,0.4407654417302689,0.4407654417302689,0.4407654417302689,0.4425575315470761
T633,24001,72,1.0,1.0,0.4506633140129218,0.4528239957981292,0.4528239957981292,0.4528239957981292,0.4523265726655629
T634,24001,60,1.0,1.0,0.49184545420808273,0.4933658873415422,0.4933658873415422,0.4933658873415422,0.4927472603427031
T634,24001,72,1.0,1.0,0.6084950745804589,0.6071987496587987,0.6071987496587987,0.6071987496587987,0.6076589450059882
T635,24001,60,0.0,1.0,0.7746126158582458,0.7077385154054251,0.7746126158582458,0.7077385154054251,0.7280990685371036
T635,24001,72,0.0,1.0,0.8943985465691823,0.8978016745958777,0.8943985465691823,0.8978016745958777,0.8965992409369576
T636,24001,60,1.0,1.0,0.600629133081507,0.6006510585668586,0.6006510585668586,0.6006510585668586,0.6006432640863923
T636,24001,72,1.0,1.0,0.4529313547065775,0.4621732428187161,0.4621732428187161,0.4621732428187161,0.4595757354917982
T637,24001,60,1.0,1.0,0.3973885875342715,0.39606078822781476,0.39606078822781476,0.39606078822781476,0.39654194559384937
T637,24001,72,1.0,1.0,0.21553202610136019,0.21107893721832655,0.21107893721832655,0.21107893721832655,0.21282082661301116
T638,24001,60,0.0,1.0,0.6077336128001041,0.5720698143981077,0.6077336128001041,0.5720698143981077,0.5792025740785067
T638,24001,72,0.0,1.0,0.47345825093225063,0.48725793297126696,0.47345825093225063,0.48725793297126696,0.48449799656346376
T639,24001,60,0.0,1.0,0.5489208947119043,0.4649111401276153,0.5489208947119043,0.4649111401276153,0.5010038733260583
T639,24001,72,0.0,1.0,0.20084525191932737,0.19913700761167796,0.20084525191932737,0.19913700761167796,0.19986665141347154
T64,24001,60,0.0,1.0,0.7036757703120313,0.6760562745085471,0.7036757703120313,0.6760562745085471,0.6824491214718608
T64,24001,72,0.0,1.0,0.7147770841501768,0.6972498186264289,0.7147770841501768,0.6972498186264289,0.7013597269794584
T640,24001,60,1.0,1.0,0.7768174607674603,0.7508147998178045,0.7508147998178045,0.7508147998178045,0.7601753518988678
T640,24001,72,1.0,1.0,0.3594864051190224,0.341166556818438,0.341166556818438,0.341166556818438,0.3477616266850245
T641,24001,60,0.0,1.0,0.9773772618336689,0.9773259893669143,0.9773772618336689,0.9773259893669143,0.9773388074836029
T641,24001,72,0.0,1.0,0.37270372799981516,0.36687130565510234,0.37270372799981516,0.36687130565510234,0.3683294112412806
T642,24001,60,1.0,1.0,0.3778202626272461,0.3573844188305173,0.3573844188305173,0.3573844188305173,0.36034663010355755
T642,24001,72,1.0,1.0,0.23480923481746707,0.23919003191601887,0.23919003191601887,0.23919003191601887,0.23855325398621421
T643,24001,60,0.0,1.0,0.41927977234261643,0.41224036755666743,0.41927977234261643,0.41224036755666743,0.415056129471047
T643,24001,72,0.0,1.0,0.44774587697317875,0.44700402190736677,0.44774587697317875,0.44700402190736677,0.4473007639336915
T644,24001,60,1.0,1.0,0.29563089141911575,0.286382138940127,0.286382138940127,0.286382138940127,0.2900816399317224
T644,24001,72,1.0,1.0,0.16946973142287416,0.165236379056256,0.165236379056256,0.165236379056256,0.16692972000290324
T645,24001,60,1.0,1.0,0.2266644697583675,0.22974534022647636,0.22974534022647636,0.22974534022647636,0.2286881976916808
T645,24001,72,1.0,1.0,0.5379775331898813,0.5397068267224413,0.5397068267224413,0.5397068267224413,0.539107157866592
T646,24001,60,0.0,1.0,0.2691449653577169,0.2785555646825618,0.2691449653577169,0.2785555646825618,0.2768049339869083
T646,24001,72,0.0,1.0,0.24973452786748943,0.25567126677268764,0.24973452786748943,0.25567126677268764,0.2545682897926878
T647,24001,60,1.0,1.0,0.4620035988279809,0.4530648219461198,0.4530648219461198,0.4530648219461198,0.4560516837425418
T647,24001,72,1.0,1.0,0.5058762564491552,0.5165251024865987,0.5165251024865987,0.5165251024865987,0.5129515928949184
T648,24001,60,1.0,1.0,0.3125193449624807,0.34012328688855237,0.34012328688855237,0.34012328688855237,0.3315364228431215
T648,24001,72,1.0,1.0,0.22222273414635677,0.21646770208254404,0.21646770208254404,0.21646770208254404,0.21823995004893187
T649,24001,60,0.0,1.0,0.34728302319442295,0.38144748305849835,0.34728302319442295,0.38144748305849835,0.3746835440995704
T649,24001,72,0.0,1.0,0.327546524493263,0.3245441641956595,0.327546524493263,0.3245441641956595,0.3251110359028201
T65,24001,60,1.0,1.0,1.1365707616569585,1.1973545271474988,1.1973545271474988,1.1973545271474988,1.182158585774864
T65,24001,72,1.0,1.0,1.4359272677644273,1.4195712400238034,1.4195712400238034,1.4195712400238034,1.4236602469589594
T650,24001,60,0.0,1.0,0.9146451148804731,0.9211195542857468,0.9146451148804731,0.9211195542857468,0.919824666404692
T650,24001,72,0.0,1.0,0.7049329990145249,0.7054352746606574,0.7049329990145249,0.7054352746606574,0.7053348195314311
T651,24001,60,0.0,1.0,0.4395852154071037,0.4299859333113889,0.4395852154071037,0.4299859333113889,0.43215397464937694
T651,24001,72,0.0,1.0,0.551661816976021,0.5529502300761978,0.551661816976021,0.5529502300761978,0.5526431991205015
T652,24001,60,1.0,1.0,0.44918253044270745,0.4590502261229049,0.4590502261229049,0.4590502261229049,0.4561702204460018
T652,24001,72,1.0,1.0,0.5423609111230774,0.5514972283306169,0.5514972283306169,0.5514972283306169,0.548842650281858
T653,24001,60,1.0,1.0,0.44497798616379464,0.4426612795195957,0.4426612795195957,0.4426612795195957,0.4433835804667786
T653,24001,72,1.0,1.0,0.33858808503947163,0.3444268086484537,0.3444268086484537,0.3444268086484537,0.3425733119169245
T654,24001,60,1.0,1.0,0.5046144200198233,0.5094894352018592,0.5094894352018592,0.5094894352018592,0.5089743947007597
T654,24001,72,1.0,1.0,0.41614980639039273,0.412497150818178,0.412497150818178,0.412497150818178,0.4128762154213262
T655,24001,60,1.0,1.0,0.400243242940508,0.39615518775551345,0.39615518775551345,0.39615518775551345,0.3966045479765851
T655,24001,72,1.0,1.0,0.793354413398088,0.7973289758296014,0.7973289758296014,0.7973289758296014,0.7968917739621348
T656,24001,60,1.0,1.0,0.14916737727395915,0.14128843594807114,0.14128843594807114,0.14128843594807114,0.1450699378144517
T656,24001,72,1.0,1.0,0.2788340395577009,0.2148547051688657,0.2148547051688657,0.2148547051688657,0.2453386700747548
T657,24001,60,1.0,1.0,0.5388869768253821,0.5405876364907298,0.5405876364907298,0.5405876364907298,0.539951974731727
T657,24001,72,1.0,1.0,0.7820174814161076,0.7870693491184205,0.7870693491184205,0.7870693491184205,0.7852134421950514
T658,24001,60,1.0,1.0,0.5223473057652079,0.5212254018181749,0.5212254018181749,0.5212254018181749,0.5216029891728196
T658,24001,72,1.0,1.0,0.6005254442386093,0.6209696900814656,0.6209696900814656,0.6209696900814656,0.6131228317553568
T659,24001,60,1.0,1.0,0.626428538627782,0.6226039700575753,0.6226039700575753,0.6226039700575753,0.6239425690571476
T659,24001,72,1.0,1.0,0.7080671155364883,0.7097972836521605,0.7097972836521605,0.7097972836521605,0.7091917248116754
T66,24001,60,1.0,1.0,5.0092841458846875,4.960053816104768,4.960053816104768,4.960053816104768,4.984668980994728
T66,24001,72,1.0,1.0,1.0550475607580494,1.0306110062870364,1.0306110062870364,1.0306110062870364,1.0428292835225428
T660,24001,60,1.0,1.0,0.4728418600004516,0.45291195778889826,0.45291195778889826,0.45291195778889826,0.45937924004452835
T660,24001,72,1.0,1.0,0.4789162329311505,0.4755787017834477,0.4755787017834477,0.4755787017834477,0.47665368234700684
T661,24001,60,0.0,1.0,0.6293329678347476,0.6392997319410033,0.6293329678347476,0.6392997319410033,0.6374374771795253
T661,24001,72,0.0,1.0,0.7061585592201511,0.7332523657442854,0.7061585592201511,0.7332523657442854,0.7282216380112349
T662,24001,60,1.0,1.0,0.38312755112275015,0.3792932399503798,0.3792932399503798,0.3792932399503798,0.38021347463174876
T662,24001,72,1.0,1.0,0.30281114288804595,0.29989042577605135,0.29989042577605135,0.29989042577605135,0.30059139788293004
T663,24001,60,1.0,1.0,0.5991056246639673,0.5927406392807879,0.5927406392807879,0.5927406392807879,0.5944408320901674
T663,24001,72,1.0,1.0,0.5146815156962289,0.5025425859448909,0.5025425859448909,0.5025425859448909,0.5058085494461547
T664,24001,60,0.3,1.0,0.6599807895969183,0.6132181106302202,0.6449035092484263,0.6132181106302202,0.6257391862853803
T664,24001,72,0.3,1.0,0.5326168652514792,0.5307583023848376,0.5319402629913189,0.5307583023848376,0.531248211018814
T665,24001,60,1.0,1.0,0.28867352732041024,0.278485095357845,0.278485095357845,0.278485095357845,0.28071971387203176
T665,24001,72,1.0,1.0,0.479328157412426,0.4865026529912177,0.4865026529912177,0.4865026529912177,0.48492418622494926
T666,24001,60,0.0,1.0,0.6617198267722891,0.6733713814641841,0.6617198267722891,0.6733713814641841,0.6685260644710392
T666,24001,72,0.0,1.0,0.3824125127083785,0.3933354013349719,0.3824125127083785,0.3933354013349719,0.38869842568509433
T667,24001,60,0.0,1.0,0.596212352398929,0.5888220428828845,0.596212352398929,0.5888220428828845,0.591250284141361
T667,24001,72,0.0,1.0,0.5496609928482046,0.5486138643825956,0.5496609928482046,0.5486138643825956,0.5489525888621054
T668,24001,60,1.0,1.0,0.350905353344305,0.3340911321700283,0.3340911321700283,0.3340911321700283,0.3382946874635976
T668,24001,72,1.0,1.0,0.2232171578536105,0.21687780327888084,0.21687780327888084,0.21687780327888084,0.21846264192256326
T669,24001,60,1.0,1.0,1.088131026377193,1.1274902861510099,1.1274902861510099,1.1274902861510099,1.116617552925227
T669,24001,72,1.0,1.0,0.39697963870704883,0.395868403718515,0.395868403718515,0.395868403718515,0.3961607861119061
T67,24001,60,0.0,1.0,0.725628773715258,0.7256601142485776,0.725628773715258,0.7256601142485776,0.7256368548399754
T67,24001,72,0.0,1.0,0.8338367584282066,0.8277049186348288,0.8338367584282066,0.8277049186348288,0.831074891653431
T670,24001,60,1.0,1.0,0.5257034688267493,0.549857258783533,0.549857258783533,0.549857258783533,0.5426850038305766
T670,24001,72,1.0,1.0,0.1651867435602961,0.16253789068804642,0.16253789068804642,0.16253789068804642,0.16329498916469018
T671,24001,60,1.0,1.0,0.6895133069845911,0.6950152762621942,0.6950152762621942,0.6950152762621942,0.6927784044700777
T671,24001,72,1.0,1.0,0.522093365451862,0.51795235000117,0.51795235000117,0.51795235000117,0.5195577109168288
T672,24001,60,0.0,1.0,0.3871680417802325,0.3922078537350666,0.3871680417802325,0.3922078537350666,0.3901092972647172
T672,24001,72,0.0,1.0,0.3301096473189945,0.3331950776813412,0.3301096473189945,0.3331950776813412,0.33189908739086044
T673,24001,60,0.0,1.0,0.47149288669007244,0.5002801440056714,0.47149288669007244,0.5002801440056714,0.49619279271547434
T673,24001,72,0.0,1.0,0.3692135977238641,0.3382640247061559,0.3692135977238641,0.3382640247061559,0.342586802888358
T674,24001,60,1.0,1.0,0.3900997624728834,0.37515171249581347,0.37515171249581347,0.37515171249581347,0.37902302149622713
T674,24001,72,1.0,1.0,0.47587212381742333,0.5088947143419976,0.5088947143419976,0.5088947143419976,0.5002756934588352
T675,24001,60,1.0,1.0,0.4766740668090011,0.47733196553304036,0.47733196553304036,0.47733196553304036,0.47717717548982996
T675,24001,72,1.0,1.0,0.4593172104390583,0.4604338122667203,0.4604338122667203,0.4604338122667203,0.46018257685549635
T676,24001,60,1.0,1.0,0.5651686012948357,0.5696485779078153,0.5696485779078153,0.5696485779078153,0.5681190919226532
T676,24001,72,1.0,1.0,0.6946804975007592,0.7673633338290387,0.7673633338290387,0.7673633338290387,0.742943929544158
T677,24001,60,1.0,1.0,0.47353407249202073,0.4669124236688852,0.4669124236688852,0.4669124236688852,0.468898918315826
T677,24001,72,1.0,1.0,0.4219928140547177,0.41719492479877535,0.41719492479877535,0.41719492479877535,0.41863429157555815
T678,24001,60,1.0,1.0,0.3601651682859641,0.34604010202048346,0.34604010202048346,0.34604010202048346,0.34801161687271953
T678,24001,72,1.0,1.0,0.3600075700435307,0.3528807557668637,0.3528807557668637,0.3528807557668637,0.35386818151907745
T679,24001,60,1.0,1.0,0.47770332218058364,0.48223998990476774,0.48223998990476774,0.48223998990476774,0.4808194838145311
T679,24001,72,1.0,1.0,0.56034894880978,0.56561074977819,0.56561074977819,0.56561074977819,0.5639548270470437
T68,24001,60,0.0,1.0,0.3959744533125954,0.3766959030438298,0.3959744533125954,0.3766959030438298,0.3826545115901312
T68,24001,72,0.0,1.0,0.6056138148181524,0.6323833081066618,0.6056138148181524,0.6323833081066618,0.6240476936004434
T680,24001,60,1.0,1.0,0.3615117436082162,0.35844698544821196,0.35844698544821196,0.35844698544821196,0.3592430746329779
T680,24001,72,1.0,1.0,0.45837021831984476,0.4580084037942462,0.4580084037942462,0.4580084037942462,0.4579497188773959
T681,24001,60,1.0,1.0,0.3387451293696205,0.3168947940824526,0.3168947940824526,0.3168947940824526,0.32427066897974477
T681,24001,72,1.0,1.0,0.21673292057818583,0.21586086690392803,0.21586086690392803,0.21586086690392803,0.2161140996728995
T682,24001,60,1.0,1.0,0.46678782952644643,0.41892331032933405,0.41892331032933405,0.41892331032933405,0.43637617957129937
T682,24001,72,1.0,1.0,0.3963125756939137,0.3837253833162252,0.3837253833162252,0.3837253833162252,0.3882894916424916
T683,24001,60,1.0,1.0,0.5720517893050225,0.5032742501284837,0.5032742501284837,0.5032742501284837,0.5235625555098771
T683,24001,72,1.0,1.0,0.18857029221779478,0.18193819778965553,0.18193819778965553,0.18193819778965553,0.18388345325856342
T684,24001,60,0.0,1.0,0.39439166411260124,0.3021529984745445,0.39439166411260124,0.3021529984745445,0.3167069949602445
T684,24001,72,0.0,1.0,0.21070690281963694,0.2048940680586723,0.21070690281963694,0.2048940680586723,0.20580688109136633
T685,24001,60,1.0,1.0,0.12461505166581946,0.12028696600396512,0.12028696600396512,0.12028696600396512,0.1219285627011818
T685,24001,72,1.0,1.0,0.22310918917024522,0.22080329545299526,0.22080329545299526,0.22080329545299526,0.2216788750696576
T686,24001,60,1.0,1.0,0.33102695974829854,0.29919768537325186,0.29919768537325186,0.29919768537325186,0.30253849232904656
T686,24001,72,1.0,1.0,0.14745760503780453,0.14638070276993007,0.14638070276993007,0.14638070276993007,0.14649227941007978
T687,24001,60,0.0,1.0,0.7658887123426309,0.7523610194397755,0.7658887123426309,0.7523610194397755,0.7555370443949193
T687,24001,72,0.0,1.0,0.42307066978329155,0.39709070700365456,0.42307066978329155,0.39709070700365456,0.40316678591526
T688,24001,60,0.0,1.0,0.5029142633790412,0.4913880496141522,0.5029142633790412,0.4913880496141522,0.49522834583972297
T688,24001,72,0.0,1.0,0.42240736356297265,0.41136165243593514,0.42240736356297265,0.41136165243593514,0.4150525358360425
T689,24001,60,1.0,1.0,0.6759550519321108,0.6711759253936291,0.6711759253936291,0.6711759253936291,0.6722222007928108
T689,24001,72,1.0,1.0,0.7329460802603482,0.7370671882902378,0.7370671882902378,0.7370671882902378,0.7361600167327951
T69,24001,60,0.0,1.0,0.5441574682769507,0.5413324984292062,0.5441574682769507,0.5413324984292062,0.5419019393524743
T69,24001,72,0.0,1.0,0.5405067786269727,0.5376364440525483,0.5405067786269727,0.5376364440525483,0.5382235505245447
T690,24001,60,1.0,1.0,0.5160431772256023,0.5133402535227215,0.5133402535227215,0.5133402535227215,0.514556569189018
T690,24001,72,1.0,1.0,1.045423834856264,1.047027497872942,1.047027497872942,1.047027497872942,1.046305849515437
T691,24001,60,0.1,1.0,0.5881551238812935,0.5862856737746459,0.5879024257232681,0.5862856737746459,0.5865720645431735
T691,24001,72,0.1,1.0,0.4797026092449016,0.48484087440368223,0.4802122913555146,0.48484087440368223,0.48404405137348805
T692,24001,60,1.0,1.0,0.6641391128077869,0.6799150333969181,0.6799150333969181,0.6799150333969181,0.6771423746702527
T692,24001,72,1.0,1.0,0.8300877404846919,0.7917989190827982,0.7917989190827982,0.7917989190827982,0.7984284851538508
T693,24001,60,0.0,1.0,0.8892626476121884,0.8668940606571368,0.8892626476121884,0.8668940606571368,0.8738118346354448
T693,24001,72,0.0,1.0,0.6024457578496399,0.598499019399503,0.6024457578496399,0.598499019399503,0.5997139250858685
T694,24001,60,1.0,1.0,0.651815523362493,0.6466997905683384,0.6466997905683384,0.6466997905683384,0.6485724884244237
T694,24001,72,1.0,1.0,2.208036754289764,2.227027733440092,2.227027733440092,2.227027733440092,2.219937451875944
T695,24001,60,0.0,1.0,0.5993463690252965,0.5478206095983384,0.5993463690252965,0.5478206095983384,0.560702049455078
T695,24001,72,0.0,1.0,0.5965475510877221,0.5539364881670984,0.5965475510877221,0.5539364881670984,0.5645892538972543
T696,24001,60,1.0,1.0,0.37887345150698826,0.3521207268694247,0.3521207268694247,0.3521207268694247,0.3611878196920659
T696,24001,72,1.0,1.0,0.3120153824862067,0.30541509009934054,0.30541509009934054,0.30541509009934054,0.30765668736690327
T697,24001,60,1.0,1.0,0.4357293847487084,0.4307499184992907,0.4307499184992907,0.4307499184992907,0.4319947850616452
T697,24001,72,1.0,1.0,0.6272922521235481,0.6235878774662933,0.6235878774662933,0.6235878774662933,0.6245139711306071
T698,24001,60,1.0,1.0,0.608209215774809,0.590033091792195,0.590033091792195,0.590033091792195,0.5945771227878484
T698,24001,72,1.0,1.0,0.3913751701022223,0.383347110362583,0.383347110362583,0.383347110362583,0.38535412529749274
T699,24001,60,1.0,1.0,0.26224690355466607,0.26059636992979723,0.26059636992979723,0.26059636992979723,0.2612727654701226
T699,24001,72,1.0,1.0,0.39168890735901063,0.3905169406587433,0.3905169406587433,0.3905169406587433,0.3910114778834527
T7,24001,60,1.0,1.0,0.5108917598639338,0.5058141211055124,0.5058141211055124,0.5058141211055124,0.5076166828647521
T7,24001,72,1.0,1.0,0.6998602142682833,0.7040468006345311,0.7040468006345311,0.7040468006345311,0.7025471848437677
T70,24001,60,1.0,1.0,1.880879009396923,1.8762324393077996,1.8762324393077996,1.8762324393077996,1.8772967235376563
T70,24001,72,1.0,1.0,0.8070217905245607,0.8131723980360893,0.8131723980360893,0.8131723980360893,0.8117132605531244
T700,24001,60,1.0,1.0,0.5242620875206552,0.5264349721125952,0.5264349721125952,0.5264349721125952,0.5260003951942072
T700,24001,72,1.0,1.0,0.6330890710120873,0.631966397514942,0.631966397514942,0.631966397514942,0.6321909322143711
T701,24001,60,1.0,1.0,0.9240866811572694,0.9145704940348751,0.9145704940348751,0.9145704940348751,0.9169825932968376
T701,24001,72,1.0,1.0,0.8448401530823157,0.834021090458696,0.834021090458696,0.834021090458696,0.8367878231115474
T702,24001,60,0.0,1.0,0.6378339874466152,0.6634775593200566,0.6378339874466152,0.6634775593200566,0.6557844877580242
T702,24001,72,0.0,1.0,0.5469525856885492,0.5488907682706066,0.5469525856885492,0.5488907682706066,0.5483093134959893
T703,24001,60,0.0,1.0,2.928554338123923,2.9346566194114287,2.928554338123923,2.9346566194114287,2.9331615604959898
T703,24001,72,0.0,1.0,0.6905741790418213,0.6898684096415475,0.6905741790418213,0.6898684096415475,0.6900379766658259
T704,24001,60,0.0,1.0,0.615955266772722,0.6239763011151415,0.615955266772722,0.6239763011151415,0.6220423235906868
T704,24001,72,0.0,1.0,0.4719296802306462,0.4729169472566628,0.4719296802306462,0.4729169472566628,0.4726653203886338
T705,24001,60,1.0,1.0,0.2383659756675231,0.22332667817000468,0.22332667817000468,0.22332667817000468,0.2304340009765013
T705,24001,72,1.0,1.0,0.3304474088843096,0.2919518764189026,0.2919518764189026,0.2919518764189026,0.31016178089658836
T706,24001,60,1.0,1.0,0.36714210565082483,0.3478176857292301,0.3478176857292301,0.3478176857292301,0.35071634871746926
T706,24001,72,1.0,1.0,0.24877200950942574,0.2431905001138014,0.2431905001138014,0.2431905001138014,0.24402772652314503
T707,24001,60,1.0,1.0,0.28954943598481686,0.294541401990882,0.294541401990882,0.294541401990882,0.29385674631585074
T707,24001,72,1.0,1.0,0.3395189958823959,0.31286799404980215,0.31286799404980215,0.31286799404980215,0.31629147220755693
T708,24001,60,1.0,1.0,0.28486306644773723,0.2837416399433542,0.2837416399433542,0.2837416399433542,0.28388301123796655
T708,24001,72,1.0,1.0,0.7203761547639592,0.7262073133366362,0.7262073133366362,0.7262073133366362,0.7253879365328558
T709,24001,60,0.0,1.0,0.5569115075244798,0.5688707839926342,0.5569115075244798,0.5688707839926342,0.5648337119420803
T709,24001,72,0.0,1.0,0.3381411678690653,0.342262283638589,0.3381411678690653,0.342262283638589,0.34087113977322403
T71,24001,60,1.0,1.0,0.3687589522843206,0.3722580443427651,0.3722580443427651,0.3722580443427651,0.3712083167252318
T71,24001,72,1.0,1.0,0.4016095246149616,0.39190547018159827,0.39190547018159827,0.39190547018159827,0.3948166865116073
T710,24001,60,1.0,1.0,0.30542952004049406,0.323137909092009,0.323137909092009,0.323137909092009,0.31761006708017303
T710,24001,72,1.0,1.0,0.31982221171526376,0.3126695952606488,0.3126695952606488,0.3126695952606488,0.3148790219732462
T711,24001,60,0.0,1.0,0.8153287014325289,0.8011144797973495,0.8153287014325289,0.8011144797973495,0.8053739199023833
T711,24001,72,0.0,1.0,0.42375232623223785,0.40099515746616515,0.42375232623223785,0.40099515746616515,0.40759359058280237
T712,24001,60,0.0,1.0,0.4788602491470837,0.46745702861798555,0.4788602491470837,0.46745702861798555,0.4699558932720439
T712,24001,72,0.0,1.0,0.41546226352892307,0.40435899032570016,0.41546226352892307,0.40435899032570016,0.4068004100513319
T713,24001,60,0.7,1.0,0.5638541971478035,0.5631662748031477,0.563351047638508,0.5631662748031477,0.5633763539869198
T713,24001,72,0.7,1.0,0.6951714612570133,0.7015547679775651,0.69951354468569,0.7015547679775651,0.6995596566162559
T714,24001,60,1.0,1.0,0.5882928805443953,0.5850375406994108,0.5850375406994108,0.5850375406994108,0.5853558016527554
T714,24001,72,1.0,1.0,0.7609524370759453,0.7610068854597183,0.7610068854597183,0.7610068854597183,0.7609911514107189
T715,24001,60,0.0,1.0,0.5380705780962924,0.5427238965630609,0.5380705780962924,0.5427238965630609,0.5419218170459317
T715,24001,72,0.0,1.0,0.5321339654048345,0.5339182222229867,0.5321339654048345,0.5339182222229867,0.5336039868096393
T716,24001,60,1.0,1.0,0.5939916745517297,0.5984703292877408,0.5984703292877408,0.5984703292877408,0.5977295596398412
T716,24001,72,1.0,1.0,0.4520721010957227,0.44863848722331606,0.44863848722331606,0.44863848722331606,0.4491918475794046
T717,24001,60,0.1,1.0,0.7105798991588222,0.7105457337312274,0.7104441983145737,0.7105457337312274,0.7105195721144064
T717,24001,72,0.1,1.0,2.696166157056596,2.721585468798323,2.698366838768458,2.721585468798323,2.716045564682827
T718,24001,60,0.0,1.0,0.6267708396611791,0.5569533727830039,0.6267708396611791,0.5569533727830039,0.5733183293406117
T718,24001,72,0.0,1.0,0.5535852940956827,0.5286038969948398,0.5535852940956827,0.5286038969948398,0.5344162812516973
T719,24001,60,1.0,1.0,0.4550213736756855,0.4002855611586056,0.4002855611586056,0.4002855611586056,0.4152579372619026
T719,24001,72,1.0,1.0,0.3869728733178315,0.3805535491872233,0.3805535491872233,0.3805535491872233,0.3823082579035591
T72,24001,60,1.0,1.0,0.6469021245911314,0.6440108505141946,0.6440108505141946,0.6440108505141946,0.6453966429981919
T72,24001,72,1.0,1.0,0.5356331820637693,0.53746674268962,0.53746674268962,0.53746674268962,0.5365541786464467
T720,24001,60,0.0,1.0,0.5436632498658154,0.5461884702444354,0.5436632498658154,0.5461884702444354,0.5458686942871239
T720,24001,72,0.0,1.0,0.6156525879324415,0.618102025202714,0.6156525879324415,0.618102025202714,0.6177933317123262
T721,24001,60,1.0,1.0,0.4723644600239982,0.466558565972384,0.466558565972384,0.466558565972384,0.4676597995036544
T721,24001,72,1.0,1.0,0.33308749434361895,0.32165160803172865,0.32165160803172865,0.32165160803172865,0.32382442643098786
T722,24001,60,1.0,1.0,0.20291528885186022,0.18902449837244858,0.18902449837244858,0.18902449837244858,0.1920572861955491
T722,24001,72,1.0,1.0,0.29949659837464276,0.29723514438286647,0.29723514438286647,0.29723514438286647,0.2977326642610572
T723,24001,60,1.0,1.0,0.5629056921201768,0.5627191416412805,0.5627191416412805,0.5627191416412805,0.5627703805957586
T723,24001,72,1.0,1.0,0.6075366388699969,0.5959412619794644,0.5959412619794644,0.5959412619794644,0.5993603169969052
T724,24001,60,0.0,1.0,0.36252618646525836,0.3621317454472192,0.36252618646525836,0.3621317454472192,0.3622508889631472
T724,24001,72,0.0,1.0,0.6211549224166768,0.612295319606531,0.6211549224166768,0.612295319606531,0.616222161613358
T725,24001,60,1.0,1.0,0.4987731710084122,0.4575976277921361,0.4575976277921361,0.4575976277921361,0.46642558492639247
T725,24001,72,1.0,1.0,0.2664948879342846,0.261190825958702,0.261190825958702,0.261190825958702,0.2623099675162407
T726,24001,60,1.0,1.0,0.30627036539885366,0.3048736984367934,0.3048736984367934,0.3048736984367934,0.30518862632067584
T726,24001,72,1.0,1.0,0.24852751594063563,0.2464689721922959,0.2464689721922959,0.2464689721922959,0.24693564369360158
T727,24001,60,1.0,1.0,0.3194604312738809,0.3209657908872793,0.3209657908872793,0.3209657908872793,0.3205761014376274
T727,24001,72,1.0,1.0,0.35607626547280674,0.3618477734636366,0.3618477734636366,0.3618477734636366,0.36037288084049524
T728,24001,60,1.0,1.0,0.33380181517965113,0.33252732996147005,0.33252732996147005,0.33252732996147005,0.3326771487134619
T728,24001,72,1.0,1.0,0.7090783560747801,0.7159955568662442,0.7159955568662442,0.7159955568662442,0.7151643369360385
T729,24001,60,0.0,1.0,0.671531907876185,0.6873123896792593,0.671531907876185,0.6873123896792593,0.6810285121152866
T729,24001,72,0.0,1.0,0.40895510270333174,0.40905187358448974,0.40895510270333174,0.40905187358448974,0.4089739858696416
T73,24001,60,1.0,1.0,0.8914057355113048,0.8876091593936142,0.8876091593936142,0.8876091593936142,0.8889379610348058
T73,24001,72,1.0,1.0,1.112752003126871,1.176782683644376,1.176782683644376,1.176782683644376,1.1543719454632493
T730,24001,60,1.0,1.0,0.3299371904157374,0.36438190967179046,0.36438190967179046,0.36438190967179046,0.34813853490683144
T730,24001,72,1.0,1.0,0.24915740930509803,0.2509900613141097,0.2509900613141097,0.2509900613141097,0.2500872156242172
T731,24001,60,1.0,1.0,0.4780620951119018,0.45744724284679267,0.45744724284679267,0.45744724284679267,0.46372278221524715
T731,24001,72,1.0,1.0,0.8793071614740381,0.8490462743638431,0.8490462743638431,0.8490462743638431,0.8582644586181047
T732,24001,60,1.0,1.0,0.29526596656458565,0.29399502881970435,0.29399502881970435,0.29399502881970435,0.2942492163686806
T732,24001,72,1.0,1.0,0.20961703213883687,0.20127575782677376,0.20127575782677376,0.20127575782677376,0.20294401268918638
T733,24001,60,1.0,1.0,0.2403991706995909,0.22950490239214077,0.22950490239214077,0.22950490239214077,0.23189199029623805
T733,24001,72,1.0,1.0,0.2832633253985816,0.2635891796214538,0.2635891796214538,0.2635891796214538,0.26786649088292813
T734,24001,60,0.1,1.0,1.2029061408416917,1.2851220884255012,1.210962471871069,1.2851220884255012,1.2456249001230435
T734,24001,72,0.1,1.0,0.8040696939336633,0.7771503014699628,0.8012693609267221,0.7771503014699628,0.7900344079118398
T735,24001,60,1.0,1.0,0.5308536284048674,0.5306003031610371,0.5306003031610371,0.5306003031610371,0.5307028817024304
T735,24001,72,1.0,1.0,0.7683905788396896,0.767568782329592,0.767568782329592,0.767568782329592,0.7679061450695993
T736,24001,60,0.0,1.0,0.4825792034958287,0.45025831800753385,0.4825792034958287,0.45025831800753385,0.4680348050260961
T736,24001,72,0.0,1.0,1.0237303317941715,0.9960337548495797,1.0237303317941715,0.9960337548495797,1.0112668721691054
T737,24001,60,1.0,1.0,0.583343686921343,0.5691039242521229,0.5691039242521229,0.5691039242521229,0.5726638649194278
T737,24001,72,1.0,1.0,0.7574583359574707,0.7141003589559988,0.7141003589559988,0.7141003589559988,0.7249398532063668
T738,24001,60,1.0,1.0,0.5637502380366985,0.5548852272671153,0.5548852272671153,0.5548852272671153,0.5567773022647697
T738,24001,72,1.0,1.0,0.7275411027203824,0.7270775756828621,0.7270775756828621,0.7270775756828621,0.7271633004018461
T739,24001,60,0.0,1.0,0.5557306622573368,0.5678986918621873,0.5557306622573368,0.5678986918621873,0.5647912630705937
T739,24001,72,0.0,1.0,0.7905885322315684,0.7709417954478901,0.7905885322315684,0.7709417954478901,0.7759434062787969
T74,24001,60,1.0,1.0,0.8239293485155482,0.8330291906069818,0.8330291906069818,0.8330291906069818,0.8308574625641963
T74,24001,72,1.0,1.0,0.6061583786133748,0.6011446530451457,0.6011446530451457,0.6011446530451457,0.6022778439029527
T740,24001,60,1.0,1.0,0.5538074692176738,0.5620210292028844,0.5620210292028844,0.5620210292028844,0.5595537351508311
T740,24001,72,1.0,1.0,0.47909503015552324,0.47734222833066536,0.47734222833066536,0.47734222833066536,0.4778653256932649
T741,24001,60,1.0,1.0,0.6968586219005168,0.6977994740291225,0.6977994740291225,0.6977994740291225,0.6975882820343101
T741,24001,72,1.0,1.0,0.8694017103589914,0.8625226014943037,0.8625226014943037,0.8625226014943037,0.8638413652321244
T742,24001,60,0.0,1.0,0.47674156720000016,0.466820451052271,0.47674156720000016,0.466820451052271,0.4696907189924354
T742,24001,72,0.0,1.0,1.3385234724420132,1.3280212898074657,1.3385234724420132,1.3280212898074657,1.331060698839976
T743,24001,60,0.3,1.0,0.913335754805653,0.8374073985920826,0.8885454290680999,0.8374073985920826,0.8605236177200553
T743,24001,72,0.3,1.0,0.6372689716496862,0.6383395504752846,0.6362844405627448,0.6383395504752846,0.6379890435688104
T744,24001,60,0.0,1.0,0.9348650085950313,0.8452181653059656,0.9348650085950313,0.8452181653059656,0.8671108244898245
T744,24001,72,0.0,1.0,0.3367583692002552,0.3152514924268211,0.3367583692002552,0.3152514924268211,0.3204758735401622
T745,24001,60,1.0,1.0,0.5582373381613053,0.5452161254671154,0.5452161254671154,0.5452161254671154,0.5508702627150166
T745,24001,72,1.0,1.0,0.8594224609692066,0.8727046697786554,0.8727046697786554,0.8727046697786554,0.8668883885023012
T746,24001,60,1.0,1.0,0.2927909075607297,0.28325853990575695,0.28325853990575695,0.28325853990575695,0.28421177667125413
T746,24001,72,1.0,1.0,0.45283728837428183,0.44655154183117196,0.44655154183117196,0.44655154183117196,0.44718011648548295
T747,24001,60,0.0,1.0,0.3500183934522005,0.3274992530305462,0.3500183934522005,0.3274992530305462,0.33181701307439965
T747,24001,72,0.0,1.0,0.7176836235976075,0.6499218949266573,0.7176836235976075,0.6499218949266573,0.6630896770200656
T748,24001,60,0.8,1.0,1.1244977747436697,1.1320153680331817,1.130020402190952,1.1320153680331817,1.1283352141962915
T748,24001,72,0.8,1.0,0.6185416459360961,0.6033458602054123,0.6062577865166429,0.6033458602054123,0.6106207527309045
T749,24001,60,1.0,1.0,0.38609500568233035,0.3761806494616904,0.3761806494616904,0.3761806494616904,0.37778781331692385
T749,24001,72,1.0,1.0,0.5270887089338585,0.5252879055166165,0.5252879055166165,0.5252879055166165,0.5255581133428455
T75,24001,60,0.0,1.0,0.6338073116695535,0.6323825807822551,0.6338073116695535,0.6323825807822551,0.632888360247246
T75,24001,72,0.0,1.0,0.36576094663130915,0.3370462906741329,0.36576094663130915,0.3370462906741329,0.347129903441039
T750,24001,60,1.0,1.0,0.5413139962202119,0.5359952468067202,0.5359952468067202,0.5359952468067202,0.5376401417905481
T750,24001,72,1.0,1.0,0.7354252999785849,0.7428285696778945,0.7428285696778945,0.7428285696778945,0.740529402166928
T751,24001,60,1.0,1.0,0.7578968774949958,0.7504319601358832,0.7504319601358832,0.7504319601358832,0.7525221369964347
T751,24001,72,1.0,1.0,0.5468449333389368,0.5413894270185324,0.5413894270185324,0.5413894270185324,0.5429054490317005
T752,24001,60,1.0,1.0,0.29029555484588115,0.2768783967254409,0.2768783967254409,0.2768783967254409,0.2808143504466578
T752,24001,72,1.0,1.0,0.28822347192383646,0.3119935780526588,0.3119935780526588,0.3119935780526588,0.3049322854776958
T753,24001,60,0.0,1.0,0.37370695725223685,0.37051036681999766,0.37370695725223685,0.37051036681999766,0.37184808730895164
T753,24001,72,0.0,1.0,1.2834077110091109,1.3173590111750304,1.2834077110091109,1.3173590111750304,1.303039889213763
T754,24001,60,1.0,1.0,0.3735422671211166,0.37767459160056105,0.37767459160056105,0.37767459160056105,0.3763035689189361
T754,24001,72,1.0,1.0,0.3118192358289021,0.2922639554222663,0.2922639554222663,0.2922639554222663,0.29869737277646635
T755,24001,60,0.2,1.0,0.6704531227946527,0.6543203971492323,0.667143872351995,0.6543203971492323,0.656974589033681
T755,24001,72,0.2,1.0,0.4758935686310942,0.4727342573947226,0.47525850186730995,0.4727342573947226,0.47325498295833485
T756,24001,60,1.0,1.0,0.5919687103564959,0.60179960781012,0.60179960781012,0.60179960781012,0.599341883446714
T756,24001,72,1.0,1.0,0.8419497379636125,0.8366921827240177,0.8366921827240177,0.8366921827240177,0.8380065715339166
T757,24001,60,0.0,1.0,0.32082393456345115,0.3161103929923394,0.32082393456345115,0.3161103929923394,0.31700084318805144
T757,24001,72,0.0,1.0,0.48328287429740796,0.46676953918102354,0.48328287429740796,0.46676953918102354,0.46986981836410663
T758,24001,60,0.0,1.0,1.2861583133926435,1.2922617814878081,1.2861583133926435,1.2922617814878081,1.2916468793814264
T758,24001,72,0.0,1.0,1.6321515523633843,1.5283888401295747,1.6321515523633843,1.5283888401295747,1.5382408733117707
T759,24001,60,1.0,1.0,0.3858124644015042,0.35603728783583355,0.35603728783583355,0.35603728783583355,0.3654994246202666
T759,24001,72,1.0,1.0,0.723436971528074,0.7249393489763386,0.7249393489763386,0.7249393489763386,0.7244497989038372
T76,24001,60,1.0,1.0,0.7209490740015606,0.7337140267930493,0.7337140267930493,0.7337140267930493,0.7289471148927784
T76,24001,72,1.0,1.0,0.529437018073361,0.5308738404762996,0.5308738404762996,0.5308738404762996,0.5303084591088056
T760,24001,60,1.0,1.0,0.5022764028081858,0.443635359624443,0.443635359624443,0.443635359624443,0.46120160947334543
T760,24001,72,1.0,1.0,0.23201100860831217,0.21863364258490164,0.21863364258490164,0.21863364258490164,0.22248620274279113
T761,24001,60,1.0,1.0,0.3874201019991651,0.37593338468775767,0.37593338468775767,0.37593338468775767,0.3781717604239061
T761,24001,72,1.0,1.0,0.5120046909346673,0.3946664322917695,0.3946664322917695,0.3946664322917695,0.41722757424072243
T762,24001,60,1.0,1.0,0.41313996861198493,0.4105289678655665,0.4105289678655665,0.4105289678655665,0.411504170972122
T762,24001,72,1.0,1.0,0.7301498397436789,0.698691842316367,0.698691842316367,0.698691842316367,0.710457833962242
T763,24001,60,1.0,1.0,0.7978971944890072,0.8011897455426582,0.8011897455426582,0.8011897455426582,0.8006702199786261
T763,24001,72,1.0,1.0,0.37134089151174493,0.3605818075617752,0.3605818075617752,0.3605818075617752,0.3621892821272814
T764,24001,60,1.0,1.0,0.4588477882956482,0.4594069381279851,0.4594069381279851,0.4594069381279851,0.45912006852570897
T764,24001,72,1.0,1.0,0.2595996440448366,0.25940825903484255,0.25940825903484255,0.25940825903484255,0.25947272136218125
T765,24001,60,1.0,1.0,0.4879899807066325,0.463720449596147,0.463720449596147,0.463720449596147,0.47401882053615924
T765,24001,72,1.0,1.0,0.36007549048634285,0.3821355018510737,0.3821355018510737,0.3821355018510737,0.37274295980274924
T766,24001,60,0.0,1.0,0.6121773840033934,0.5654222476592268,0.6121773840033934,0.5654222476592268,0.5848074287158369
T766,24001,72,0.0,1.0,0.315975081238412,0.3141018742339283,0.315975081238412,0.3141018742339283,0.3148656674987541
T767,24001,60,1.0,1.0,0.28709201891788905,0.2772446681160621,0.2772446681160621,0.2772446681160621,0.27841728878271227
T767,24001,72,1.0,1.0,0.27470737755263663,0.273729237102585,0.273729237102585,0.273729237102585,0.27384661395659116
T77,24001,60,1.0,1.0,0.7219938601250135,0.6991699825939619,0.6991699825939619,0.6991699825939619,0.706912948704916
T77,24001,72,1.0,1.0,0.8453696338755518,0.8425322070206668,0.8425322070206668,0.8425322070206668,0.8434790773004133
T78,24001,60,1.0,1.0,0.37123712002763326,0.36049102372628755,0.36049102372628755,0.36049102372628755,0.36312359187867005
T78,24001,72,1.0,1.0,0.5087068916725197,0.5081178313993191,0.5081178313993191,0.5081178313993191,0.5082572108220065
T79,24001,60,1.0,1.0,0.6236250671863292,0.6111954672869897,0.6111954672869897,0.6111954672869897,0.6155458272517587
T79,24001,72,1.0,1.0,0.8333058514307099,0.842780381267477,0.842780381267477,0.842780381267477,0.8394642958246086
T8,24001,60,0.8,1.0,0.6704890456514006,0.6770408677891974,0.6756263615531667,0.6770408677891974,0.6749176812260935
T8,24001,72,0.8,1.0,1.0836943861811519,1.1138529259599528,1.1076194484068353,1.1138529259599528,1.1041315738716615
T80,24001,60,1.0,1.0,0.8285198538565667,0.835248039143926,0.835248039143926,0.835248039143926,0.8333851385540656
T80,24001,72,1.0,1.0,0.673339943902437,0.6788772667321686,0.6788772667321686,0.6788772667321686,0.6773382958050453
T81,24001,60,1.0,1.0,0.8913282937063779,0.8696193403050395,0.8696193403050395,0.8696193403050395,0.8737350706719672
T81,24001,72,1.0,1.0,0.9006124613481227,0.9011349693807891,0.9011349693807891,0.9011349693807891,0.9010175633875906
T82,24001,60,1.0,1.0,0.7957151244632937,0.8289213537786424,0.8289213537786424,0.8289213537786424,0.8222801079155728
T82,24001,72,1.0,1.0,0.6202064525360815,0.5993319106052895,0.5993319106052895,0.5993319106052895,0.603506818991448
T83,24001,60,1.0,1.0,0.7930310893552373,0.7885388685847509,0.7885388685847509,0.7885388685847509,0.7901111458544212
T83,24001,72,1.0,1.0,0.7023775399744593,0.699631962175673,0.699631962175673,0.699631962175673,0.7005929144052481
T84,24001,60,1.0,1.0,0.9490993926782181,0.913138727638473,0.913138727638473,0.913138727638473,0.9221288938984091
T84,24001,72,1.0,1.0,0.6374414927715445,0.6382807337104531,0.6382807337104531,0.6382807337104531,0.6380709234757258
T85,24001,60,1.0,1.0,1.5446461988682463,1.5587062499152204,1.5587062499152204,1.5587062499152204,1.5551912371534768
T85,24001,72,1.0,1.0,1.340356277149653,1.3320141549164783,1.3320141549164783,1.3320141549164783,1.3340996854747718
T86,24001,60,1.0,1.0,0.7780712058122121,0.7290629893919581,0.7290629893919581,0.7290629893919581,0.7437654543180343
T86,24001,72,1.0,1.0,0.7230278138785147,0.7287861478327703,0.7287861478327703,0.7287861478327703,0.7270586476464934
T87,24001,60,1.0,1.0,0.39510811996124856,0.37164776390058823,0.37164776390058823,0.37164776390058823,0.3775128529157533
T87,24001,72,1.0,1.0,0.515074127986791,0.5051743985978484,0.5051743985978484,0.5051743985978484,0.507649330945084
T88,24001,60,1.0,1.0,0.9577442366596821,0.9331992597760694,0.9331992597760694,0.9331992597760694,0.9385489751547039
T88,24001,72,1.0,1.0,0.6894216099587038,0.6786929270153,0.6786929270153,0.6786929270153,0.6810009346348646
T89,24001,60,1.0,1.0,0.4544355682019542,0.4378204259015737,0.4378204259015737,0.4378204259015737,0.4423588440703449
T89,24001,72,1.0,1.0,0.47801328732493176,0.45627686573211296,0.45627686573211296,0.45627686573211296,0.46255912185589754
T9,24001,60,1.0,1.0,0.8536544762505024,0.8602386283422606,0.8602386283422606,0.8602386283422606,0.8584716368581548
T9,24001,72,1.0,1.0,0.4898687581508179,0.49294125087113855,0.49294125087113855,0.49294125087113855,0.4921218321273577
T90,24001,60,0.0,1.0,0.5231575852266886,0.4832124823583565,0.5231575852266886,0.4832124823583565,0.4915848393543101
T90,24001,72,0.0,1.0,0.5286596161887416,0.5224981688987625,0.5286596161887416,0.5224981688987625,0.5237579852016984
T91,24001,60,0.6,1.0,0.8859118902287496,0.8587722404541345,0.8696281003639806,0.8587722404541345,0.8644715669068036
T91,24001,72,0.6,1.0,0.6007980061678693,0.5923754563806601,0.5951583816380379,0.5923754563806601,0.5941258144635599
T92,24001,60,0.7,1.0,0.9306804719362229,0.8607167509613977,0.8814429630294892,0.8607167509613977,0.8887022393513277
T92,24001,72,0.7,1.0,0.5009496748729915,0.4833340845055449,0.4883272228447317,0.4833340845055449,0.4903803206525235
T93,24001,60,0.0,1.0,0.4271267824179598,0.4280553241115877,0.4271267824179598,0.4280553241115877,0.42775173514624154
T93,24001,72,0.0,1.0,0.6017571806453014,0.588246704511496,0.6017571806453014,0.588246704511496,0.592155960501567
T94,24001,60,0.0,1.0,0.8306845148372527,0.8271464041985918,0.8306845148372527,0.8271464041985918,0.8284642876289026
T94,24001,72,0.0,1.0,0.8309412897655452,0.8165219198737939,0.8309412897655452,0.8165219198737939,0.822061144202219
T95,24001,60,0.2,1.0,0.8180729418497579,0.8037094451045673,0.8145504600728091,0.8037094451045673,0.8068103710637455
T95,24001,72,0.2,1.0,0.43914631909024027,0.45211999924804125,0.4409958223781482,0.45211999924804125,0.4491732825664081
T96,24001,60,1.0,1.0,0.6361929115453071,0.6248136661092609,0.6248136661092609,0.6248136661092609,0.6291800719354967
T96,24001,72,1.0,1.0,0.5205792200140261,0.5221606841522093,0.5221606841522093,0.5221606841522093,0.5215512550345889
T97,24001,60,1.0,1.0,0.2786376649839039,0.2843779505742817,0.2843779505742817,0.2843779505742817,0.28127319355188074
T97,24001,72,1.0,1.0,0.42532566077670125,0.40592208635324956,0.40592208635324956,0.40592208635324956,0.4163967461383006
T98,24001,60,1.0,1.0,0.42527174971825366,0.41816860947538714,0.41816860947538714,0.41816860947538714,0.41958923752396043
T98,24001,72,1.0,1.0,0.35438698431277055,0.32806414270322537,0.32806414270322537,0.32806414270322537,0.33332871102513445
T99,24001,60,1.0,1.0,0.3737222569879392,0.36571276584002327,0.36571276584002327,0.36571276584002327,0.3686346002400497
T99,24001,72,1.0,1.0,0.5384675027805145,0.5380146018949927,0.5380146018949927,0.5380146018949927,0.5381767172168932
